"","user_id","restaurant_id","rating"
"1","V0001","R015",4.24
"2","V0001","R029",5.1
"3","V0001","R038",4.25
"4","V0001","R018",4.82
"5","V0001","R049",7.46
"6","V0001","R036",2.87
"7","V0001","R004",4.98
"8","V0001","R010",4.5
"9","V0001","R050",5.59
"10","V0001","R011",1.86
"11","V0001","R027",6.46
"12","V0001","R017",3.24
"13","V0001","R032",3.41
"14","V0001","R044",4.3
"15","V0001","R012",6
"16","V0001","R008",3.64
"17","V0001","R007",3.14
"18","V0001","R042",3.46
"19","V0001","R009",4.86
"20","V0002","R019",3.38
"21","V0002","R009",2.03
"22","V0002","R004",1.34
"23","V0002","R035",1.35
"24","V0002","R044",2.39
"25","V0002","R043",3.43
"26","V0002","R001",1.52
"27","V0002","R011",3.56
"28","V0002","R036",3.98
"29","V0002","R033",2.59
"30","V0002","R045",3.43
"31","V0002","R038",3.92
"32","V0002","R027",3.14
"33","V0002","R002",2.44
"34","V0002","R021",2.38
"35","V0002","R025",1.2
"36","V0002","R029",3.29
"37","V0002","R041",3.75
"38","V0002","R008",2.87
"39","V0002","R030",0
"40","V0002","R032",3.43
"41","V0002","R003",3.99
"42","V0002","R017",2.17
"43","V0002","R010",4.11
"44","V0002","R031",4.09
"45","V0003","R039",4.44
"46","V0003","R036",4.38
"47","V0003","R031",6.62
"48","V0003","R010",5.43
"49","V0003","R021",4
"50","V0003","R038",3.69
"51","V0003","R024",3.63
"52","V0003","R003",4.39
"53","V0003","R002",5.35
"54","V0003","R005",5.1
"55","V0003","R006",4.68
"56","V0003","R043",6.35
"57","V0003","R034",4.31
"58","V0003","R018",5.69
"59","V0003","R033",6.5
"60","V0003","R026",3.87
"61","V0003","R023",5.69
"62","V0003","R011",4.49
"63","V0003","R037",5.14
"64","V0003","R017",4.8
"65","V0003","R049",4.18
"66","V0003","R019",3.78
"67","V0003","R029",4.55
"68","V0003","R044",4.93
"69","V0003","R041",7.48
"70","V0004","R014",3.47
"71","V0004","R033",5.07
"72","V0004","R022",2.32
"73","V0004","R013",4.06
"74","V0004","R032",3.21
"75","V0004","R031",2.74
"76","V0004","R004",2.57
"77","V0004","R046",5.09
"78","V0004","R035",4.31
"79","V0004","R042",3.98
"80","V0004","R049",2.11
"81","V0004","R027",3.9
"82","V0004","R017",4.04
"83","V0004","R021",4.92
"84","V0004","R020",3.91
"85","V0004","R043",5.1
"86","V0004","R024",3.78
"87","V0004","R018",5.36
"88","V0004","R015",3.52
"89","V0005","R045",3.71
"90","V0005","R002",4.65
"91","V0005","R003",3.19
"92","V0005","R017",3.74
"93","V0005","R040",3.48
"94","V0005","R009",1.99
"95","V0005","R030",2.68
"96","V0005","R046",3.57
"97","V0005","R018",5.5
"98","V0005","R029",1.54
"99","V0005","R048",2.76
"100","V0005","R037",2.85
"101","V0005","R041",3.26
"102","V0005","R011",2.91
"103","V0005","R026",2.4
"104","V0005","R050",0.41
"105","V0005","R043",3.1
"106","V0006","R009",2.91
"107","V0006","R021",1.64
"108","V0006","R019",2.16
"109","V0006","R012",3.66
"110","V0006","R027",3.16
"111","V0006","R007",3.28
"112","V0006","R046",1.05
"113","V0006","R025",2.37
"114","V0006","R006",2.64
"115","V0006","R030",3.92
"116","V0006","R029",3.59
"117","V0006","R047",1.23
"118","V0006","R038",2.83
"119","V0006","R037",2.25
"120","V0006","R008",2.45
"121","V0006","R024",1.15
"122","V0006","R043",1.7
"123","V0006","R039",3.77
"124","V0006","R049",2.87
"125","V0006","R013",1.6
"126","V0006","R028",0.3
"127","V0006","R010",2.14
"128","V0006","R034",3.44
"129","V0006","R004",3.53
"130","V0006","R036",1.16
"131","V0006","R015",3.13
"132","V0006","R001",2.3
"133","V0006","R044",2.48
"134","V0006","R035",2.04
"135","V0007","R005",3.07
"136","V0007","R050",4.04
"137","V0007","R008",3.09
"138","V0007","R020",3.12
"139","V0007","R022",2.4
"140","V0007","R044",3.69
"141","V0007","R036",0.73
"142","V0007","R032",2.73
"143","V0007","R017",3.36
"144","V0007","R040",3.96
"145","V0007","R018",2.46
"146","V0007","R029",2.35
"147","V0007","R011",1.7
"148","V0007","R024",3.56
"149","V0007","R041",4.24
"150","V0007","R039",2.95
"151","V0007","R027",3.35
"152","V0007","R007",1.1
"153","V0007","R025",4.85
"154","V0008","R004",3.84
"155","V0008","R005",4.14
"156","V0008","R048",1.91
"157","V0008","R003",3.23
"158","V0008","R028",1.74
"159","V0008","R050",3.91
"160","V0008","R019",3.09
"161","V0008","R041",2.2
"162","V0008","R029",2.44
"163","V0008","R026",3.15
"164","V0009","R037",4.26
"165","V0009","R002",5.89
"166","V0009","R046",5.2
"167","V0009","R013",4.91
"168","V0009","R007",5.6
"169","V0009","R033",4.08
"170","V0009","R006",3.1
"171","V0009","R031",5.14
"172","V0009","R032",6.82
"173","V0009","R010",5.38
"174","V0009","R035",5.69
"175","V0009","R009",5.54
"176","V0009","R023",5.92
"177","V0009","R019",4.84
"178","V0009","R025",6.11
"179","V0010","R004",2.8
"180","V0010","R019",1.45
"181","V0010","R005",1.64
"182","V0010","R029",2.95
"183","V0010","R028",2.74
"184","V0010","R013",2.79
"185","V0010","R037",2.68
"186","V0010","R010",4.71
"187","V0010","R015",2.31
"188","V0010","R032",4.57
"189","V0010","R023",4.31
"190","V0010","R039",1.81
"191","V0010","R021",3.31
"192","V0010","R041",2.84
"193","V0010","R043",4.88
"194","V0010","R035",5.28
"195","V0010","R006",3.34
"196","V0010","R011",6.35
"197","V0010","R017",3.66
"198","V0011","R047",2.28
"199","V0011","R036",3
"200","V0011","R004",2.72
"201","V0011","R005",3.9
"202","V0011","R035",2.46
"203","V0011","R022",1.54
"204","V0011","R037",4.03
"205","V0011","R044",3.15
"206","V0011","R018",4.16
"207","V0011","R027",2.32
"208","V0011","R025",3.03
"209","V0011","R026",4.01
"210","V0011","R032",1.63
"211","V0011","R021",2.36
"212","V0011","R041",0.31
"213","V0011","R013",2.55
"214","V0011","R028",1.11
"215","V0011","R009",1.88
"216","V0011","R003",0.97
"217","V0011","R007",3.07
"218","V0012","R009",3.37
"219","V0012","R005",3.91
"220","V0012","R048",4.71
"221","V0012","R047",5.26
"222","V0012","R028",3.76
"223","V0012","R045",2.4
"224","V0012","R015",2.67
"225","V0012","R002",3.97
"226","V0012","R023",2.84
"227","V0012","R034",3.01
"228","V0013","R031",3.48
"229","V0013","R004",4.24
"230","V0013","R032",4.04
"231","V0013","R002",2.17
"232","V0013","R038",3.13
"233","V0013","R011",2.21
"234","V0013","R035",2.91
"235","V0013","R020",2.9
"236","V0013","R041",2.65
"237","V0013","R029",3.24
"238","V0013","R015",3.29
"239","V0013","R026",3.22
"240","V0013","R008",2.56
"241","V0013","R005",3.35
"242","V0013","R012",2.88
"243","V0013","R039",4.26
"244","V0013","R003",3
"245","V0013","R050",2.4
"246","V0013","R040",2.18
"247","V0013","R016",3.25
"248","V0013","R027",3.3
"249","V0013","R023",3.61
"250","V0013","R017",2.96
"251","V0013","R022",1.5
"252","V0013","R030",2.92
"253","V0013","R014",3.77
"254","V0013","R013",3.28
"255","V0013","R010",3.43
"256","V0014","R025",2.56
"257","V0014","R017",3.03
"258","V0014","R030",1.48
"259","V0014","R048",3.63
"260","V0014","R008",2.49
"261","V0014","R034",0.76
"262","V0014","R043",2.27
"263","V0014","R047",2.53
"264","V0014","R045",2.81
"265","V0014","R024",1.32
"266","V0014","R036",2.48
"267","V0014","R020",2.73
"268","V0014","R041",2.34
"269","V0014","R022",1.31
"270","V0014","R004",1.52
"271","V0014","R027",2.86
"272","V0014","R002",1.37
"273","V0014","R040",1.92
"274","V0014","R050",3.45
"275","V0014","R038",2.05
"276","V0014","R039",2.76
"277","V0015","R015",1.89
"278","V0015","R013",3.16
"279","V0015","R022",2.9
"280","V0015","R017",1.34
"281","V0015","R040",6.12
"282","V0015","R011",4.8
"283","V0015","R007",5.79
"284","V0015","R006",4.17
"285","V0015","R003",4.97
"286","V0015","R033",6.42
"287","V0015","R031",4.83
"288","V0015","R038",4.34
"289","V0015","R034",4.66
"290","V0015","R012",5.35
"291","V0015","R009",4.69
"292","V0015","R032",4.11
"293","V0015","R048",3.83
"294","V0016","R047",2.73
"295","V0016","R035",7.04
"296","V0016","R036",0.94
"297","V0016","R016",4.51
"298","V0016","R048",4.91
"299","V0016","R038",2.93
"300","V0016","R046",4.33
"301","V0016","R031",4.07
"302","V0016","R021",4.72
"303","V0016","R005",4.27
"304","V0016","R028",3.94
"305","V0016","R007",4.14
"306","V0016","R033",4.86
"307","V0016","R034",3.95
"308","V0016","R013",4.46
"309","V0016","R002",4.71
"310","V0016","R050",3.06
"311","V0016","R024",4.96
"312","V0016","R043",4.64
"313","V0016","R020",3.77
"314","V0016","R017",3.95
"315","V0017","R017",3.98
"316","V0017","R034",4.52
"317","V0017","R016",3.33
"318","V0017","R039",1.86
"319","V0017","R021",3.67
"320","V0017","R010",4.83
"321","V0017","R049",2.76
"322","V0017","R031",4.05
"323","V0017","R019",4.13
"324","V0017","R006",3.02
"325","V0017","R008",2.86
"326","V0017","R035",2.81
"327","V0017","R022",1.36
"328","V0017","R004",2.38
"329","V0017","R002",3.72
"330","V0017","R013",2.5
"331","V0017","R036",1.18
"332","V0017","R050",3.92
"333","V0017","R043",2.91
"334","V0017","R047",1.11
"335","V0018","R046",4.7
"336","V0018","R022",2.85
"337","V0018","R010",5.22
"338","V0018","R026",4.7
"339","V0018","R040",2.79
"340","V0018","R050",2.66
"341","V0018","R023",6.7
"342","V0018","R042",4.19
"343","V0018","R012",6.95
"344","V0018","R024",5.99
"345","V0018","R049",4.5
"346","V0018","R033",3.7
"347","V0018","R028",1.79
"348","V0018","R045",1.14
"349","V0018","R015",5.39
"350","V0019","R047",2.85
"351","V0019","R011",2.77
"352","V0019","R013",2.35
"353","V0019","R005",5.13
"354","V0019","R048",4.62
"355","V0019","R022",1.85
"356","V0019","R016",5
"357","V0019","R007",4.89
"358","V0019","R026",3.65
"359","V0019","R032",3.64
"360","V0019","R008",0.7
"361","V0019","R035",3.54
"362","V0020","R047",2.6
"363","V0020","R012",2.96
"364","V0020","R040",2.98
"365","V0020","R042",2.42
"366","V0020","R048",3.09
"367","V0020","R022",2.31
"368","V0020","R039",3.03
"369","V0020","R019",2.4
"370","V0020","R005",3.86
"371","V0020","R008",2.51
"372","V0020","R013",1.56
"373","V0020","R038",2.21
"374","V0020","R017",2.39
"375","V0020","R034",1.23
"376","V0020","R033",1.13
"377","V0020","R006",1.78
"378","V0020","R002",3.16
"379","V0021","R027",2.55
"380","V0021","R042",3.82
"381","V0021","R031",3.9
"382","V0021","R011",2.79
"383","V0021","R041",2.62
"384","V0021","R043",4.04
"385","V0021","R012",5.46
"386","V0021","R007",3.11
"387","V0021","R044",3.59
"388","V0021","R001",5.32
"389","V0021","R050",2.95
"390","V0021","R034",5.7
"391","V0021","R002",3.18
"392","V0021","R021",2.88
"393","V0021","R036",4.76
"394","V0021","R019",3.92
"395","V0021","R035",5.12
"396","V0021","R040",3.22
"397","V0022","R042",4.14
"398","V0022","R031",1.81
"399","V0022","R041",4.03
"400","V0022","R049",2.51
"401","V0022","R022",1.95
"402","V0022","R016",3.38
"403","V0022","R025",4.86
"404","V0022","R007",2.11
"405","V0022","R035",2.25
"406","V0022","R010",2.92
"407","V0022","R003",3.54
"408","V0022","R018",3.02
"409","V0022","R004",5.47
"410","V0022","R006",3.36
"411","V0022","R008",3.02
"412","V0022","R043",3.54
"413","V0022","R027",2.22
"414","V0022","R017",3.78
"415","V0022","R034",2.28
"416","V0022","R044",2.22
"417","V0022","R005",3.59
"418","V0022","R021",3.29
"419","V0022","R012",2.1
"420","V0022","R028",3.89
"421","V0022","R026",1.03
"422","V0023","R048",4.84
"423","V0023","R014",3.32
"424","V0023","R034",2.49
"425","V0023","R019",0
"426","V0023","R039",3.72
"427","V0023","R003",2.96
"428","V0023","R036",3.39
"429","V0023","R038",2.05
"430","V0023","R001",5.06
"431","V0023","R026",3.42
"432","V0023","R017",4.68
"433","V0023","R043",4.35
"434","V0023","R010",4.63
"435","V0023","R004",4.75
"436","V0023","R023",4
"437","V0023","R041",5.56
"438","V0023","R022",2.59
"439","V0023","R032",2.4
"440","V0023","R028",5.14
"441","V0023","R016",3.75
"442","V0023","R031",5.17
"443","V0023","R027",3.39
"444","V0023","R044",4.18
"445","V0023","R030",3.69
"446","V0023","R040",1.96
"447","V0024","R035",0.81
"448","V0024","R025",1.99
"449","V0024","R013",2.71
"450","V0024","R029",3.34
"451","V0024","R004",1.99
"452","V0024","R008",3.57
"453","V0024","R018",2.77
"454","V0024","R048",3.51
"455","V0024","R030",3.05
"456","V0024","R003",2.78
"457","V0024","R039",2.82
"458","V0024","R001",4.07
"459","V0024","R043",1.47
"460","V0024","R044",4.04
"461","V0024","R016",2.28
"462","V0024","R027",3.84
"463","V0024","R033",2.61
"464","V0024","R032",2.2
"465","V0024","R049",4.66
"466","V0024","R022",2.98
"467","V0024","R042",4.04
"468","V0024","R010",2.73
"469","V0024","R017",1.98
"470","V0024","R019",1.29
"471","V0024","R011",3.87
"472","V0024","R038",3.2
"473","V0024","R005",3.77
"474","V0025","R030",4.39
"475","V0025","R032",2.56
"476","V0025","R022",3.44
"477","V0025","R046",3.9
"478","V0025","R017",3.11
"479","V0025","R027",1.94
"480","V0025","R019",3.65
"481","V0025","R007",3.44
"482","V0025","R033",3.05
"483","V0025","R024",2.76
"484","V0025","R044",2.76
"485","V0025","R049",3.52
"486","V0025","R010",0.95
"487","V0025","R002",1.91
"488","V0026","R044",3.02
"489","V0026","R016",6.32
"490","V0026","R004",4.45
"491","V0026","R011",2.9
"492","V0026","R041",4.53
"493","V0026","R019",1.04
"494","V0026","R024",3.41
"495","V0026","R021",3.02
"496","V0026","R031",4.77
"497","V0026","R042",3.95
"498","V0026","R047",3.21
"499","V0026","R017",3.2
"500","V0026","R025",5.14
"501","V0026","R002",2.72
"502","V0026","R013",3.81
"503","V0026","R048",3.27
"504","V0026","R038",3.61
"505","V0026","R014",2.79
"506","V0026","R043",2.9
"507","V0026","R003",4.83
"508","V0026","R008",5.08
"509","V0026","R046",5.37
"510","V0026","R018",3.88
"511","V0027","R017",4.94
"512","V0027","R001",3.87
"513","V0027","R044",2.29
"514","V0027","R047",3.98
"515","V0027","R021",0.8
"516","V0027","R046",3.7
"517","V0027","R003",3.09
"518","V0027","R024",0.38
"519","V0027","R039",2.75
"520","V0027","R008",3.36
"521","V0027","R010",3.06
"522","V0027","R030",4.36
"523","V0027","R004",3.08
"524","V0027","R007",1.71
"525","V0027","R019",2.31
"526","V0027","R027",3.1
"527","V0027","R009",0.38
"528","V0027","R040",2.71
"529","V0027","R012",3.84
"530","V0027","R045",2.52
"531","V0028","R016",3.61
"532","V0028","R025",1.48
"533","V0028","R048",4.48
"534","V0028","R022",1.22
"535","V0028","R030",4.01
"536","V0028","R044",2.63
"537","V0028","R009",2.54
"538","V0028","R001",5.1
"539","V0028","R028",3.22
"540","V0028","R050",1.99
"541","V0028","R012",3.48
"542","V0028","R024",2.77
"543","V0028","R019",1.89
"544","V0028","R036",3.52
"545","V0028","R045",5.23
"546","V0029","R050",2.81
"547","V0029","R039",2.28
"548","V0029","R012",6.03
"549","V0029","R027",3.82
"550","V0029","R046",4.12
"551","V0029","R010",3.82
"552","V0029","R034",4.11
"553","V0029","R013",3.95
"554","V0029","R009",4.38
"555","V0029","R022",3.88
"556","V0029","R024",5.33
"557","V0029","R015",4.5
"558","V0029","R038",4.1
"559","V0029","R045",4.59
"560","V0029","R048",4.38
"561","V0029","R014",4.2
"562","V0029","R026",3.94
"563","V0029","R020",5.35
"564","V0029","R007",3.93
"565","V0029","R002",3.1
"566","V0029","R032",5.82
"567","V0029","R033",3.04
"568","V0029","R036",4.43
"569","V0029","R035",2.72
"570","V0029","R040",5.93
"571","V0029","R030",3.56
"572","V0029","R005",6.42
"573","V0030","R001",1.44
"574","V0030","R044",1.04
"575","V0030","R031",2.31
"576","V0030","R038",2.7
"577","V0030","R049",2.91
"578","V0030","R002",2.6
"579","V0030","R010",2.24
"580","V0030","R019",2.43
"581","V0030","R016",3.35
"582","V0030","R004",2.84
"583","V0030","R007",3.59
"584","V0030","R027",4.96
"585","V0030","R014",2.77
"586","V0030","R020",3.14
"587","V0030","R035",3.63
"588","V0030","R039",2.45
"589","V0030","R026",3.49
"590","V0030","R042",3.14
"591","V0030","R045",2.31
"592","V0030","R040",2.06
"593","V0030","R043",2.93
"594","V0030","R011",1.74
"595","V0030","R034",2.18
"596","V0031","R030",2.33
"597","V0031","R033",3.09
"598","V0031","R019",2.35
"599","V0031","R005",1.66
"600","V0031","R041",4.29
"601","V0031","R016",2.73
"602","V0031","R009",2.97
"603","V0031","R032",3.9
"604","V0031","R012",2.83
"605","V0031","R026",1.9
"606","V0031","R039",1
"607","V0031","R043",2.07
"608","V0031","R031",3.94
"609","V0031","R013",3.26
"610","V0031","R048",3.57
"611","V0031","R044",2.58
"612","V0031","R018",3.22
"613","V0031","R035",3.05
"614","V0032","R050",4.97
"615","V0032","R030",4.19
"616","V0032","R018",6.01
"617","V0032","R014",3.74
"618","V0032","R021",2.78
"619","V0032","R024",3.49
"620","V0032","R048",5.14
"621","V0032","R040",4.37
"622","V0032","R046",4.53
"623","V0032","R002",4.45
"624","V0032","R025",4.55
"625","V0032","R039",2.69
"626","V0033","R036",3.63
"627","V0033","R017",4.46
"628","V0033","R013",4.04
"629","V0033","R016",3.75
"630","V0033","R005",0.66
"631","V0033","R031",5.16
"632","V0033","R020",4.29
"633","V0033","R032",3.07
"634","V0033","R002",3.73
"635","V0033","R004",5.42
"636","V0034","R042",2.72
"637","V0034","R008",2.05
"638","V0034","R012",1.54
"639","V0034","R044",1.75
"640","V0034","R001",4.15
"641","V0034","R028",3.27
"642","V0034","R037",3.62
"643","V0034","R025",2.16
"644","V0034","R013",3.92
"645","V0034","R048",1.78
"646","V0034","R009",3.31
"647","V0034","R007",2.66
"648","V0034","R045",3.63
"649","V0034","R006",3.31
"650","V0034","R010",1.07
"651","V0034","R027",4.02
"652","V0034","R017",2.19
"653","V0035","R046",1.08
"654","V0035","R045",1.39
"655","V0035","R017",2.96
"656","V0035","R025",5.23
"657","V0035","R035",4.62
"658","V0035","R008",4.1
"659","V0035","R003",3.05
"660","V0035","R013",3.15
"661","V0035","R050",3.53
"662","V0035","R007",3.73
"663","V0035","R001",3
"664","V0035","R006",3.18
"665","V0035","R047",1.91
"666","V0035","R011",4.75
"667","V0035","R012",3.6
"668","V0035","R040",3.73
"669","V0035","R004",5.04
"670","V0035","R036",3.55
"671","V0035","R029",2.05
"672","V0035","R026",0.66
"673","V0035","R014",3.25
"674","V0035","R027",4.15
"675","V0035","R049",3.35
"676","V0035","R030",3.25
"677","V0035","R048",3.82
"678","V0035","R018",2.99
"679","V0035","R034",2.96
"680","V0035","R023",2.88
"681","V0035","R024",3.55
"682","V0035","R020",5.04
"683","V0036","R047",1.88
"684","V0036","R040",5.59
"685","V0036","R018",2.5
"686","V0036","R035",3.57
"687","V0036","R050",3.12
"688","V0036","R024",1.96
"689","V0036","R009",2.09
"690","V0036","R005",3.83
"691","V0036","R021",3.14
"692","V0036","R003",5.31
"693","V0036","R022",2.66
"694","V0036","R001",5.41
"695","V0036","R013",4.81
"696","V0036","R048",4.04
"697","V0036","R002",4.11
"698","V0036","R027",3.21
"699","V0036","R046",1.94
"700","V0036","R026",3.29
"701","V0036","R011",3.77
"702","V0036","R037",1.98
"703","V0036","R014",3.63
"704","V0036","R036",4.49
"705","V0036","R010",3.15
"706","V0036","R017",5.32
"707","V0036","R016",3.07
"708","V0037","R046",2.18
"709","V0037","R005",2.8
"710","V0037","R008",1.74
"711","V0037","R044",1.4
"712","V0037","R025",3.52
"713","V0037","R043",3.94
"714","V0037","R045",2.93
"715","V0037","R024",3.87
"716","V0037","R010",3.49
"717","V0037","R011",4.49
"718","V0037","R019",0.35
"719","V0037","R012",3.82
"720","V0037","R028",4.68
"721","V0037","R030",3.41
"722","V0037","R023",1.74
"723","V0038","R035",2.08
"724","V0038","R033",1.85
"725","V0038","R010",1.79
"726","V0038","R017",3.77
"727","V0038","R003",3.03
"728","V0038","R038",3.92
"729","V0038","R032",1.62
"730","V0038","R040",1.99
"731","V0038","R023",3.34
"732","V0038","R013",3.82
"733","V0038","R005",3.89
"734","V0038","R022",3.64
"735","V0039","R005",2.6
"736","V0039","R007",3.98
"737","V0039","R031",2.18
"738","V0039","R010",5.14
"739","V0039","R008",3.19
"740","V0039","R033",4.58
"741","V0039","R017",1.25
"742","V0039","R024",3.05
"743","V0039","R009",4.97
"744","V0039","R038",3.84
"745","V0039","R012",3.25
"746","V0039","R023",3.72
"747","V0039","R011",4.24
"748","V0039","R039",3.76
"749","V0039","R001",3.02
"750","V0039","R040",2.41
"751","V0039","R042",3.41
"752","V0039","R044",3.73
"753","V0039","R041",2.22
"754","V0039","R035",3.1
"755","V0039","R027",3.88
"756","V0039","R014",3.8
"757","V0039","R034",2.8
"758","V0039","R019",3.32
"759","V0039","R003",4.4
"760","V0039","R047",3.05
"761","V0040","R011",5.49
"762","V0040","R024",4.83
"763","V0040","R009",4.1
"764","V0040","R017",4.38
"765","V0040","R003",3.4
"766","V0040","R026",4.63
"767","V0040","R028",1.62
"768","V0040","R008",6.16
"769","V0040","R039",3.21
"770","V0040","R036",1.62
"771","V0040","R042",3.01
"772","V0040","R031",3.17
"773","V0041","R048",3.33
"774","V0041","R003",3.98
"775","V0041","R014",3.51
"776","V0041","R015",3.26
"777","V0041","R047",1.46
"778","V0041","R049",2.7
"779","V0041","R041",4.07
"780","V0041","R001",4.83
"781","V0041","R017",2.07
"782","V0041","R030",0.99
"783","V0041","R024",3.15
"784","V0041","R025",3.67
"785","V0041","R009",3.76
"786","V0041","R042",4.25
"787","V0041","R023",3.05
"788","V0041","R002",1.44
"789","V0041","R022",0.92
"790","V0041","R029",1.22
"791","V0041","R037",2.76
"792","V0041","R034",3.32
"793","V0041","R019",1.94
"794","V0041","R027",4.4
"795","V0041","R031",3.99
"796","V0041","R044",2.89
"797","V0041","R028",3.29
"798","V0042","R016",5.87
"799","V0042","R001",4.9
"800","V0042","R012",4.74
"801","V0042","R028",2.87
"802","V0042","R029",4.47
"803","V0042","R023",4.8
"804","V0042","R019",4.35
"805","V0042","R032",2.93
"806","V0042","R045",3.57
"807","V0042","R024",2.43
"808","V0043","R047",0.83
"809","V0043","R022",3.13
"810","V0043","R035",1.6
"811","V0043","R029",3.05
"812","V0043","R008",1.66
"813","V0043","R019",1.71
"814","V0043","R045",2.31
"815","V0043","R021",2.13
"816","V0043","R032",1.68
"817","V0043","R009",2.27
"818","V0043","R049",3
"819","V0043","R013",3.2
"820","V0043","R048",4.41
"821","V0043","R026",3.54
"822","V0043","R043",1.54
"823","V0043","R036",2.77
"824","V0043","R015",2.6
"825","V0043","R046",2.92
"826","V0043","R003",3.48
"827","V0043","R037",3.34
"828","V0043","R017",3.17
"829","V0043","R030",2.95
"830","V0043","R040",1.59
"831","V0043","R010",0.19
"832","V0043","R001",3.59
"833","V0043","R034",3.22
"834","V0044","R020",6.69
"835","V0044","R044",4.73
"836","V0044","R034",6.17
"837","V0044","R018",6.25
"838","V0044","R014",8.07
"839","V0044","R047",5.39
"840","V0044","R038",3.96
"841","V0044","R037",4.66
"842","V0044","R042",3.89
"843","V0044","R033",3.94
"844","V0044","R028",2.54
"845","V0044","R032",5.31
"846","V0044","R026",3.98
"847","V0044","R045",4.1
"848","V0044","R025",6.1
"849","V0045","R044",2.99
"850","V0045","R048",3.53
"851","V0045","R042",3.62
"852","V0045","R049",6.82
"853","V0045","R005",3.08
"854","V0045","R036",4.75
"855","V0045","R008",4.34
"856","V0045","R032",5.39
"857","V0045","R015",3.2
"858","V0045","R038",3.08
"859","V0045","R024",5.82
"860","V0045","R033",5.1
"861","V0045","R001",4.02
"862","V0045","R003",4.23
"863","V0045","R017",4.27
"864","V0045","R043",4.51
"865","V0045","R014",4.15
"866","V0045","R037",2.78
"867","V0045","R046",6.35
"868","V0045","R021",3.41
"869","V0045","R025",4.83
"870","V0045","R045",4.36
"871","V0045","R022",2.16
"872","V0045","R013",3
"873","V0045","R011",3.72
"874","V0045","R019",0.72
"875","V0045","R009",4.05
"876","V0045","R016",4.76
"877","V0046","R002",1.99
"878","V0046","R009",1.82
"879","V0046","R030",2.91
"880","V0046","R033",1.32
"881","V0046","R019",1.97
"882","V0046","R018",2.26
"883","V0046","R029",1.8
"884","V0046","R001",3.77
"885","V0046","R020",3.65
"886","V0046","R011",3.85
"887","V0046","R048",4.82
"888","V0047","R004",3.88
"889","V0047","R036",4.13
"890","V0047","R005",1.91
"891","V0047","R011",4.23
"892","V0047","R042",0.94
"893","V0047","R031",4.98
"894","V0047","R019",1.07
"895","V0047","R049",3.43
"896","V0047","R020",4.45
"897","V0047","R035",3.86
"898","V0047","R017",1.81
"899","V0047","R041",4.67
"900","V0047","R029",2.85
"901","V0047","R022",2.66
"902","V0047","R006",3.69
"903","V0047","R013",4.78
"904","V0047","R037",0.96
"905","V0047","R048",3.8
"906","V0047","R010",3.89
"907","V0047","R034",6.13
"908","V0047","R039",2.7
"909","V0048","R012",3.99
"910","V0048","R019",1.14
"911","V0048","R004",2.24
"912","V0048","R047",2.61
"913","V0048","R042",2.73
"914","V0048","R023",2.04
"915","V0048","R020",1.74
"916","V0048","R024",2.51
"917","V0048","R013",2.1
"918","V0048","R011",5.49
"919","V0048","R009",3.47
"920","V0048","R001",4.31
"921","V0048","R050",3.95
"922","V0048","R048",3.78
"923","V0048","R026",3.12
"924","V0048","R022",2.55
"925","V0048","R010",2.18
"926","V0048","R038",3.64
"927","V0049","R025",4.78
"928","V0049","R012",3.74
"929","V0049","R003",2.98
"930","V0049","R044",2.89
"931","V0049","R017",1.82
"932","V0049","R023",3.63
"933","V0049","R046",2.55
"934","V0049","R002",2.85
"935","V0049","R038",3.28
"936","V0049","R015",2.76
"937","V0049","R032",1.63
"938","V0049","R009",3.83
"939","V0049","R021",2.12
"940","V0049","R007",2.59
"941","V0049","R022",2.02
"942","V0049","R006",2.14
"943","V0049","R045",2.92
"944","V0049","R042",3.31
"945","V0049","R033",3.11
"946","V0050","R006",5.25
"947","V0050","R038",4.11
"948","V0050","R033",3.71
"949","V0050","R019",3.55
"950","V0050","R007",4.07
"951","V0050","R049",2.23
"952","V0050","R040",4.77
"953","V0050","R001",5.27
"954","V0050","R037",2.08
"955","V0050","R020",5.63
"956","V0050","R028",2.83
"957","V0050","R043",3.21
"958","V0050","R015",6.43
"959","V0050","R009",3.35
"960","V0050","R023",2.13
"961","V0050","R013",3.49
"962","V0050","R047",3.72
"963","V0050","R004",5.44
"964","V0050","R003",4.37
"965","V0050","R026",3.54
"966","V0050","R002",2.97
"967","V0050","R044",4.44
"968","V0050","R029",2.69
"969","V0050","R034",4.61
"970","V0050","R014",3.49
"971","V0050","R041",1.97
"972","V0050","R016",4.93
"973","V0051","R018",1.69
"974","V0051","R028",0
"975","V0051","R042",1.39
"976","V0051","R014",0
"977","V0051","R049",3.46
"978","V0051","R040",1.92
"979","V0051","R033",3.67
"980","V0051","R012",5.39
"981","V0051","R035",1.93
"982","V0051","R029",1.38
"983","V0051","R032",2.75
"984","V0051","R026",2.59
"985","V0051","R038",2.53
"986","V0051","R015",3.06
"987","V0051","R031",3.52
"988","V0051","R027",2.37
"989","V0051","R043",2.07
"990","V0051","R019",2.41
"991","V0051","R037",3.96
"992","V0051","R008",0.2
"993","V0051","R013",2.52
"994","V0051","R001",1.98
"995","V0051","R007",2.08
"996","V0051","R036",1.43
"997","V0051","R024",0.99
"998","V0052","R006",2.27
"999","V0052","R005",3.91
"1000","V0052","R047",3.28
"1001","V0052","R050",4.07
"1002","V0052","R037",3.68
"1003","V0052","R038",3.89
"1004","V0052","R014",2.56
"1005","V0052","R041",2.57
"1006","V0052","R029",2.14
"1007","V0052","R025",2.86
"1008","V0052","R012",4.56
"1009","V0052","R018",2.88
"1010","V0052","R004",4.13
"1011","V0052","R035",3.48
"1012","V0052","R048",2.78
"1013","V0052","R002",3.71
"1014","V0052","R008",3.81
"1015","V0052","R013",2.96
"1016","V0052","R010",4.48
"1017","V0053","R011",5.03
"1018","V0053","R017",5.38
"1019","V0053","R040",4.39
"1020","V0053","R014",3.33
"1021","V0053","R012",4.78
"1022","V0053","R005",4.26
"1023","V0053","R002",2.41
"1024","V0053","R034",4.67
"1025","V0053","R038",2.67
"1026","V0053","R006",3.51
"1027","V0053","R031",5.03
"1028","V0053","R044",4.72
"1029","V0054","R017",3.8
"1030","V0054","R008",3.32
"1031","V0054","R023",2.17
"1032","V0054","R042",3.23
"1033","V0054","R005",3.46
"1034","V0054","R045",1.1
"1035","V0054","R028",2.89
"1036","V0054","R015",3.96
"1037","V0054","R014",2.29
"1038","V0054","R049",3.36
"1039","V0054","R043",4.93
"1040","V0054","R047",2.09
"1041","V0054","R038",3.72
"1042","V0055","R019",2.27
"1043","V0055","R049",1.12
"1044","V0055","R044",4.04
"1045","V0055","R033",3.09
"1046","V0055","R002",4.38
"1047","V0055","R040",3.06
"1048","V0055","R036",4.31
"1049","V0055","R017",1.83
"1050","V0055","R046",2.01
"1051","V0055","R034",2.83
"1052","V0056","R013",4.91
"1053","V0056","R028",3.01
"1054","V0056","R021",3.17
"1055","V0056","R038",2.31
"1056","V0056","R005",3.95
"1057","V0056","R036",3.59
"1058","V0056","R016",3.81
"1059","V0056","R035",3.57
"1060","V0056","R039",2.29
"1061","V0056","R034",3.8
"1062","V0056","R009",3.72
"1063","V0056","R029",4.17
"1064","V0056","R015",2.86
"1065","V0056","R033",4.48
"1066","V0056","R024",2.79
"1067","V0056","R008",3.84
"1068","V0056","R040",7.73
"1069","V0056","R011",5.26
"1070","V0056","R032",4.71
"1071","V0056","R026",5.44
"1072","V0056","R003",3.48
"1073","V0056","R006",3.6
"1074","V0057","R016",4.06
"1075","V0057","R020",4.5
"1076","V0057","R035",3.5
"1077","V0057","R038",3.58
"1078","V0057","R042",4.45
"1079","V0057","R047",3.6
"1080","V0057","R034",6.47
"1081","V0057","R017",2.56
"1082","V0057","R024",2.68
"1083","V0057","R026",2.63
"1084","V0057","R028",2.21
"1085","V0057","R039",2.69
"1086","V0057","R010",2.36
"1087","V0058","R022",4.7
"1088","V0058","R046",6.81
"1089","V0058","R013",4.78
"1090","V0058","R040",4.32
"1091","V0058","R018",5.76
"1092","V0058","R009",1.75
"1093","V0058","R021",2.94
"1094","V0058","R020",6.62
"1095","V0058","R017",3.25
"1096","V0058","R024",4.32
"1097","V0058","R037",6.6
"1098","V0058","R010",3.88
"1099","V0058","R008",4.17
"1100","V0058","R032",4.76
"1101","V0058","R026",5.95
"1102","V0058","R006",4.47
"1103","V0058","R031",4.85
"1104","V0058","R004",5.68
"1105","V0058","R014",4.63
"1106","V0058","R033",5.41
"1107","V0058","R016",5.26
"1108","V0058","R034",4.84
"1109","V0058","R050",3.65
"1110","V0058","R047",5.66
"1111","V0058","R035",4.01
"1112","V0058","R045",2.03
"1113","V0058","R042",3.63
"1114","V0058","R015",2.77
"1115","V0058","R002",6.07
"1116","V0059","R032",3.46
"1117","V0059","R014",3.52
"1118","V0059","R027",3.64
"1119","V0059","R018",3.8
"1120","V0059","R029",3.54
"1121","V0059","R035",4.97
"1122","V0059","R022",2.13
"1123","V0059","R050",5
"1124","V0059","R034",4.39
"1125","V0059","R039",2.58
"1126","V0059","R031",4.12
"1127","V0059","R030",4.53
"1128","V0059","R047",4.6
"1129","V0059","R016",4.52
"1130","V0059","R002",3.55
"1131","V0059","R004",2.7
"1132","V0060","R033",5.13
"1133","V0060","R044",5.7
"1134","V0060","R025",5.52
"1135","V0060","R006",6.06
"1136","V0060","R011",6.52
"1137","V0060","R012",5.89
"1138","V0060","R048",6.03
"1139","V0060","R047",3.93
"1140","V0060","R046",5.04
"1141","V0060","R007",5.84
"1142","V0060","R045",2.83
"1143","V0060","R016",5.42
"1144","V0060","R042",6.05
"1145","V0060","R004",6.52
"1146","V0060","R038",5.35
"1147","V0060","R027",3.68
"1148","V0060","R034",3.12
"1149","V0060","R039",6.03
"1150","V0060","R043",4.85
"1151","V0060","R005",6.44
"1152","V0060","R013",4.93
"1153","V0060","R028",4.31
"1154","V0060","R008",4.84
"1155","V0060","R041",5.59
"1156","V0060","R019",2.39
"1157","V0060","R030",4.87
"1158","V0060","R036",2.5
"1159","V0060","R017",5.22
"1160","V0061","R035",4.61
"1161","V0061","R009",5.5
"1162","V0061","R013",2.67
"1163","V0061","R026",3.26
"1164","V0061","R024",3.23
"1165","V0061","R014",2.66
"1166","V0061","R040",3.19
"1167","V0061","R016",5.09
"1168","V0061","R005",2.06
"1169","V0061","R018",2.2
"1170","V0061","R011",3.28
"1171","V0061","R003",2.89
"1172","V0061","R032",3
"1173","V0061","R017",1.52
"1174","V0061","R012",2.7
"1175","V0061","R027",2.9
"1176","V0061","R048",2.18
"1177","V0061","R004",4.99
"1178","V0061","R025",3.42
"1179","V0061","R043",1
"1180","V0061","R010",4.2
"1181","V0061","R039",4.6
"1182","V0061","R028",2.52
"1183","V0061","R019",2.58
"1184","V0061","R007",2.88
"1185","V0061","R001",2.89
"1186","V0062","R048",5.24
"1187","V0062","R029",5.04
"1188","V0062","R030",3.1
"1189","V0062","R014",5.2
"1190","V0062","R019",2.45
"1191","V0062","R034",5.13
"1192","V0062","R017",5.13
"1193","V0062","R005",4.47
"1194","V0062","R049",3.82
"1195","V0062","R018",1.93
"1196","V0062","R008",4.6
"1197","V0062","R045",3.99
"1198","V0063","R040",4.43
"1199","V0063","R022",1.44
"1200","V0063","R049",3.77
"1201","V0063","R039",3.86
"1202","V0063","R042",4.84
"1203","V0063","R007",4.4
"1204","V0063","R013",4.23
"1205","V0063","R002",4.22
"1206","V0063","R035",4.44
"1207","V0063","R001",4.68
"1208","V0063","R034",4.76
"1209","V0063","R048",5.59
"1210","V0063","R029",2.66
"1211","V0063","R021",3.11
"1212","V0063","R009",4.4
"1213","V0063","R030",3.04
"1214","V0064","R017",3.51
"1215","V0064","R030",4.8
"1216","V0064","R041",6.31
"1217","V0064","R010",4.14
"1218","V0064","R033",1.92
"1219","V0064","R021",2.04
"1220","V0064","R014",4.99
"1221","V0064","R006",4.93
"1222","V0064","R019",2.59
"1223","V0064","R044",2.53
"1224","V0064","R029",4.89
"1225","V0064","R025",5.42
"1226","V0065","R016",6.22
"1227","V0065","R009",5.64
"1228","V0065","R047",5.93
"1229","V0065","R028",3.6
"1230","V0065","R041",5.58
"1231","V0065","R015",4.34
"1232","V0065","R032",6.87
"1233","V0065","R001",5.38
"1234","V0065","R022",3.57
"1235","V0065","R003",5.02
"1236","V0065","R019",2.67
"1237","V0065","R026",4.79
"1238","V0065","R039",2.74
"1239","V0065","R008",3.85
"1240","V0065","R010",5
"1241","V0065","R013",5.7
"1242","V0065","R023",5.62
"1243","V0065","R029",6.05
"1244","V0065","R035",4.31
"1245","V0066","R021",1.95
"1246","V0066","R013",4.62
"1247","V0066","R034",6.15
"1248","V0066","R030",3.72
"1249","V0066","R001",4.68
"1250","V0066","R046",4.49
"1251","V0066","R036",2.86
"1252","V0066","R040",3.71
"1253","V0066","R028",2.04
"1254","V0066","R026",4.68
"1255","V0066","R041",4.88
"1256","V0066","R031",4.02
"1257","V0066","R033",4.55
"1258","V0066","R025",5.34
"1259","V0066","R005",3.52
"1260","V0066","R011",3.58
"1261","V0066","R009",4.43
"1262","V0066","R050",5
"1263","V0066","R016",3.88
"1264","V0066","R049",2.47
"1265","V0066","R008",4.77
"1266","V0066","R004",4.64
"1267","V0066","R014",6.18
"1268","V0066","R042",3.95
"1269","V0066","R002",5.22
"1270","V0067","R001",6.31
"1271","V0067","R019",3.9
"1272","V0067","R020",4.95
"1273","V0067","R025",3.24
"1274","V0067","R042",4.62
"1275","V0067","R026",4.86
"1276","V0067","R022",3.59
"1277","V0067","R037",4.17
"1278","V0067","R033",4.39
"1279","V0067","R004",5.01
"1280","V0067","R007",5.78
"1281","V0067","R012",5.9
"1282","V0067","R040",3.79
"1283","V0067","R010",3.25
"1284","V0067","R024",4.55
"1285","V0068","R034",3.86
"1286","V0068","R047",3.77
"1287","V0068","R005",4.48
"1288","V0068","R042",4.78
"1289","V0068","R024",5.35
"1290","V0068","R018",1.89
"1291","V0068","R030",3.31
"1292","V0068","R006",4
"1293","V0068","R021",2.11
"1294","V0068","R001",4.35
"1295","V0068","R038",3.91
"1296","V0068","R043",6.04
"1297","V0068","R003",5.02
"1298","V0068","R039",2.36
"1299","V0068","R023",4.94
"1300","V0068","R012",7.43
"1301","V0069","R009",2.49
"1302","V0069","R045",0.83
"1303","V0069","R007",3.42
"1304","V0069","R036",1.52
"1305","V0069","R048",3.43
"1306","V0069","R010",1.16
"1307","V0069","R029",2.97
"1308","V0069","R017",4.04
"1309","V0069","R028",1.9
"1310","V0069","R018",4.71
"1311","V0069","R014",3.43
"1312","V0069","R008",4.43
"1313","V0069","R005",1.28
"1314","V0069","R042",1.14
"1315","V0069","R021",4.08
"1316","V0069","R006",2.01
"1317","V0069","R016",4.74
"1318","V0069","R011",2.36
"1319","V0069","R001",4.83
"1320","V0069","R020",3.11
"1321","V0069","R033",2.03
"1322","V0069","R044",2.32
"1323","V0070","R007",2.95
"1324","V0070","R006",3.48
"1325","V0070","R017",3.96
"1326","V0070","R031",4.7
"1327","V0070","R038",3.34
"1328","V0070","R011",2.95
"1329","V0070","R044",3.01
"1330","V0070","R037",1.91
"1331","V0070","R015",2.49
"1332","V0070","R027",3.45
"1333","V0070","R030",2.79
"1334","V0070","R005",4.88
"1335","V0070","R036",3.97
"1336","V0070","R043",3.25
"1337","V0070","R002",5.49
"1338","V0070","R045",2.37
"1339","V0070","R028",2.31
"1340","V0071","R026",3.83
"1341","V0071","R005",2.36
"1342","V0071","R029",4.44
"1343","V0071","R015",3.73
"1344","V0071","R040",4.33
"1345","V0071","R022",4.31
"1346","V0071","R010",3.11
"1347","V0071","R048",4.55
"1348","V0071","R016",5.24
"1349","V0071","R034",5.96
"1350","V0071","R027",6.77
"1351","V0071","R044",5.87
"1352","V0071","R032",4.55
"1353","V0071","R001",5.87
"1354","V0071","R011",6.45
"1355","V0071","R023",4.03
"1356","V0071","R009",4.01
"1357","V0071","R045",2.25
"1358","V0071","R025",3.61
"1359","V0071","R012",4.37
"1360","V0071","R019",1.98
"1361","V0071","R035",4.92
"1362","V0071","R004",6.83
"1363","V0071","R006",3.33
"1364","V0071","R050",2.27
"1365","V0071","R007",5.27
"1366","V0071","R046",3.75
"1367","V0072","R033",2.25
"1368","V0072","R025",3.04
"1369","V0072","R032",2.79
"1370","V0072","R024",4.23
"1371","V0072","R034",3.22
"1372","V0072","R013",1.54
"1373","V0072","R046",2.79
"1374","V0072","R015",1.45
"1375","V0072","R029",2.96
"1376","V0072","R018",3.24
"1377","V0072","R036",1.37
"1378","V0072","R019",1.81
"1379","V0072","R002",2.88
"1380","V0072","R038",2.58
"1381","V0072","R022",1.12
"1382","V0072","R027",1.32
"1383","V0072","R037",2.57
"1384","V0072","R026",2.83
"1385","V0072","R030",2.24
"1386","V0072","R011",4.42
"1387","V0072","R035",5.09
"1388","V0072","R008",4.83
"1389","V0072","R020",1.07
"1390","V0072","R021",2.67
"1391","V0072","R006",2.29
"1392","V0072","R031",2.87
"1393","V0072","R043",2.7
"1394","V0072","R017",3.15
"1395","V0072","R001",3.79
"1396","V0072","R007",3.12
"1397","V0073","R011",4.55
"1398","V0073","R005",3.97
"1399","V0073","R038",3
"1400","V0073","R028",4.3
"1401","V0073","R019",3.62
"1402","V0073","R026",2.88
"1403","V0073","R003",6
"1404","V0073","R039",3.87
"1405","V0073","R021",2.75
"1406","V0073","R036",2.9
"1407","V0073","R006",4.54
"1408","V0073","R033",4.96
"1409","V0073","R030",2.22
"1410","V0073","R040",3.49
"1411","V0073","R047",2.12
"1412","V0073","R035",5.3
"1413","V0073","R025",5.36
"1414","V0073","R001",7.49
"1415","V0073","R018",5.58
"1416","V0073","R031",5.12
"1417","V0073","R042",4.44
"1418","V0074","R045",3.4
"1419","V0074","R041",2.64
"1420","V0074","R039",1.73
"1421","V0074","R002",2.53
"1422","V0074","R046",3.33
"1423","V0074","R003",1.82
"1424","V0074","R016",2.15
"1425","V0074","R022",2.23
"1426","V0074","R020",1.97
"1427","V0074","R007",3.82
"1428","V0074","R040",4.34
"1429","V0074","R010",2.92
"1430","V0075","R009",3.26
"1431","V0075","R049",3.32
"1432","V0075","R017",3.52
"1433","V0075","R037",1.02
"1434","V0075","R029",2.66
"1435","V0075","R023",1.64
"1436","V0075","R015",2.2
"1437","V0075","R050",2.01
"1438","V0075","R025",2.95
"1439","V0075","R048",2.68
"1440","V0076","R017",2.92
"1441","V0076","R006",2.39
"1442","V0076","R005",3.81
"1443","V0076","R007",3.77
"1444","V0076","R021",3.27
"1445","V0076","R032",4.61
"1446","V0076","R045",4.13
"1447","V0076","R009",4.22
"1448","V0076","R030",3.81
"1449","V0076","R027",2.16
"1450","V0076","R026",2.53
"1451","V0076","R023",2.72
"1452","V0076","R019",3.18
"1453","V0076","R046",4.73
"1454","V0077","R040",2.17
"1455","V0077","R008",1.68
"1456","V0077","R031",2.72
"1457","V0077","R043",4.11
"1458","V0077","R025",3.5
"1459","V0077","R036",2.06
"1460","V0077","R004",1.85
"1461","V0077","R017",2.2
"1462","V0077","R018",1.63
"1463","V0077","R019",2.85
"1464","V0077","R037",1.08
"1465","V0077","R049",2.75
"1466","V0077","R002",3.64
"1467","V0077","R022",2.71
"1468","V0077","R005",2.33
"1469","V0077","R045",3.23
"1470","V0077","R030",4.51
"1471","V0077","R009",2.58
"1472","V0077","R032",1.81
"1473","V0077","R012",2.58
"1474","V0077","R042",3.54
"1475","V0077","R013",4.02
"1476","V0077","R028",1.9
"1477","V0077","R016",2.38
"1478","V0077","R033",2.38
"1479","V0078","R008",4.08
"1480","V0078","R007",3.48
"1481","V0078","R025",2.19
"1482","V0078","R010",5.04
"1483","V0078","R043",3.17
"1484","V0078","R003",1.94
"1485","V0078","R018",3.49
"1486","V0078","R013",4.72
"1487","V0078","R040",2.32
"1488","V0078","R030",1.37
"1489","V0078","R016",2.71
"1490","V0078","R001",3.94
"1491","V0078","R048",2.67
"1492","V0078","R035",3.63
"1493","V0078","R019",1.84
"1494","V0078","R032",3.52
"1495","V0078","R038",3.6
"1496","V0078","R027",2.87
"1497","V0078","R026",3.25
"1498","V0078","R023",3.4
"1499","V0078","R015",3
"1500","V0078","R041",4.62
"1501","V0078","R014",4.21
"1502","V0078","R020",5.43
"1503","V0079","R036",1.62
"1504","V0079","R018",4.1
"1505","V0079","R003",4.04
"1506","V0079","R042",3.75
"1507","V0079","R013",4.22
"1508","V0079","R002",4.7
"1509","V0079","R024",3.78
"1510","V0079","R023",4.18
"1511","V0079","R032",3.53
"1512","V0079","R037",1.67
"1513","V0079","R026",4.6
"1514","V0079","R039",2.73
"1515","V0079","R017",3.99
"1516","V0079","R011",5.91
"1517","V0079","R012",4.91
"1518","V0079","R045",3.29
"1519","V0079","R028",4.58
"1520","V0079","R004",5.25
"1521","V0079","R027",5.34
"1522","V0080","R037",3
"1523","V0080","R021",2.24
"1524","V0080","R033",4.38
"1525","V0080","R010",3.71
"1526","V0080","R005",4.56
"1527","V0080","R040",4.49
"1528","V0080","R012",5.17
"1529","V0080","R018",3.35
"1530","V0080","R035",3.07
"1531","V0080","R036",4.21
"1532","V0080","R046",3.78
"1533","V0080","R031",3.22
"1534","V0080","R013",3.36
"1535","V0080","R041",4.49
"1536","V0080","R019",4.02
"1537","V0080","R008",3.62
"1538","V0080","R044",3.57
"1539","V0080","R002",4.76
"1540","V0080","R016",3.16
"1541","V0081","R013",4.12
"1542","V0081","R015",4.4
"1543","V0081","R048",4.26
"1544","V0081","R037",4.42
"1545","V0081","R004",5.39
"1546","V0081","R044",3.95
"1547","V0081","R008",5.31
"1548","V0081","R002",3.78
"1549","V0081","R006",4.11
"1550","V0081","R028",1.92
"1551","V0081","R046",2.5
"1552","V0081","R014",4.31
"1553","V0082","R016",4.12
"1554","V0082","R010",5.55
"1555","V0082","R005",3.58
"1556","V0082","R029",4.23
"1557","V0082","R002",4.11
"1558","V0082","R045",2.8
"1559","V0082","R038",4.61
"1560","V0082","R008",2.93
"1561","V0082","R028",3.41
"1562","V0082","R024",4.18
"1563","V0082","R020",4.43
"1564","V0082","R015",3.23
"1565","V0082","R006",4.43
"1566","V0082","R040",3.9
"1567","V0082","R043",4.79
"1568","V0082","R007",4
"1569","V0082","R001",4.82
"1570","V0082","R033",2.88
"1571","V0082","R017",4.06
"1572","V0083","R022",0.37
"1573","V0083","R040",1.36
"1574","V0083","R049",1.45
"1575","V0083","R033",0.46
"1576","V0083","R029",2.54
"1577","V0083","R011",2.86
"1578","V0083","R039",3.42
"1579","V0083","R036",4.49
"1580","V0083","R041",2.95
"1581","V0083","R013",1.76
"1582","V0083","R006",4.29
"1583","V0083","R018",3.77
"1584","V0083","R035",3
"1585","V0083","R034",0.96
"1586","V0083","R015",0.75
"1587","V0083","R028",3.59
"1588","V0083","R037",0.69
"1589","V0083","R005",2.88
"1590","V0083","R026",3.03
"1591","V0083","R004",4.75
"1592","V0083","R010",3.46
"1593","V0083","R014",3.16
"1594","V0083","R038",3.83
"1595","V0083","R003",5.51
"1596","V0083","R023",3.21
"1597","V0083","R048",2.02
"1598","V0083","R001",2.83
"1599","V0083","R050",3.56
"1600","V0083","R020",2.56
"1601","V0083","R019",1.14
"1602","V0084","R005",4.12
"1603","V0084","R008",2.73
"1604","V0084","R044",3.17
"1605","V0084","R023",2.43
"1606","V0084","R048",3.35
"1607","V0084","R040",1.86
"1608","V0084","R047",2.44
"1609","V0084","R024",3.14
"1610","V0084","R034",3.54
"1611","V0084","R041",2.51
"1612","V0084","R017",2.5
"1613","V0084","R016",2.66
"1614","V0084","R009",3.21
"1615","V0084","R050",3.78
"1616","V0084","R026",2.54
"1617","V0084","R018",2.29
"1618","V0085","R023",6.23
"1619","V0085","R020",5.18
"1620","V0085","R038",3.78
"1621","V0085","R015",1.92
"1622","V0085","R049",5.55
"1623","V0085","R039",2.64
"1624","V0085","R027",3.18
"1625","V0085","R034",3.79
"1626","V0085","R022",1.62
"1627","V0085","R016",4.38
"1628","V0085","R050",2.55
"1629","V0085","R017",3.95
"1630","V0085","R007",4.81
"1631","V0085","R041",3.83
"1632","V0085","R002",2.02
"1633","V0085","R044",3.15
"1634","V0085","R009",2.31
"1635","V0085","R037",2.42
"1636","V0086","R041",3.74
"1637","V0086","R037",3.04
"1638","V0086","R009",3.47
"1639","V0086","R045",3.93
"1640","V0086","R007",4.48
"1641","V0086","R017",2.68
"1642","V0086","R016",4.07
"1643","V0086","R049",5.27
"1644","V0086","R042",2.52
"1645","V0086","R035",2.43
"1646","V0087","R028",3.53
"1647","V0087","R032",5.12
"1648","V0087","R043",4.86
"1649","V0087","R027",3.8
"1650","V0087","R026",3.39
"1651","V0087","R010",4.48
"1652","V0087","R008",4.9
"1653","V0087","R037",2.82
"1654","V0087","R025",4.43
"1655","V0087","R044",4.11
"1656","V0087","R033",3.52
"1657","V0087","R036",4.38
"1658","V0087","R034",2.68
"1659","V0087","R023",1.98
"1660","V0087","R050",3.52
"1661","V0087","R018",3.79
"1662","V0087","R011",5.79
"1663","V0087","R021",3.3
"1664","V0087","R038",4.24
"1665","V0087","R039",3.37
"1666","V0087","R046",5.05
"1667","V0087","R005",3.89
"1668","V0087","R004",4.39
"1669","V0087","R013",3.83
"1670","V0087","R019",3.7
"1671","V0088","R006",3.57
"1672","V0088","R004",5.17
"1673","V0088","R042",3.9
"1674","V0088","R026",4.51
"1675","V0088","R028",3.11
"1676","V0088","R048",3.85
"1677","V0088","R022",3.28
"1678","V0088","R005",2.47
"1679","V0088","R045",3.47
"1680","V0088","R030",4.02
"1681","V0088","R033",0.77
"1682","V0088","R023",2.74
"1683","V0088","R017",3.36
"1684","V0088","R021",5.82
"1685","V0088","R020",5.36
"1686","V0088","R046",4.09
"1687","V0088","R031",4.29
"1688","V0088","R037",4.17
"1689","V0088","R032",2.19
"1690","V0088","R011",5
"1691","V0088","R014",1.85
"1692","V0089","R002",1.09
"1693","V0089","R004",2.59
"1694","V0089","R032",2.88
"1695","V0089","R016",3.53
"1696","V0089","R013",2.98
"1697","V0089","R003",2.54
"1698","V0089","R033",2.43
"1699","V0089","R019",3.21
"1700","V0089","R011",3.87
"1701","V0089","R037",1.75
"1702","V0089","R005",1.94
"1703","V0089","R050",2.87
"1704","V0089","R022",3.91
"1705","V0089","R044",3.05
"1706","V0089","R008",2.19
"1707","V0089","R007",2.04
"1708","V0089","R010",3.12
"1709","V0089","R041",3.34
"1710","V0089","R043",0.99
"1711","V0089","R009",3.53
"1712","V0089","R031",3.47
"1713","V0089","R039",3.44
"1714","V0089","R024",2.72
"1715","V0089","R026",2.24
"1716","V0089","R046",3.07
"1717","V0089","R030",1.62
"1718","V0090","R008",2.7
"1719","V0090","R042",1.48
"1720","V0090","R035",1.87
"1721","V0090","R022",2.34
"1722","V0090","R020",3.93
"1723","V0090","R001",4.2
"1724","V0090","R044",3.33
"1725","V0090","R045",4.59
"1726","V0090","R024",1.96
"1727","V0090","R013",2.02
"1728","V0090","R040",4.15
"1729","V0090","R004",3.43
"1730","V0090","R015",1.64
"1731","V0090","R037",3.8
"1732","V0090","R049",1.55
"1733","V0091","R048",3.35
"1734","V0091","R011",2.71
"1735","V0091","R035",4.31
"1736","V0091","R040",4.9
"1737","V0091","R003",5.02
"1738","V0091","R010",3.66
"1739","V0091","R006",3.44
"1740","V0091","R027",4.94
"1741","V0091","R030",2.79
"1742","V0091","R024",4.03
"1743","V0091","R002",4.89
"1744","V0091","R016",5.53
"1745","V0091","R026",5.67
"1746","V0091","R037",4.46
"1747","V0091","R021",3.04
"1748","V0091","R034",3.28
"1749","V0091","R046",4.56
"1750","V0091","R020",4.76
"1751","V0091","R001",5.11
"1752","V0091","R032",6.36
"1753","V0091","R036",2.68
"1754","V0091","R013",3.06
"1755","V0091","R044",3.86
"1756","V0092","R021",3.62
"1757","V0092","R034",3.62
"1758","V0092","R022",3.39
"1759","V0092","R046",5.42
"1760","V0092","R027",2.72
"1761","V0092","R042",2.44
"1762","V0092","R010",2.35
"1763","V0092","R029",4.96
"1764","V0092","R002",3.26
"1765","V0092","R012",2.25
"1766","V0092","R024",3.28
"1767","V0092","R019",1.86
"1768","V0092","R006",3.15
"1769","V0092","R017",2.19
"1770","V0092","R020",3.21
"1771","V0092","R031",4.23
"1772","V0092","R037",1.33
"1773","V0092","R015",1.27
"1774","V0092","R023",2.8
"1775","V0092","R048",1.94
"1776","V0092","R032",3.05
"1777","V0092","R005",5.22
"1778","V0092","R036",1.99
"1779","V0092","R014",2.41
"1780","V0092","R047",0
"1781","V0092","R041",3.49
"1782","V0092","R008",1.34
"1783","V0092","R001",3.39
"1784","V0092","R035",3.48
"1785","V0092","R016",1.21
"1786","V0093","R044",2.21
"1787","V0093","R011",1.28
"1788","V0093","R003",2.54
"1789","V0093","R040",3.12
"1790","V0093","R021",1.62
"1791","V0093","R038",1.88
"1792","V0093","R015",0.26
"1793","V0093","R043",2.84
"1794","V0093","R035",2.28
"1795","V0093","R020",3.64
"1796","V0093","R007",3.15
"1797","V0094","R026",4.41
"1798","V0094","R035",3.85
"1799","V0094","R016",3.4
"1800","V0094","R049",3.73
"1801","V0094","R012",3.81
"1802","V0094","R005",3.55
"1803","V0094","R007",5.42
"1804","V0094","R043",3.94
"1805","V0094","R042",2.66
"1806","V0094","R033",4.93
"1807","V0094","R024",5.07
"1808","V0094","R047",2.1
"1809","V0094","R041",3.58
"1810","V0094","R002",4.16
"1811","V0094","R034",2.49
"1812","V0094","R031",3.65
"1813","V0094","R025",4.63
"1814","V0094","R036",2.15
"1815","V0094","R045",2.78
"1816","V0094","R013",2.02
"1817","V0094","R022",2.19
"1818","V0094","R050",5.09
"1819","V0094","R030",2.1
"1820","V0094","R004",4.52
"1821","V0094","R048",3.89
"1822","V0095","R029",2.76
"1823","V0095","R027",4.77
"1824","V0095","R048",2.42
"1825","V0095","R034",4.62
"1826","V0095","R002",3.74
"1827","V0095","R047",2.73
"1828","V0095","R010",3.93
"1829","V0095","R035",4.09
"1830","V0095","R025",3.93
"1831","V0095","R040",2.75
"1832","V0095","R022",2.02
"1833","V0095","R005",3.05
"1834","V0095","R042",2.04
"1835","V0095","R038",3.61
"1836","V0095","R030",1.99
"1837","V0095","R046",2.76
"1838","V0095","R026",2.38
"1839","V0095","R045",3.31
"1840","V0095","R044",3.27
"1841","V0095","R028",2.99
"1842","V0095","R008",3.57
"1843","V0095","R018",3.64
"1844","V0095","R023",2.94
"1845","V0095","R037",4.56
"1846","V0095","R049",2.69
"1847","V0095","R007",3.65
"1848","V0095","R033",2.94
"1849","V0095","R011",2.63
"1850","V0095","R006",3.21
"1851","V0096","R043",3.55
"1852","V0096","R025",3.46
"1853","V0096","R046",2.1
"1854","V0096","R018",2.56
"1855","V0096","R006",3.97
"1856","V0096","R035",2.83
"1857","V0096","R036",1.64
"1858","V0096","R041",2.04
"1859","V0096","R011",1.51
"1860","V0096","R033",2.34
"1861","V0096","R031",2.45
"1862","V0096","R008",3.06
"1863","V0096","R038",1.65
"1864","V0096","R024",3
"1865","V0096","R013",1.04
"1866","V0096","R012",3.06
"1867","V0096","R016",3.27
"1868","V0096","R021",3.33
"1869","V0096","R007",4.05
"1870","V0096","R010",2.4
"1871","V0096","R019",2.21
"1872","V0096","R029",2.26
"1873","V0096","R015",2.28
"1874","V0097","R012",4.96
"1875","V0097","R031",4.25
"1876","V0097","R030",3.19
"1877","V0097","R036",2.6
"1878","V0097","R017",2.4
"1879","V0097","R009",1.86
"1880","V0097","R025",2.35
"1881","V0097","R014",3.45
"1882","V0097","R049",4.74
"1883","V0097","R003",1.8
"1884","V0097","R023",4.86
"1885","V0097","R034",4.03
"1886","V0097","R011",5.01
"1887","V0097","R004",3.48
"1888","V0097","R047",3.7
"1889","V0097","R010",5.16
"1890","V0097","R046",2.98
"1891","V0097","R013",2.14
"1892","V0097","R007",4.58
"1893","V0097","R005",1.38
"1894","V0097","R029",0.61
"1895","V0097","R019",0.89
"1896","V0097","R021",4.2
"1897","V0097","R050",2.94
"1898","V0097","R042",1.87
"1899","V0098","R043",3.19
"1900","V0098","R035",4.69
"1901","V0098","R005",2.81
"1902","V0098","R044",4.39
"1903","V0098","R028",1.61
"1904","V0098","R049",4.58
"1905","V0098","R036",3.51
"1906","V0098","R009",3.23
"1907","V0098","R016",3.75
"1908","V0098","R025",4.99
"1909","V0098","R010",4.87
"1910","V0098","R023",5.06
"1911","V0098","R050",6.08
"1912","V0098","R015",2.39
"1913","V0098","R004",3.28
"1914","V0098","R007",6.05
"1915","V0098","R045",3.14
"1916","V0098","R034",4.95
"1917","V0098","R030",3.46
"1918","V0098","R014",2.46
"1919","V0098","R047",4.13
"1920","V0098","R037",3.97
"1921","V0098","R012",2.9
"1922","V0098","R013",2.94
"1923","V0098","R020",3.73
"1924","V0098","R011",3.78
"1925","V0099","R009",4.04
"1926","V0099","R015",1.03
"1927","V0099","R027",4.58
"1928","V0099","R041",3.85
"1929","V0099","R036",1.43
"1930","V0099","R017",2.98
"1931","V0099","R020",5.16
"1932","V0099","R018",3.64
"1933","V0099","R028",3.86
"1934","V0099","R022",1.94
"1935","V0099","R014",3.78
"1936","V0099","R016",1.96
"1937","V0099","R008",2.18
"1938","V0099","R030",1.37
"1939","V0099","R021",1.58
"1940","V0099","R012",2.99
"1941","V0099","R013",2.75
"1942","V0099","R046",1.03
"1943","V0100","R018",4.98
"1944","V0100","R020",5.64
"1945","V0100","R034",3.25
"1946","V0100","R047",2.14
"1947","V0100","R008",4.94
"1948","V0100","R004",4.86
"1949","V0100","R037",3.16
"1950","V0100","R041",4.58
"1951","V0100","R005",2.19
"1952","V0100","R044",4.02
"1953","V0100","R006",4.15
"1954","V0100","R031",3.91
"1955","V0100","R013",2.76
"1956","V0100","R002",4.36
"1957","V0100","R014",4.91
"1958","V0100","R023",4.32
"1959","V0100","R001",2.93
"1960","V0100","R046",3.06
"1961","V0100","R021",3.39
"1962","V0101","R045",1.23
"1963","V0101","R007",1.99
"1964","V0101","R042",1.88
"1965","V0101","R013",2.09
"1966","V0101","R031",3.7
"1967","V0101","R004",2.4
"1968","V0101","R027",3.19
"1969","V0101","R029",1.99
"1970","V0101","R032",3.17
"1971","V0101","R020",5.4
"1972","V0101","R006",3.18
"1973","V0101","R002",2.95
"1974","V0102","R045",4.09
"1975","V0102","R032",3.7
"1976","V0102","R038",4.31
"1977","V0102","R037",2.69
"1978","V0102","R008",3.47
"1979","V0102","R035",2.85
"1980","V0102","R001",5.18
"1981","V0102","R002",3.5
"1982","V0102","R012",1.69
"1983","V0102","R039",2.25
"1984","V0102","R020",5.58
"1985","V0102","R025",5.41
"1986","V0102","R027",4.87
"1987","V0102","R046",2.6
"1988","V0102","R007",4.1
"1989","V0102","R006",4.82
"1990","V0102","R022",3.12
"1991","V0102","R015",1.03
"1992","V0102","R014",2.35
"1993","V0102","R019",2
"1994","V0102","R033",4.64
"1995","V0102","R009",4.02
"1996","V0102","R016",2.38
"1997","V0102","R042",3.22
"1998","V0102","R005",1.73
"1999","V0102","R023",3.68
"2000","V0102","R013",2.4
"2001","V0102","R024",4.16
"2002","V0102","R021",1.83
"2003","V0103","R038",3.49
"2004","V0103","R026",3.25
"2005","V0103","R003",5.23
"2006","V0103","R018",4.49
"2007","V0103","R024",1.95
"2008","V0103","R042",3.67
"2009","V0103","R016",4.1
"2010","V0103","R039",6.31
"2011","V0103","R021",1.3
"2012","V0103","R010",4.7
"2013","V0103","R040",3.72
"2014","V0103","R014",2.54
"2015","V0103","R037",3.04
"2016","V0103","R011",3.02
"2017","V0103","R030",2.57
"2018","V0103","R049",3.23
"2019","V0103","R031",3.72
"2020","V0103","R002",2.63
"2021","V0103","R029",5.08
"2022","V0103","R017",3.62
"2023","V0103","R035",4.6
"2024","V0103","R013",2.2
"2025","V0103","R007",4.14
"2026","V0103","R027",2.71
"2027","V0103","R048",3.72
"2028","V0103","R022",1.56
"2029","V0103","R005",3.97
"2030","V0103","R045",3.09
"2031","V0103","R006",5.8
"2032","V0103","R023",1.84
"2033","V0104","R012",3.25
"2034","V0104","R019",2.11
"2035","V0104","R015",3.01
"2036","V0104","R039",2.31
"2037","V0104","R047",1.12
"2038","V0104","R005",2.27
"2039","V0104","R016",3.47
"2040","V0104","R034",3.01
"2041","V0104","R035",2.02
"2042","V0104","R025",4.9
"2043","V0105","R022",2.96
"2044","V0105","R002",1.53
"2045","V0105","R010",1.36
"2046","V0105","R029",1.8
"2047","V0105","R025",2.72
"2048","V0105","R030",2.28
"2049","V0105","R012",3.62
"2050","V0105","R036",1.05
"2051","V0105","R005",2.39
"2052","V0105","R037",1.57
"2053","V0105","R048",1.76
"2054","V0105","R014",4.56
"2055","V0105","R049",1.94
"2056","V0105","R035",3.36
"2057","V0105","R006",1.02
"2058","V0105","R038",3.29
"2059","V0105","R042",0.69
"2060","V0105","R039",4.04
"2061","V0105","R045",1.8
"2062","V0105","R021",2.44
"2063","V0105","R009",4.12
"2064","V0105","R024",3.83
"2065","V0105","R043",1.76
"2066","V0105","R019",1.21
"2067","V0106","R036",3.79
"2068","V0106","R046",2.53
"2069","V0106","R007",2.83
"2070","V0106","R035",2.37
"2071","V0106","R005",1.48
"2072","V0106","R011",4.39
"2073","V0106","R039",3.51
"2074","V0106","R034",3.28
"2075","V0106","R002",2.51
"2076","V0106","R045",3.63
"2077","V0106","R022",3.17
"2078","V0106","R048",3.73
"2079","V0106","R032",3.02
"2080","V0106","R004",2.55
"2081","V0106","R026",1.77
"2082","V0106","R014",4.38
"2083","V0107","R048",4.24
"2084","V0107","R012",1.86
"2085","V0107","R049",1.73
"2086","V0107","R015",1.97
"2087","V0107","R026",2.23
"2088","V0107","R014",4.13
"2089","V0107","R005",4.23
"2090","V0107","R046",3.44
"2091","V0107","R019",1.12
"2092","V0107","R003",2.69
"2093","V0107","R028",1.82
"2094","V0107","R011",5.11
"2095","V0107","R030",2.46
"2096","V0108","R012",5.01
"2097","V0108","R047",4.15
"2098","V0108","R022",2.61
"2099","V0108","R016",2.07
"2100","V0108","R013",1.74
"2101","V0108","R032",3.67
"2102","V0108","R024",3.75
"2103","V0108","R037",3.17
"2104","V0108","R020",4.93
"2105","V0108","R001",2.73
"2106","V0108","R025",4.52
"2107","V0108","R042",4.19
"2108","V0108","R014",4
"2109","V0108","R033",5.15
"2110","V0108","R009",4.65
"2111","V0108","R045",3.1
"2112","V0108","R031",3.06
"2113","V0108","R039",2.92
"2114","V0108","R004",3.22
"2115","V0108","R028",2.18
"2116","V0108","R048",5.21
"2117","V0108","R043",2.21
"2118","V0108","R026",2.92
"2119","V0108","R023",2.5
"2120","V0108","R010",2.42
"2121","V0108","R008",2.64
"2122","V0108","R030",2.7
"2123","V0108","R005",3.53
"2124","V0109","R030",1.92
"2125","V0109","R034",2.15
"2126","V0109","R042",3.6
"2127","V0109","R046",3.69
"2128","V0109","R014",2.55
"2129","V0109","R028",1.74
"2130","V0109","R025",1.54
"2131","V0109","R047",2.88
"2132","V0109","R006",2.12
"2133","V0109","R002",3.82
"2134","V0109","R036",2.09
"2135","V0109","R018",4.11
"2136","V0109","R031",2.35
"2137","V0109","R050",2.16
"2138","V0109","R009",2.68
"2139","V0109","R035",3.82
"2140","V0109","R023",3.75
"2141","V0109","R039",2.29
"2142","V0109","R029",1.87
"2143","V0109","R016",4.09
"2144","V0109","R007",3.33
"2145","V0109","R003",3.92
"2146","V0110","R005",6.18
"2147","V0110","R038",4.99
"2148","V0110","R004",9.07
"2149","V0110","R040",5.41
"2150","V0110","R026",7.91
"2151","V0110","R035",4.35
"2152","V0110","R001",5.75
"2153","V0110","R020",8.82
"2154","V0110","R017",6.32
"2155","V0110","R023",6.66
"2156","V0110","R002",7.66
"2157","V0110","R043",7.05
"2158","V0110","R033",6.15
"2159","V0110","R050",6.43
"2160","V0110","R048",8.63
"2161","V0110","R036",4.99
"2162","V0110","R045",4.74
"2163","V0110","R028",5.39
"2164","V0111","R006",4.1
"2165","V0111","R011",4.45
"2166","V0111","R041",4.04
"2167","V0111","R031",6.82
"2168","V0111","R020",4.57
"2169","V0111","R034",4.31
"2170","V0111","R008",4.54
"2171","V0111","R044",4.9
"2172","V0111","R040",5.43
"2173","V0111","R015",3.15
"2174","V0111","R038",1.72
"2175","V0111","R002",5.69
"2176","V0111","R036",3.1
"2177","V0111","R004",4.1
"2178","V0111","R050",5.7
"2179","V0111","R033",4.64
"2180","V0111","R030",2.04
"2181","V0111","R027",4.24
"2182","V0111","R010",2.39
"2183","V0111","R048",3.5
"2184","V0111","R028",1.13
"2185","V0112","R023",3.44
"2186","V0112","R036",1.91
"2187","V0112","R012",3.7
"2188","V0112","R001",2.81
"2189","V0112","R002",5.35
"2190","V0112","R038",3.45
"2191","V0112","R045",2.57
"2192","V0112","R030",4.31
"2193","V0112","R011",5.06
"2194","V0112","R017",4.33
"2195","V0113","R040",3.14
"2196","V0113","R041",5.4
"2197","V0113","R032",4.23
"2198","V0113","R038",2.95
"2199","V0113","R017",2.19
"2200","V0113","R006",4.2
"2201","V0113","R043",5.26
"2202","V0113","R020",4.18
"2203","V0113","R026",2.94
"2204","V0113","R005",4.15
"2205","V0113","R007",4.03
"2206","V0113","R039",0.72
"2207","V0113","R046",3.8
"2208","V0113","R027",2.2
"2209","V0113","R010",4.83
"2210","V0113","R018",3.3
"2211","V0113","R033",2.93
"2212","V0113","R025",3.42
"2213","V0113","R019",5.57
"2214","V0113","R028",2.73
"2215","V0113","R029",3.51
"2216","V0113","R023",5.18
"2217","V0113","R013",1.55
"2218","V0113","R042",3.61
"2219","V0113","R048",3.4
"2220","V0113","R034",3.19
"2221","V0113","R035",4.28
"2222","V0113","R031",3.35
"2223","V0113","R021",4.91
"2224","V0113","R012",5.85
"2225","V0114","R023",0.96
"2226","V0114","R027",3.54
"2227","V0114","R006",3.51
"2228","V0114","R050",2.63
"2229","V0114","R025",4.55
"2230","V0114","R049",1.86
"2231","V0114","R022",2.57
"2232","V0114","R004",5.01
"2233","V0114","R013",4.16
"2234","V0114","R010",5.92
"2235","V0115","R045",1.04
"2236","V0115","R012",1.85
"2237","V0115","R038",2.06
"2238","V0115","R002",1.08
"2239","V0115","R019",1.9
"2240","V0115","R046",2.43
"2241","V0115","R037",4.23
"2242","V0115","R018",3.37
"2243","V0115","R010",1.83
"2244","V0115","R042",2.3
"2245","V0115","R041",0.82
"2246","V0115","R039",2.35
"2247","V0115","R006",0.62
"2248","V0115","R030",3.32
"2249","V0115","R024",0.97
"2250","V0115","R031",1.14
"2251","V0115","R043",1.15
"2252","V0115","R015",0.7
"2253","V0116","R002",5.83
"2254","V0116","R023",4.81
"2255","V0116","R005",4.85
"2256","V0116","R022",5.39
"2257","V0116","R016",4.89
"2258","V0116","R019",2.06
"2259","V0116","R032",6.26
"2260","V0116","R038",4.84
"2261","V0116","R027",4.33
"2262","V0116","R004",6.51
"2263","V0116","R035",5.91
"2264","V0116","R030",6.34
"2265","V0116","R013",3.04
"2266","V0116","R044",5.03
"2267","V0116","R001",6.28
"2268","V0116","R010",3.31
"2269","V0116","R033",5.63
"2270","V0117","R035",2.28
"2271","V0117","R037",2.04
"2272","V0117","R007",2.92
"2273","V0117","R029",4.81
"2274","V0117","R005",2.75
"2275","V0117","R011",3.25
"2276","V0117","R028",1.22
"2277","V0117","R044",3.2
"2278","V0117","R050",2.74
"2279","V0117","R016",3.27
"2280","V0117","R012",3.02
"2281","V0117","R038",2.97
"2282","V0117","R025",4.7
"2283","V0117","R031",3.7
"2284","V0117","R034",4.11
"2285","V0117","R004",3.99
"2286","V0117","R033",5.67
"2287","V0117","R014",3.4
"2288","V0117","R021",2.37
"2289","V0117","R003",3.33
"2290","V0117","R022",1.31
"2291","V0117","R023",4.23
"2292","V0117","R027",3.85
"2293","V0118","R038",2.92
"2294","V0118","R024",3.96
"2295","V0118","R034",3.54
"2296","V0118","R011",5.73
"2297","V0118","R035",3.84
"2298","V0118","R021",2.95
"2299","V0118","R002",4.29
"2300","V0118","R013",2.07
"2301","V0118","R037",3.36
"2302","V0118","R003",3.78
"2303","V0118","R036",1.48
"2304","V0118","R023",4.03
"2305","V0118","R030",1.64
"2306","V0118","R033",2.63
"2307","V0118","R040",4.23
"2308","V0118","R015",2.46
"2309","V0118","R016",2.64
"2310","V0118","R017",3.74
"2311","V0118","R010",2.51
"2312","V0118","R050",5.19
"2313","V0118","R012",2.82
"2314","V0118","R004",2.55
"2315","V0118","R020",2.36
"2316","V0118","R008",1.87
"2317","V0119","R041",3
"2318","V0119","R042",4.32
"2319","V0119","R023",2.75
"2320","V0119","R033",2.68
"2321","V0119","R002",3.93
"2322","V0119","R001",2.5
"2323","V0119","R038",2.32
"2324","V0119","R020",4.02
"2325","V0119","R026",5.3
"2326","V0119","R030",1.62
"2327","V0119","R036",3.37
"2328","V0119","R012",3.61
"2329","V0119","R027",4.13
"2330","V0119","R017",5.88
"2331","V0119","R024",4.03
"2332","V0119","R006",3.4
"2333","V0119","R022",4.39
"2334","V0119","R043",4.03
"2335","V0119","R047",2.14
"2336","V0119","R021",2.48
"2337","V0119","R009",0.9
"2338","V0119","R040",1.47
"2339","V0119","R046",2.83
"2340","V0119","R044",2.93
"2341","V0119","R050",3.29
"2342","V0119","R018",4.71
"2343","V0119","R035",1.26
"2344","V0119","R010",4.39
"2345","V0119","R013",5.02
"2346","V0119","R031",3.01
"2347","V0120","R011",5.56
"2348","V0120","R043",6.35
"2349","V0120","R021",4.6
"2350","V0120","R045",3.25
"2351","V0120","R040",4.04
"2352","V0120","R047",2.64
"2353","V0120","R039",3.69
"2354","V0120","R017",3.51
"2355","V0120","R023",4.01
"2356","V0120","R006",4.02
"2357","V0120","R022",3.09
"2358","V0120","R027",4.45
"2359","V0120","R005",2.05
"2360","V0121","R010",3.77
"2361","V0121","R021",3.64
"2362","V0121","R013",3.47
"2363","V0121","R025",3.89
"2364","V0121","R050",4.97
"2365","V0121","R048",4.34
"2366","V0121","R006",5.75
"2367","V0121","R035",3.94
"2368","V0121","R045",0.57
"2369","V0121","R009",4.95
"2370","V0121","R014",5.37
"2371","V0121","R034",4.92
"2372","V0121","R038",5.03
"2373","V0121","R004",4.92
"2374","V0121","R015",2.13
"2375","V0121","R026",4.21
"2376","V0121","R017",3.16
"2377","V0121","R012",5.05
"2378","V0121","R041",4.43
"2379","V0122","R006",4.77
"2380","V0122","R029",4
"2381","V0122","R028",3.25
"2382","V0122","R037",5.23
"2383","V0122","R034",4.51
"2384","V0122","R013",4.13
"2385","V0122","R047",5.11
"2386","V0122","R020",4.51
"2387","V0122","R049",3.6
"2388","V0122","R035",5.8
"2389","V0122","R003",7.3
"2390","V0122","R011",4.93
"2391","V0122","R021",4.79
"2392","V0122","R014",3.84
"2393","V0122","R022",2.86
"2394","V0122","R012",6.44
"2395","V0122","R024",3.24
"2396","V0122","R007",4.09
"2397","V0122","R008",6.28
"2398","V0122","R002",2.68
"2399","V0123","R025",4.75
"2400","V0123","R007",4.97
"2401","V0123","R028",0.36
"2402","V0123","R036",3.64
"2403","V0123","R047",4.31
"2404","V0123","R043",3.45
"2405","V0123","R014",4.56
"2406","V0123","R016",5.51
"2407","V0123","R013",4.71
"2408","V0123","R026",2.09
"2409","V0123","R035",1.16
"2410","V0123","R037",3.54
"2411","V0123","R029",3.87
"2412","V0123","R038",4.2
"2413","V0123","R008",4.5
"2414","V0123","R023",2.36
"2415","V0123","R017",3.03
"2416","V0123","R048",4.5
"2417","V0123","R045",2.2
"2418","V0123","R004",5.47
"2419","V0123","R012",4.7
"2420","V0123","R032",5.94
"2421","V0123","R030",3.63
"2422","V0123","R039",3.1
"2423","V0123","R020",4.75
"2424","V0123","R006",2.24
"2425","V0123","R041",4.94
"2426","V0123","R011",4.67
"2427","V0123","R034",5.75
"2428","V0123","R009",5.55
"2429","V0124","R015",0.46
"2430","V0124","R037",3.54
"2431","V0124","R016",4.43
"2432","V0124","R012",5.17
"2433","V0124","R035",2.81
"2434","V0124","R050",3.18
"2435","V0124","R022",4.33
"2436","V0124","R018",3.89
"2437","V0124","R043",3.29
"2438","V0124","R032",5.04
"2439","V0124","R008",3.68
"2440","V0124","R007",3.07
"2441","V0124","R033",2.84
"2442","V0124","R048",3.79
"2443","V0124","R006",4.32
"2444","V0124","R019",3.12
"2445","V0124","R014",4.04
"2446","V0124","R038",2.45
"2447","V0124","R036",3.28
"2448","V0124","R003",4.3
"2449","V0124","R013",1.36
"2450","V0124","R040",5.45
"2451","V0124","R045",3.47
"2452","V0124","R042",3.51
"2453","V0124","R021",2.64
"2454","V0124","R005",2.96
"2455","V0124","R049",2.44
"2456","V0124","R039",2.35
"2457","V0124","R020",4.16
"2458","V0124","R010",2.79
"2459","V0125","R010",4.31
"2460","V0125","R019",2.06
"2461","V0125","R013",2.11
"2462","V0125","R050",4.38
"2463","V0125","R006",1.95
"2464","V0125","R023",5.61
"2465","V0125","R040",1.93
"2466","V0125","R024",4.33
"2467","V0125","R001",5.62
"2468","V0125","R027",1.33
"2469","V0125","R017",1.51
"2470","V0125","R044",4.58
"2471","V0125","R007",3
"2472","V0125","R039",2.91
"2473","V0125","R015",7.18
"2474","V0125","R004",3.83
"2475","V0125","R037",3.24
"2476","V0125","R022",0.97
"2477","V0125","R042",3.51
"2478","V0125","R049",1.78
"2479","V0125","R045",3.58
"2480","V0125","R029",1.44
"2481","V0125","R021",1.62
"2482","V0125","R048",2.69
"2483","V0125","R018",4.11
"2484","V0125","R033",5.05
"2485","V0125","R041",4.55
"2486","V0126","R003",2.97
"2487","V0126","R020",2.51
"2488","V0126","R017",1.61
"2489","V0126","R024",0.69
"2490","V0126","R011",3.23
"2491","V0126","R010",3.48
"2492","V0126","R009",1.7
"2493","V0126","R045",1.53
"2494","V0126","R026",1.03
"2495","V0126","R040",3.25
"2496","V0127","R017",4.15
"2497","V0127","R009",5.6
"2498","V0127","R012",3.03
"2499","V0127","R042",2
"2500","V0127","R036",2.1
"2501","V0127","R035",4.67
"2502","V0127","R007",6.14
"2503","V0127","R018",3.3
"2504","V0127","R005",2.82
"2505","V0127","R027",2.61
"2506","V0127","R006",4.59
"2507","V0127","R025",4.48
"2508","V0127","R008",3.97
"2509","V0127","R001",2.12
"2510","V0127","R011",1.91
"2511","V0127","R044",4.04
"2512","V0127","R003",6.11
"2513","V0127","R024",3.72
"2514","V0127","R004",4.81
"2515","V0127","R032",4.14
"2516","V0127","R019",1.46
"2517","V0127","R016",5.39
"2518","V0127","R040",5.16
"2519","V0127","R038",5.16
"2520","V0127","R049",2.19
"2521","V0128","R008",2.9
"2522","V0128","R023",4.28
"2523","V0128","R037",5.13
"2524","V0128","R040",4.3
"2525","V0128","R021",3.66
"2526","V0128","R001",3.67
"2527","V0128","R035",4.38
"2528","V0128","R046",3.34
"2529","V0128","R025",3.76
"2530","V0128","R038",3.49
"2531","V0128","R017",2.81
"2532","V0128","R041",4.39
"2533","V0128","R011",1.87
"2534","V0128","R049",3.06
"2535","V0128","R005",2.1
"2536","V0128","R032",2.02
"2537","V0128","R016",4.07
"2538","V0128","R050",2.07
"2539","V0128","R018",3.43
"2540","V0128","R007",3.38
"2541","V0128","R044",2.11
"2542","V0128","R015",1.14
"2543","V0128","R013",3.71
"2544","V0128","R026",3.78
"2545","V0129","R022",3.19
"2546","V0129","R028",2.66
"2547","V0129","R049",5.17
"2548","V0129","R009",2.37
"2549","V0129","R041",3.66
"2550","V0129","R044",3.06
"2551","V0129","R032",3.08
"2552","V0129","R042",2.25
"2553","V0129","R023",4.93
"2554","V0129","R001",3.25
"2555","V0129","R016",2.81
"2556","V0129","R029",4.83
"2557","V0129","R019",2.12
"2558","V0130","R002",4.51
"2559","V0130","R016",4.14
"2560","V0130","R003",3.95
"2561","V0130","R005",6.29
"2562","V0130","R036",5.5
"2563","V0130","R008",4.91
"2564","V0130","R015",5.02
"2565","V0130","R031",4.29
"2566","V0130","R004",5.03
"2567","V0130","R050",5.38
"2568","V0130","R010",5.57
"2569","V0130","R047",2.6
"2570","V0130","R029",2.55
"2571","V0130","R018",6.52
"2572","V0130","R030",6.07
"2573","V0130","R040",5.96
"2574","V0130","R022",4.16
"2575","V0130","R028",1.89
"2576","V0130","R011",5.92
"2577","V0131","R045",3.73
"2578","V0131","R040",4.13
"2579","V0131","R017",5.03
"2580","V0131","R004",7.31
"2581","V0131","R024",4.16
"2582","V0131","R009",3.15
"2583","V0131","R016",4.11
"2584","V0131","R001",5.29
"2585","V0131","R010",3.59
"2586","V0131","R026",3.23
"2587","V0131","R003",4.37
"2588","V0131","R007",6.36
"2589","V0131","R002",4.09
"2590","V0131","R011",2.22
"2591","V0131","R035",4.08
"2592","V0131","R047",3.11
"2593","V0131","R025",4.72
"2594","V0131","R020",4.47
"2595","V0131","R039",4.75
"2596","V0131","R014",3.72
"2597","V0131","R030",3.69
"2598","V0131","R032",5.9
"2599","V0132","R011",5.9
"2600","V0132","R009",3.32
"2601","V0132","R022",4.12
"2602","V0132","R031",7.46
"2603","V0132","R043",4.64
"2604","V0132","R042",5.41
"2605","V0132","R023",4.68
"2606","V0132","R041",6.28
"2607","V0132","R036",5.02
"2608","V0132","R019",2.42
"2609","V0132","R032",5.31
"2610","V0132","R008",5.36
"2611","V0132","R005",4.04
"2612","V0132","R016",5.77
"2613","V0132","R047",4.48
"2614","V0132","R027",4.27
"2615","V0132","R006",6.1
"2616","V0132","R001",5.93
"2617","V0132","R026",4.11
"2618","V0132","R045",5.39
"2619","V0132","R024",4.67
"2620","V0132","R050",6.73
"2621","V0132","R046",4.54
"2622","V0132","R049",5.84
"2623","V0132","R048",4.83
"2624","V0132","R025",4.2
"2625","V0132","R021",4.78
"2626","V0132","R037",5.49
"2627","V0132","R035",6.28
"2628","V0132","R002",5.27
"2629","V0133","R004",4.48
"2630","V0133","R015",2.84
"2631","V0133","R027",4.83
"2632","V0133","R002",3.72
"2633","V0133","R022",2.19
"2634","V0133","R020",4.19
"2635","V0133","R034",4.36
"2636","V0133","R005",3.1
"2637","V0133","R024",5.86
"2638","V0133","R042",3.92
"2639","V0133","R040",4.22
"2640","V0133","R011",4.8
"2641","V0133","R045",1.65
"2642","V0133","R026",3.79
"2643","V0133","R003",5.56
"2644","V0133","R014",4.77
"2645","V0133","R013",3.54
"2646","V0133","R009",5.15
"2647","V0133","R016",4.04
"2648","V0133","R021",3.04
"2649","V0133","R044",2.52
"2650","V0133","R037",3.75
"2651","V0133","R001",4.16
"2652","V0134","R021",3.72
"2653","V0134","R015",3.93
"2654","V0134","R011",2.47
"2655","V0134","R050",3.63
"2656","V0134","R020",2.41
"2657","V0134","R006",4.33
"2658","V0134","R042",2.61
"2659","V0134","R010",4.49
"2660","V0134","R027",2.25
"2661","V0134","R043",5.07
"2662","V0134","R036",2.38
"2663","V0134","R035",2.61
"2664","V0134","R023",3.1
"2665","V0134","R004",2.8
"2666","V0134","R001",1.79
"2667","V0134","R022",2.78
"2668","V0134","R038",5.04
"2669","V0134","R008",3.53
"2670","V0134","R037",3.41
"2671","V0134","R007",5.71
"2672","V0134","R030",2.74
"2673","V0134","R033",2.89
"2674","V0135","R037",1.38
"2675","V0135","R030",3.67
"2676","V0135","R015",2.82
"2677","V0135","R044",2.88
"2678","V0135","R033",2.21
"2679","V0135","R008",2.16
"2680","V0135","R028",2.11
"2681","V0135","R014",2.76
"2682","V0135","R020",3.87
"2683","V0135","R017",2.98
"2684","V0135","R036",4.43
"2685","V0135","R022",1.52
"2686","V0135","R004",4.61
"2687","V0136","R037",2.65
"2688","V0136","R008",5.29
"2689","V0136","R009",4.47
"2690","V0136","R042",3.47
"2691","V0136","R043",3.33
"2692","V0136","R041",4.95
"2693","V0136","R012",4.8
"2694","V0136","R001",4.47
"2695","V0136","R003",3.49
"2696","V0136","R048",3.7
"2697","V0136","R022",0.92
"2698","V0137","R005",5.21
"2699","V0137","R041",6.92
"2700","V0137","R018",5.27
"2701","V0137","R035",2.81
"2702","V0137","R009",5.43
"2703","V0137","R023",6.87
"2704","V0137","R037",4.21
"2705","V0137","R047",3.1
"2706","V0137","R050",5.97
"2707","V0137","R039",3.61
"2708","V0137","R007",5.36
"2709","V0138","R025",1.42
"2710","V0138","R018",2.85
"2711","V0138","R020",3.62
"2712","V0138","R028",3.34
"2713","V0138","R037",1.11
"2714","V0138","R042",2.91
"2715","V0138","R022",1.28
"2716","V0138","R011",4.33
"2717","V0138","R002",3.03
"2718","V0138","R032",2.97
"2719","V0138","R001",3.12
"2720","V0138","R033",1.99
"2721","V0138","R045",1.58
"2722","V0138","R029",2.53
"2723","V0138","R035",4.26
"2724","V0138","R024",3.53
"2725","V0138","R006",5.16
"2726","V0138","R048",3.59
"2727","V0138","R036",2.3
"2728","V0138","R030",3.73
"2729","V0138","R005",2.91
"2730","V0138","R014",4.66
"2731","V0138","R031",3.83
"2732","V0138","R047",5.3
"2733","V0138","R050",0.97
"2734","V0138","R049",2.22
"2735","V0138","R007",4.31
"2736","V0138","R034",4.18
"2737","V0139","R017",5.42
"2738","V0139","R034",5.78
"2739","V0139","R043",5.55
"2740","V0139","R049",5.75
"2741","V0139","R018",5.74
"2742","V0139","R020",5.05
"2743","V0139","R035",1.6
"2744","V0139","R011",5.41
"2745","V0139","R015",4.32
"2746","V0139","R044",4.72
"2747","V0139","R019",4.88
"2748","V0139","R027",5.24
"2749","V0139","R004",4.36
"2750","V0139","R032",4.59
"2751","V0140","R003",3.27
"2752","V0140","R020",4.72
"2753","V0140","R044",4.74
"2754","V0140","R018",2.46
"2755","V0140","R002",3.18
"2756","V0140","R008",2.92
"2757","V0140","R011",6
"2758","V0140","R045",2.53
"2759","V0140","R035",3.73
"2760","V0140","R001",4.09
"2761","V0141","R014",2.96
"2762","V0141","R050",3.73
"2763","V0141","R022",3.55
"2764","V0141","R040",4.27
"2765","V0141","R015",1.76
"2766","V0141","R025",3.51
"2767","V0141","R004",3.61
"2768","V0141","R023",3.85
"2769","V0141","R012",4.03
"2770","V0141","R010",2.82
"2771","V0141","R009",5.5
"2772","V0141","R013",4.88
"2773","V0141","R029",4.46
"2774","V0141","R021",1.46
"2775","V0141","R028",4
"2776","V0141","R044",3.44
"2777","V0141","R019",3.26
"2778","V0141","R045",0.44
"2779","V0141","R042",2.94
"2780","V0141","R038",4.25
"2781","V0142","R047",2.21
"2782","V0142","R006",4.08
"2783","V0142","R044",5.26
"2784","V0142","R050",4.52
"2785","V0142","R004",7.85
"2786","V0142","R037",3.95
"2787","V0142","R001",6.53
"2788","V0142","R031",6.62
"2789","V0142","R028",3.56
"2790","V0142","R019",5.11
"2791","V0142","R007",7.86
"2792","V0142","R002",4.54
"2793","V0142","R009",3.76
"2794","V0142","R022",3.25
"2795","V0142","R014",6.64
"2796","V0142","R042",5.03
"2797","V0142","R036",5.09
"2798","V0142","R041",7.52
"2799","V0143","R045",2.61
"2800","V0143","R034",4.1
"2801","V0143","R023",3.55
"2802","V0143","R036",2.68
"2803","V0143","R002",2.78
"2804","V0143","R017",4.14
"2805","V0143","R044",3.75
"2806","V0143","R048",5.87
"2807","V0143","R019",0.9
"2808","V0143","R018",5.55
"2809","V0143","R033",2.88
"2810","V0143","R037",3.05
"2811","V0143","R022",3.51
"2812","V0143","R047",3.67
"2813","V0143","R011",3.95
"2814","V0143","R042",2.74
"2815","V0143","R040",3.04
"2816","V0143","R038",6.44
"2817","V0143","R024",0.28
"2818","V0144","R029",1.51
"2819","V0144","R050",0.85
"2820","V0144","R005",3.81
"2821","V0144","R041",3.95
"2822","V0144","R003",2.89
"2823","V0144","R028",1.84
"2824","V0144","R039",2.88
"2825","V0144","R021",3.25
"2826","V0144","R001",3.78
"2827","V0144","R017",2.52
"2828","V0144","R043",3.15
"2829","V0144","R040",3.65
"2830","V0144","R015",2.19
"2831","V0144","R019",3.5
"2832","V0144","R049",2.76
"2833","V0144","R030",3.58
"2834","V0144","R016",3.6
"2835","V0144","R036",2
"2836","V0144","R048",2.83
"2837","V0144","R045",0.39
"2838","V0144","R011",4.93
"2839","V0144","R006",2.14
"2840","V0144","R020",2.19
"2841","V0144","R025",3.39
"2842","V0145","R042",3.69
"2843","V0145","R019",1.3
"2844","V0145","R026",3.38
"2845","V0145","R030",2.29
"2846","V0145","R025",5.5
"2847","V0145","R022",3.29
"2848","V0145","R028",1.76
"2849","V0145","R015",1.14
"2850","V0145","R033",5.24
"2851","V0145","R004",3.42
"2852","V0145","R003",3.07
"2853","V0145","R036",1.38
"2854","V0145","R008",3.21
"2855","V0145","R002",3.99
"2856","V0145","R005",3.25
"2857","V0145","R017",5.47
"2858","V0145","R046",2.72
"2859","V0145","R044",4.67
"2860","V0145","R034",4.63
"2861","V0145","R021",2.87
"2862","V0145","R010",4.3
"2863","V0145","R011",1.95
"2864","V0145","R050",1.64
"2865","V0145","R020",1.42
"2866","V0145","R016",4.88
"2867","V0145","R041",1.88
"2868","V0145","R038",2.4
"2869","V0145","R040",2.36
"2870","V0145","R039",3.46
"2871","V0146","R007",2.59
"2872","V0146","R013",2.43
"2873","V0146","R012",5.02
"2874","V0146","R015",2.96
"2875","V0146","R009",2.14
"2876","V0146","R039",3.14
"2877","V0146","R016",2.9
"2878","V0146","R041",2.82
"2879","V0146","R046",3.26
"2880","V0146","R023",2.32
"2881","V0146","R043",2.02
"2882","V0146","R011",3.37
"2883","V0146","R001",2.95
"2884","V0146","R025",1.98
"2885","V0146","R003",1.68
"2886","V0146","R008",3.14
"2887","V0146","R047",2.67
"2888","V0146","R040",2.67
"2889","V0146","R014",3.96
"2890","V0146","R027",1.95
"2891","V0146","R031",2.85
"2892","V0146","R006",2.88
"2893","V0147","R029",4.01
"2894","V0147","R040",3.66
"2895","V0147","R011",3.34
"2896","V0147","R035",4.14
"2897","V0147","R036",3.51
"2898","V0147","R042",3.02
"2899","V0147","R028",1.97
"2900","V0147","R049",4.5
"2901","V0147","R007",3.85
"2902","V0147","R034",3.1
"2903","V0148","R030",3.58
"2904","V0148","R037",2.38
"2905","V0148","R014",3.48
"2906","V0148","R017",3.46
"2907","V0148","R007",3.66
"2908","V0148","R041",4.34
"2909","V0148","R047",1.95
"2910","V0148","R044",2.69
"2911","V0148","R034",3.34
"2912","V0148","R046",2.7
"2913","V0148","R033",4.02
"2914","V0148","R018",1.76
"2915","V0148","R039",2.48
"2916","V0148","R013",1.06
"2917","V0148","R027",5.1
"2918","V0148","R004",3.85
"2919","V0148","R031",3.8
"2920","V0148","R016",3.13
"2921","V0148","R011",3.1
"2922","V0148","R023",1.47
"2923","V0148","R015",2.77
"2924","V0148","R050",3.01
"2925","V0148","R049",3.57
"2926","V0148","R010",2.64
"2927","V0148","R040",3.68
"2928","V0148","R042",3.17
"2929","V0148","R020",5.27
"2930","V0149","R036",4.27
"2931","V0149","R011",3.99
"2932","V0149","R017",3.76
"2933","V0149","R022",3.23
"2934","V0149","R005",5.05
"2935","V0149","R025",3.86
"2936","V0149","R037",2.42
"2937","V0149","R030",3.84
"2938","V0149","R038",2.45
"2939","V0149","R010",3.65
"2940","V0149","R002",3.53
"2941","V0150","R015",2.53
"2942","V0150","R010",5.51
"2943","V0150","R024",4
"2944","V0150","R042",3.7
"2945","V0150","R037",5.25
"2946","V0150","R019",5.37
"2947","V0150","R013",4.53
"2948","V0150","R048",3.63
"2949","V0150","R026",3.93
"2950","V0150","R008",4.93
"2951","V0150","R002",5.89
"2952","V0150","R011",3.8
"2953","V0150","R006",5.48
"2954","V0150","R003",5.82
"2955","V0150","R012",3.93
"2956","V0151","R025",2.47
"2957","V0151","R037",4.33
"2958","V0151","R020",3.14
"2959","V0151","R004",2.73
"2960","V0151","R045",2.22
"2961","V0151","R007",5.24
"2962","V0151","R042",2.49
"2963","V0151","R048",3.58
"2964","V0151","R029",2.89
"2965","V0151","R031",3.49
"2966","V0151","R006",3.34
"2967","V0151","R002",3.83
"2968","V0151","R026",3.21
"2969","V0151","R027",3.07
"2970","V0151","R044",1.64
"2971","V0151","R015",2.08
"2972","V0151","R040",3.02
"2973","V0151","R034",3.21
"2974","V0151","R039",2.17
"2975","V0151","R041",2.6
"2976","V0151","R009",3.48
"2977","V0151","R043",2.76
"2978","V0151","R022",1.47
"2979","V0151","R003",3.19
"2980","V0151","R023",1
"2981","V0152","R013",2.16
"2982","V0152","R018",3.53
"2983","V0152","R023",2.13
"2984","V0152","R019",2.48
"2985","V0152","R049",1.47
"2986","V0152","R008",3.33
"2987","V0152","R032",2.1
"2988","V0152","R005",2.14
"2989","V0152","R050",2.05
"2990","V0152","R002",3.65
"2991","V0152","R025",2.21
"2992","V0152","R027",3.15
"2993","V0152","R034",3.22
"2994","V0153","R038",1.86
"2995","V0153","R002",3.42
"2996","V0153","R035",3.14
"2997","V0153","R005",4.29
"2998","V0153","R049",3.78
"2999","V0153","R029",2.96
"3000","V0153","R040",3.6
"3001","V0153","R023",4.63
"3002","V0153","R020",4.46
"3003","V0153","R012",2.75
"3004","V0153","R033",3.24
"3005","V0153","R008",2.85
"3006","V0153","R022",3.29
"3007","V0153","R028",2.62
"3008","V0153","R045",3.87
"3009","V0153","R013",2.42
"3010","V0153","R019",3.36
"3011","V0153","R047",3.24
"3012","V0153","R026",3.35
"3013","V0153","R003",3.85
"3014","V0154","R003",3.92
"3015","V0154","R019",5.18
"3016","V0154","R005",5.02
"3017","V0154","R002",5.13
"3018","V0154","R004",2.96
"3019","V0154","R009",5.37
"3020","V0154","R014",4.61
"3021","V0154","R024",3.04
"3022","V0154","R027",4.76
"3023","V0154","R022",2.3
"3024","V0154","R041",5.15
"3025","V0154","R045",3.18
"3026","V0154","R008",4.18
"3027","V0154","R037",4.98
"3028","V0154","R016",5.64
"3029","V0154","R029",2.42
"3030","V0154","R013",5.43
"3031","V0154","R020",5.75
"3032","V0154","R023",5.38
"3033","V0154","R039",2.42
"3034","V0154","R028",2.45
"3035","V0154","R042",5.41
"3036","V0154","R049",3.2
"3037","V0155","R043",2.58
"3038","V0155","R040",3.23
"3039","V0155","R031",3.78
"3040","V0155","R032",4.6
"3041","V0155","R008",2.16
"3042","V0155","R039",1.88
"3043","V0155","R049",4.12
"3044","V0155","R045",2.96
"3045","V0155","R044",3.54
"3046","V0155","R016",4.52
"3047","V0155","R004",4.05
"3048","V0155","R041",2.35
"3049","V0155","R037",2.22
"3050","V0155","R011",4.55
"3051","V0155","R024",2.62
"3052","V0155","R026",5.17
"3053","V0155","R033",5.58
"3054","V0155","R034",2.17
"3055","V0155","R047",4.17
"3056","V0155","R007",4.49
"3057","V0155","R017",3.95
"3058","V0155","R025",4.29
"3059","V0155","R021",3.56
"3060","V0155","R030",2.86
"3061","V0156","R048",5.26
"3062","V0156","R045",0.97
"3063","V0156","R036",2.76
"3064","V0156","R025",1.97
"3065","V0156","R034",2.11
"3066","V0156","R009",3.9
"3067","V0156","R006",3.42
"3068","V0156","R019",3.91
"3069","V0156","R021",3.01
"3070","V0156","R029",2.2
"3071","V0156","R016",6.64
"3072","V0156","R044",3.19
"3073","V0156","R020",4.59
"3074","V0156","R005",2.71
"3075","V0157","R020",4.85
"3076","V0157","R010",2.6
"3077","V0157","R022",3.31
"3078","V0157","R006",4.3
"3079","V0157","R045",3.17
"3080","V0157","R027",4
"3081","V0157","R017",5.98
"3082","V0157","R001",5.13
"3083","V0157","R009",3.63
"3084","V0157","R050",5.15
"3085","V0157","R025",5.4
"3086","V0157","R048",5.03
"3087","V0157","R018",2.57
"3088","V0157","R007",6.4
"3089","V0157","R039",3.75
"3090","V0157","R021",4.04
"3091","V0157","R008",4.24
"3092","V0157","R029",3.85
"3093","V0157","R042",4.53
"3094","V0157","R035",4.87
"3095","V0157","R023",4.74
"3096","V0157","R028",4.33
"3097","V0157","R044",6.05
"3098","V0157","R046",3.72
"3099","V0157","R043",4.73
"3100","V0157","R014",4.86
"3101","V0157","R016",4.12
"3102","V0158","R032",3.5
"3103","V0158","R023",4.03
"3104","V0158","R019",0.68
"3105","V0158","R024",3.53
"3106","V0158","R037",2.58
"3107","V0158","R027",2.92
"3108","V0158","R022",3.25
"3109","V0158","R011",3.75
"3110","V0158","R044",4.17
"3111","V0158","R030",3.4
"3112","V0158","R025",4.74
"3113","V0158","R034",2.4
"3114","V0158","R010",3.77
"3115","V0158","R047",0.29
"3116","V0158","R033",3.66
"3117","V0158","R028",2.42
"3118","V0158","R036",3.44
"3119","V0158","R001",2.44
"3120","V0158","R041",3.2
"3121","V0158","R049",4.71
"3122","V0159","R032",4.92
"3123","V0159","R045",4.34
"3124","V0159","R018",3.64
"3125","V0159","R023",3.9
"3126","V0159","R003",4.41
"3127","V0159","R028",4.72
"3128","V0159","R041",5.33
"3129","V0159","R046",5.68
"3130","V0159","R019",3.65
"3131","V0159","R015",5.2
"3132","V0159","R038",6.07
"3133","V0159","R025",5.54
"3134","V0159","R022",2.53
"3135","V0159","R026",4.63
"3136","V0159","R030",2.89
"3137","V0159","R043",3.67
"3138","V0159","R016",4.68
"3139","V0159","R049",5.88
"3140","V0159","R035",6.13
"3141","V0159","R040",5.48
"3142","V0159","R048",5.19
"3143","V0159","R029",3.45
"3144","V0159","R017",4.59
"3145","V0159","R044",4.02
"3146","V0159","R050",4.84
"3147","V0159","R042",6.49
"3148","V0159","R021",4.1
"3149","V0160","R050",2.96
"3150","V0160","R026",3
"3151","V0160","R009",5.32
"3152","V0160","R008",3.15
"3153","V0160","R037",2.9
"3154","V0160","R035",3.33
"3155","V0160","R023",1.43
"3156","V0160","R024",2.5
"3157","V0160","R048",2.07
"3158","V0160","R047",1.34
"3159","V0160","R039",0.71
"3160","V0160","R025",3.73
"3161","V0160","R041",3.29
"3162","V0160","R030",2.53
"3163","V0160","R004",1.34
"3164","V0160","R045",1.96
"3165","V0160","R015",2.7
"3166","V0160","R027",2.76
"3167","V0160","R018",1.8
"3168","V0160","R033",3.94
"3169","V0160","R021",0.61
"3170","V0160","R002",2.85
"3171","V0160","R040",2.33
"3172","V0160","R001",2.26
"3173","V0160","R022",0.55
"3174","V0160","R013",3.08
"3175","V0160","R005",2.11
"3176","V0161","R027",2.74
"3177","V0161","R018",3.42
"3178","V0161","R019",2.09
"3179","V0161","R025",3.7
"3180","V0161","R006",4.37
"3181","V0161","R023",5.23
"3182","V0161","R047",1.43
"3183","V0161","R033",4.76
"3184","V0161","R002",4.77
"3185","V0161","R021",3.14
"3186","V0161","R014",3.31
"3187","V0161","R020",4.93
"3188","V0161","R037",4.41
"3189","V0161","R045",3.3
"3190","V0161","R035",4.5
"3191","V0161","R001",3.78
"3192","V0161","R030",5.34
"3193","V0161","R026",2.02
"3194","V0161","R031",3.99
"3195","V0161","R032",3.42
"3196","V0162","R003",4.29
"3197","V0162","R009",6.22
"3198","V0162","R025",5.68
"3199","V0162","R006",3.7
"3200","V0162","R012",6.28
"3201","V0162","R008",4.45
"3202","V0162","R019",3.98
"3203","V0162","R020",4.78
"3204","V0162","R028",3.5
"3205","V0162","R004",4.38
"3206","V0162","R024",1.86
"3207","V0162","R027",2.18
"3208","V0162","R018",5.05
"3209","V0162","R045",2.18
"3210","V0163","R019",5.29
"3211","V0163","R002",4.01
"3212","V0163","R036",3.77
"3213","V0163","R020",5.4
"3214","V0163","R043",5.82
"3215","V0163","R024",6.87
"3216","V0163","R015",4.63
"3217","V0163","R022",4.29
"3218","V0163","R021",4.04
"3219","V0163","R010",5.93
"3220","V0163","R023",5.19
"3221","V0163","R044",3.84
"3222","V0163","R009",3.33
"3223","V0163","R017",3.95
"3224","V0163","R025",4.32
"3225","V0163","R045",2.28
"3226","V0163","R016",4.31
"3227","V0163","R048",4.45
"3228","V0163","R049",2.57
"3229","V0163","R029",4.72
"3230","V0163","R042",4.65
"3231","V0163","R050",4.57
"3232","V0163","R008",3.84
"3233","V0163","R026",4.53
"3234","V0164","R041",3.49
"3235","V0164","R019",3.07
"3236","V0164","R028",1.76
"3237","V0164","R048",2.68
"3238","V0164","R003",3.15
"3239","V0164","R026",1.52
"3240","V0164","R024",4.39
"3241","V0164","R032",1.93
"3242","V0164","R022",2.15
"3243","V0164","R007",4.4
"3244","V0164","R008",2.22
"3245","V0164","R011",1.12
"3246","V0164","R036",1.61
"3247","V0164","R037",3.38
"3248","V0164","R047",2.21
"3249","V0164","R001",3.92
"3250","V0164","R049",2.75
"3251","V0164","R038",4
"3252","V0165","R029",2.16
"3253","V0165","R009",1.47
"3254","V0165","R001",4.2
"3255","V0165","R030",2.71
"3256","V0165","R037",0.5
"3257","V0165","R007",1.34
"3258","V0165","R011",3.66
"3259","V0165","R035",4.22
"3260","V0165","R043",3.94
"3261","V0165","R005",2.85
"3262","V0165","R041",5
"3263","V0165","R031",2.56
"3264","V0165","R003",2.98
"3265","V0165","R008",2.34
"3266","V0165","R046",3.64
"3267","V0165","R050",1.58
"3268","V0165","R044",1.56
"3269","V0165","R004",1.46
"3270","V0166","R036",0
"3271","V0166","R009",4.05
"3272","V0166","R007",2.36
"3273","V0166","R002",2.8
"3274","V0166","R031",2.63
"3275","V0166","R015",4.29
"3276","V0166","R011",1.36
"3277","V0166","R020",1.79
"3278","V0166","R037",1.86
"3279","V0166","R016",1.84
"3280","V0166","R039",1.85
"3281","V0166","R018",2.62
"3282","V0166","R005",2.3
"3283","V0166","R041",2.51
"3284","V0166","R004",2.82
"3285","V0166","R035",1.65
"3286","V0166","R032",3.59
"3287","V0166","R006",3.76
"3288","V0166","R047",0.54
"3289","V0166","R013",2.86
"3290","V0167","R024",3.15
"3291","V0167","R049",3.66
"3292","V0167","R022",4.14
"3293","V0167","R025",2.69
"3294","V0167","R019",1.75
"3295","V0167","R012",4.75
"3296","V0167","R032",2.68
"3297","V0167","R038",4.41
"3298","V0167","R039",1.51
"3299","V0167","R030",2.28
"3300","V0167","R017",4.34
"3301","V0167","R004",3.68
"3302","V0167","R014",2.78
"3303","V0167","R046",2.26
"3304","V0167","R033",2.64
"3305","V0167","R035",3.83
"3306","V0167","R037",2.22
"3307","V0167","R018",3.76
"3308","V0167","R028",1.83
"3309","V0167","R023",3.18
"3310","V0168","R044",3.86
"3311","V0168","R025",2.43
"3312","V0168","R042",2.39
"3313","V0168","R019",0
"3314","V0168","R027",4.37
"3315","V0168","R016",3.89
"3316","V0168","R033",3.65
"3317","V0168","R020",2.86
"3318","V0168","R013",1.28
"3319","V0168","R050",4.66
"3320","V0168","R047",1.75
"3321","V0168","R003",3.52
"3322","V0168","R030",2.02
"3323","V0168","R014",3.02
"3324","V0168","R005",3.54
"3325","V0168","R008",3.58
"3326","V0168","R024",2.67
"3327","V0168","R017",1.53
"3328","V0169","R015",3.88
"3329","V0169","R030",4.19
"3330","V0169","R036",3.73
"3331","V0169","R022",2.24
"3332","V0169","R003",3.17
"3333","V0169","R001",4.77
"3334","V0169","R044",4.66
"3335","V0169","R040",4.17
"3336","V0169","R027",4.66
"3337","V0169","R031",4.71
"3338","V0169","R029",3.76
"3339","V0169","R047",2.82
"3340","V0169","R005",3.82
"3341","V0169","R013",5.16
"3342","V0169","R050",4.91
"3343","V0169","R002",2.35
"3344","V0169","R042",2.91
"3345","V0169","R028",3.96
"3346","V0169","R034",4.98
"3347","V0169","R046",3.12
"3348","V0169","R048",5.49
"3349","V0169","R045",1.88
"3350","V0169","R032",3.13
"3351","V0170","R028",4.87
"3352","V0170","R041",4.29
"3353","V0170","R005",3.88
"3354","V0170","R036",1.7
"3355","V0170","R021",4.06
"3356","V0170","R008",4.89
"3357","V0170","R040",2.93
"3358","V0170","R035",3.8
"3359","V0170","R003",2.64
"3360","V0170","R044",3.83
"3361","V0170","R031",4.66
"3362","V0170","R004",4.19
"3363","V0170","R024",2.74
"3364","V0170","R034",4.19
"3365","V0170","R011",3.53
"3366","V0170","R019",3.3
"3367","V0170","R001",5.78
"3368","V0170","R012",4.38
"3369","V0170","R037",5.09
"3370","V0170","R049",2.92
"3371","V0170","R038",3.92
"3372","V0170","R033",3.32
"3373","V0171","R038",2.77
"3374","V0171","R043",5.07
"3375","V0171","R039",2.68
"3376","V0171","R007",2.98
"3377","V0171","R024",3.33
"3378","V0171","R044",3.24
"3379","V0171","R031",4.27
"3380","V0171","R003",3.51
"3381","V0171","R037",1.88
"3382","V0171","R002",2.36
"3383","V0171","R026",2.96
"3384","V0171","R016",2.93
"3385","V0171","R018",2.28
"3386","V0172","R034",4.76
"3387","V0172","R040",5.03
"3388","V0172","R001",5.74
"3389","V0172","R031",5.4
"3390","V0172","R048",3.5
"3391","V0172","R008",6.03
"3392","V0172","R041",6.44
"3393","V0172","R004",6.14
"3394","V0172","R013",4.59
"3395","V0172","R021",4.85
"3396","V0172","R023",4.51
"3397","V0172","R028",1.82
"3398","V0172","R012",4.81
"3399","V0172","R009",2.91
"3400","V0172","R046",4.75
"3401","V0172","R043",3.55
"3402","V0172","R042",4.45
"3403","V0172","R026",4.97
"3404","V0172","R015",4.94
"3405","V0172","R049",5.73
"3406","V0172","R014",4.09
"3407","V0172","R003",6.81
"3408","V0172","R010",4.83
"3409","V0172","R016",4.43
"3410","V0172","R027",3.2
"3411","V0172","R037",6.19
"3412","V0172","R029",4.81
"3413","V0173","R020",3.19
"3414","V0173","R022",0.51
"3415","V0173","R003",4.13
"3416","V0173","R012",4.64
"3417","V0173","R046",4.1
"3418","V0173","R043",2.73
"3419","V0173","R014",5.18
"3420","V0173","R032",4.79
"3421","V0173","R019",3.25
"3422","V0173","R027",4.26
"3423","V0173","R010",2.27
"3424","V0173","R015",2.92
"3425","V0173","R042",3.19
"3426","V0174","R012",5.6
"3427","V0174","R028",3.8
"3428","V0174","R018",5.16
"3429","V0174","R002",2.4
"3430","V0174","R031",6.19
"3431","V0174","R010",4.64
"3432","V0174","R006",5.74
"3433","V0174","R003",4.87
"3434","V0174","R033",5.97
"3435","V0174","R037",4.63
"3436","V0174","R044",6.82
"3437","V0174","R013",4.82
"3438","V0174","R026",4.93
"3439","V0174","R022",4.04
"3440","V0174","R050",5.36
"3441","V0174","R011",5.36
"3442","V0174","R047",3.6
"3443","V0174","R038",5.69
"3444","V0174","R049",4.11
"3445","V0175","R012",6.53
"3446","V0175","R047",4.56
"3447","V0175","R041",5.24
"3448","V0175","R003",4.9
"3449","V0175","R015",5.44
"3450","V0175","R004",2.29
"3451","V0175","R028",2.51
"3452","V0175","R036",2.34
"3453","V0175","R030",2.21
"3454","V0175","R029",3.6
"3455","V0175","R007",6
"3456","V0175","R031",4.64
"3457","V0175","R045",1.34
"3458","V0175","R027",3.24
"3459","V0175","R020",3.44
"3460","V0175","R021",4.07
"3461","V0175","R033",5.6
"3462","V0175","R035",4.56
"3463","V0175","R025",5.04
"3464","V0175","R010",2.97
"3465","V0175","R026",5.37
"3466","V0176","R002",3.38
"3467","V0176","R015",2.31
"3468","V0176","R047",2.8
"3469","V0176","R040",3.04
"3470","V0176","R005",5.8
"3471","V0176","R022",2.78
"3472","V0176","R034",4.17
"3473","V0176","R035",3.91
"3474","V0176","R049",5.84
"3475","V0176","R001",5.85
"3476","V0176","R024",2.92
"3477","V0176","R041",6.09
"3478","V0176","R012",4.19
"3479","V0176","R023",5.7
"3480","V0176","R036",3.11
"3481","V0176","R007",3.68
"3482","V0176","R033",4.24
"3483","V0176","R045",2.37
"3484","V0176","R048",4.4
"3485","V0176","R014",3.84
"3486","V0176","R009",3.62
"3487","V0176","R031",4.35
"3488","V0176","R011",5.92
"3489","V0177","R045",2.46
"3490","V0177","R043",4.6
"3491","V0177","R012",6.66
"3492","V0177","R020",5.03
"3493","V0177","R047",3.74
"3494","V0177","R006",7.1
"3495","V0177","R022",0.27
"3496","V0177","R027",2.78
"3497","V0177","R029",4.02
"3498","V0177","R004",6.01
"3499","V0177","R017",3.48
"3500","V0177","R033",5.73
"3501","V0178","R031",4.02
"3502","V0178","R040",4.21
"3503","V0178","R045",4.12
"3504","V0178","R003",2.54
"3505","V0178","R008",3.42
"3506","V0178","R017",4.44
"3507","V0178","R019",2.52
"3508","V0178","R025",2.86
"3509","V0178","R001",3.71
"3510","V0178","R007",2.14
"3511","V0178","R034",2.18
"3512","V0179","R031",2.5
"3513","V0179","R011",2.53
"3514","V0179","R041",3.09
"3515","V0179","R002",3.42
"3516","V0179","R047",3.17
"3517","V0179","R014",2.08
"3518","V0179","R023",2.9
"3519","V0179","R050",3.1
"3520","V0179","R039",0.82
"3521","V0179","R025",2.93
"3522","V0179","R020",2.02
"3523","V0179","R043",2.82
"3524","V0179","R042",2.3
"3525","V0179","R032",3.3
"3526","V0179","R013",0.72
"3527","V0180","R005",0.9
"3528","V0180","R038",4.17
"3529","V0180","R013",3.95
"3530","V0180","R037",3.3
"3531","V0180","R014",5.49
"3532","V0180","R021",2.57
"3533","V0180","R016",4.81
"3534","V0180","R009",4.53
"3535","V0180","R030",3.8
"3536","V0180","R022",3.02
"3537","V0180","R040",3.12
"3538","V0180","R029",4.7
"3539","V0180","R020",3.89
"3540","V0180","R028",4.24
"3541","V0180","R011",5.02
"3542","V0180","R039",4.3
"3543","V0180","R003",4.15
"3544","V0180","R031",2.46
"3545","V0180","R045",3.87
"3546","V0180","R047",2.91
"3547","V0180","R004",3.76
"3548","V0180","R041",3.37
"3549","V0180","R018",3.72
"3550","V0180","R050",3.8
"3551","V0180","R034",5.09
"3552","V0180","R027",4.38
"3553","V0180","R008",3.5
"3554","V0180","R035",4.28
"3555","V0180","R023",5.17
"3556","V0180","R036",2.9
"3557","V0181","R019",1.79
"3558","V0181","R007",2.59
"3559","V0181","R050",2.96
"3560","V0181","R027",1.92
"3561","V0181","R003",2.44
"3562","V0181","R030",3.15
"3563","V0181","R043",0
"3564","V0181","R020",3.23
"3565","V0181","R024",1.83
"3566","V0181","R010",3.15
"3567","V0181","R018",2.02
"3568","V0181","R042",2.27
"3569","V0181","R023",3.54
"3570","V0181","R047",3.37
"3571","V0181","R039",2.98
"3572","V0182","R046",4.53
"3573","V0182","R013",4.31
"3574","V0182","R002",2.51
"3575","V0182","R039",0.91
"3576","V0182","R047",1.19
"3577","V0182","R045",3.04
"3578","V0182","R020",2.99
"3579","V0182","R029",3.13
"3580","V0182","R023",2.02
"3581","V0182","R018",5.28
"3582","V0182","R014",2.69
"3583","V0182","R032",2.42
"3584","V0182","R025",3.36
"3585","V0182","R027",0.5
"3586","V0182","R031",2.34
"3587","V0182","R007",2.35
"3588","V0182","R034",1.72
"3589","V0183","R033",2.51
"3590","V0183","R013",3.49
"3591","V0183","R035",5.47
"3592","V0183","R010",1.61
"3593","V0183","R024",3.46
"3594","V0183","R037",3.81
"3595","V0183","R019",2.93
"3596","V0183","R044",5.55
"3597","V0183","R031",3.92
"3598","V0183","R030",4.55
"3599","V0183","R025",5.91
"3600","V0183","R017",1.93
"3601","V0183","R002",4.06
"3602","V0183","R005",3.22
"3603","V0183","R049",4.99
"3604","V0183","R027",2.92
"3605","V0183","R041",2.6
"3606","V0183","R023",3.62
"3607","V0183","R021",2.43
"3608","V0184","R027",4.34
"3609","V0184","R036",3.73
"3610","V0184","R035",2.78
"3611","V0184","R030",2.75
"3612","V0184","R044",3.91
"3613","V0184","R026",3.74
"3614","V0184","R034",1.98
"3615","V0184","R015",1.92
"3616","V0184","R003",4.55
"3617","V0184","R021",2.46
"3618","V0184","R046",2.41
"3619","V0184","R038",3.54
"3620","V0184","R001",3.06
"3621","V0184","R031",5.4
"3622","V0185","R037",5
"3623","V0185","R028",2.9
"3624","V0185","R010",4.4
"3625","V0185","R012",3.82
"3626","V0185","R033",1.65
"3627","V0185","R030",2.55
"3628","V0185","R007",4.73
"3629","V0185","R019",1.03
"3630","V0185","R041",5.78
"3631","V0185","R004",4.37
"3632","V0185","R046",2.03
"3633","V0185","R016",4.26
"3634","V0185","R021",1.47
"3635","V0185","R047",3.37
"3636","V0185","R039",3.72
"3637","V0185","R009",4.12
"3638","V0185","R042",4.66
"3639","V0185","R001",5.15
"3640","V0185","R015",2.8
"3641","V0185","R031",3.38
"3642","V0185","R014",4.81
"3643","V0185","R008",4.05
"3644","V0185","R024",3.23
"3645","V0185","R027",4.72
"3646","V0185","R003",4.73
"3647","V0185","R045",3.77
"3648","V0185","R013",4.28
"3649","V0185","R020",4.6
"3650","V0186","R050",0.86
"3651","V0186","R042",0.38
"3652","V0186","R021",0.66
"3653","V0186","R043",4.6
"3654","V0186","R029",3.25
"3655","V0186","R001",3.8
"3656","V0186","R012",1.2
"3657","V0186","R039",2.85
"3658","V0186","R037",1.23
"3659","V0186","R032",1.74
"3660","V0187","R011",4.22
"3661","V0187","R045",3.09
"3662","V0187","R034",2.59
"3663","V0187","R005",3.95
"3664","V0187","R023",4.58
"3665","V0187","R003",1.92
"3666","V0187","R049",4.73
"3667","V0187","R010",3.24
"3668","V0187","R050",3.2
"3669","V0187","R014",4.67
"3670","V0187","R042",2.35
"3671","V0187","R035",6.17
"3672","V0187","R022",0.85
"3673","V0187","R029",3.14
"3674","V0187","R002",3.48
"3675","V0187","R025",4.46
"3676","V0187","R048",3.29
"3677","V0187","R016",2.99
"3678","V0187","R043",4.97
"3679","V0187","R017",4.18
"3680","V0187","R019",3.49
"3681","V0187","R004",4.53
"3682","V0187","R020",4.14
"3683","V0187","R008",3.65
"3684","V0187","R028",2.13
"3685","V0187","R038",4.6
"3686","V0187","R015",2.64
"3687","V0187","R037",2.34
"3688","V0188","R017",2.01
"3689","V0188","R001",3.85
"3690","V0188","R038",1.08
"3691","V0188","R044",1.91
"3692","V0188","R015",1.72
"3693","V0188","R004",0.99
"3694","V0188","R012",4.49
"3695","V0188","R050",3.7
"3696","V0188","R035",3.52
"3697","V0188","R036",4.22
"3698","V0188","R042",1.99
"3699","V0188","R026",1.55
"3700","V0188","R037",1.21
"3701","V0188","R028",2.31
"3702","V0188","R049",5.22
"3703","V0188","R031",2.84
"3704","V0188","R029",1.57
"3705","V0188","R039",3.26
"3706","V0188","R048",2.38
"3707","V0188","R043",4.31
"3708","V0188","R027",2.74
"3709","V0188","R008",3.93
"3710","V0188","R024",1.8
"3711","V0188","R002",2.02
"3712","V0188","R006",3.41
"3713","V0188","R025",3.23
"3714","V0189","R033",6.95
"3715","V0189","R012",7.04
"3716","V0189","R020",6.32
"3717","V0189","R047",3.32
"3718","V0189","R007",6.27
"3719","V0189","R032",4.87
"3720","V0189","R024",3.63
"3721","V0189","R028",5.35
"3722","V0189","R049",3.45
"3723","V0189","R039",7.47
"3724","V0189","R050",5.02
"3725","V0189","R042",4.56
"3726","V0189","R036",6.97
"3727","V0189","R002",5.77
"3728","V0189","R038",5.14
"3729","V0189","R029",3.33
"3730","V0189","R001",5.47
"3731","V0189","R027",5.55
"3732","V0189","R034",5.8
"3733","V0189","R023",4.21
"3734","V0189","R015",4.74
"3735","V0189","R026",4.85
"3736","V0189","R037",4.66
"3737","V0189","R043",6.15
"3738","V0189","R044",4.8
"3739","V0189","R021",3.18
"3740","V0190","R013",0
"3741","V0190","R047",1.86
"3742","V0190","R011",2.11
"3743","V0190","R001",3.6
"3744","V0190","R041",2.02
"3745","V0190","R029",2.67
"3746","V0190","R034",2.64
"3747","V0190","R035",3.41
"3748","V0190","R023",3.47
"3749","V0190","R040",3.52
"3750","V0190","R039",3.98
"3751","V0190","R021",3.12
"3752","V0190","R050",1.61
"3753","V0190","R045",2.99
"3754","V0190","R002",1.6
"3755","V0191","R038",5.93
"3756","V0191","R030",4.6
"3757","V0191","R017",3.96
"3758","V0191","R013",4.77
"3759","V0191","R014",4.68
"3760","V0191","R023",3.06
"3761","V0191","R016",6.11
"3762","V0191","R021",3.61
"3763","V0191","R032",4.78
"3764","V0191","R018",3.54
"3765","V0191","R034",3.24
"3766","V0191","R049",4.02
"3767","V0191","R009",3.09
"3768","V0191","R001",5.39
"3769","V0191","R025",5.47
"3770","V0191","R029",5.97
"3771","V0191","R046",4.39
"3772","V0191","R007",5.1
"3773","V0191","R015",2.55
"3774","V0191","R039",6.77
"3775","V0191","R008",3.13
"3776","V0192","R003",4.43
"3777","V0192","R041",2.91
"3778","V0192","R025",4.65
"3779","V0192","R044",3.56
"3780","V0192","R031",1.75
"3781","V0192","R027",3.91
"3782","V0192","R011",3.45
"3783","V0192","R049",4.3
"3784","V0192","R047",5.01
"3785","V0192","R006",3.88
"3786","V0192","R014",3
"3787","V0192","R023",3
"3788","V0192","R008",2.72
"3789","V0192","R009",2.93
"3790","V0192","R042",2.03
"3791","V0192","R001",4.08
"3792","V0192","R034",5.37
"3793","V0192","R046",3.27
"3794","V0192","R002",1.77
"3795","V0192","R017",2.81
"3796","V0192","R048",1.95
"3797","V0192","R033",5.19
"3798","V0192","R045",2.48
"3799","V0192","R043",2.39
"3800","V0193","R022",1.94
"3801","V0193","R036",3.67
"3802","V0193","R038",3.6
"3803","V0193","R027",2.49
"3804","V0193","R028",2.79
"3805","V0193","R041",3.94
"3806","V0193","R031",3.98
"3807","V0193","R035",5.68
"3808","V0193","R009",2.3
"3809","V0193","R010",4.27
"3810","V0193","R007",7.35
"3811","V0193","R043",4.82
"3812","V0193","R011",5.8
"3813","V0193","R016",4.07
"3814","V0193","R029",3.89
"3815","V0193","R018",3.63
"3816","V0193","R023",3.38
"3817","V0193","R005",6.42
"3818","V0193","R017",2.3
"3819","V0193","R019",1.78
"3820","V0193","R025",4.03
"3821","V0194","R049",3.34
"3822","V0194","R047",0.76
"3823","V0194","R021",3.63
"3824","V0194","R013",2.01
"3825","V0194","R014",3.26
"3826","V0194","R042",2.27
"3827","V0194","R019",2.14
"3828","V0194","R016",3.06
"3829","V0194","R009",2.08
"3830","V0194","R026",2.77
"3831","V0194","R036",2.62
"3832","V0195","R037",1.47
"3833","V0195","R008",4.38
"3834","V0195","R018",2.64
"3835","V0195","R032",4.35
"3836","V0195","R007",5.04
"3837","V0195","R006",3.22
"3838","V0195","R022",1.98
"3839","V0195","R046",3.74
"3840","V0195","R049",2.93
"3841","V0195","R003",3.61
"3842","V0195","R014",4.22
"3843","V0195","R028",3.01
"3844","V0195","R016",5.18
"3845","V0195","R031",3.39
"3846","V0195","R033",3.77
"3847","V0195","R005",5.77
"3848","V0195","R029",2.05
"3849","V0195","R011",2.5
"3850","V0195","R023",3.1
"3851","V0195","R030",2.72
"3852","V0195","R045",3.21
"3853","V0195","R001",2.58
"3854","V0195","R043",5
"3855","V0196","R027",4.11
"3856","V0196","R005",2.3
"3857","V0196","R041",5.85
"3858","V0196","R018",3.62
"3859","V0196","R038",2.22
"3860","V0196","R003",5.04
"3861","V0196","R019",2.14
"3862","V0196","R006",3.4
"3863","V0196","R033",2.76
"3864","V0196","R007",5.27
"3865","V0196","R008",4.6
"3866","V0196","R037",2.42
"3867","V0196","R028",2.78
"3868","V0196","R034",4.05
"3869","V0196","R012",7.12
"3870","V0196","R009",5.37
"3871","V0196","R001",3.35
"3872","V0197","R015",5.34
"3873","V0197","R038",3.69
"3874","V0197","R018",4.27
"3875","V0197","R047",4.01
"3876","V0197","R012",6.09
"3877","V0197","R002",6.03
"3878","V0197","R046",4.36
"3879","V0197","R017",5.83
"3880","V0197","R033",3.39
"3881","V0197","R042",4.31
"3882","V0197","R043",6.19
"3883","V0197","R007",5.58
"3884","V0197","R004",4.89
"3885","V0197","R013",3.66
"3886","V0197","R039",3.53
"3887","V0197","R008",5.03
"3888","V0197","R024",3.8
"3889","V0197","R010",4.37
"3890","V0197","R050",5.56
"3891","V0198","R001",2.55
"3892","V0198","R023",2.54
"3893","V0198","R040",1.89
"3894","V0198","R007",3
"3895","V0198","R009",2.67
"3896","V0198","R035",2.82
"3897","V0198","R025",4.14
"3898","V0198","R008",1.32
"3899","V0198","R028",4.03
"3900","V0198","R038",2.43
"3901","V0198","R029",2.45
"3902","V0198","R031",2.44
"3903","V0198","R011",3.16
"3904","V0198","R032",3.41
"3905","V0198","R046",4.55
"3906","V0198","R016",2.58
"3907","V0198","R015",2.24
"3908","V0198","R048",2.59
"3909","V0198","R033",3.03
"3910","V0199","R003",2.41
"3911","V0199","R013",3.44
"3912","V0199","R026",1.71
"3913","V0199","R034",4.15
"3914","V0199","R019",2.22
"3915","V0199","R046",3.69
"3916","V0199","R040",3.37
"3917","V0199","R041",4.24
"3918","V0199","R045",2.42
"3919","V0199","R043",3.89
"3920","V0199","R016",3.65
"3921","V0199","R033",3.55
"3922","V0199","R049",0.89
"3923","V0200","R036",2.98
"3924","V0200","R042",2.98
"3925","V0200","R021",3.56
"3926","V0200","R050",2.79
"3927","V0200","R017",3.74
"3928","V0200","R022",1.67
"3929","V0200","R004",2.66
"3930","V0200","R011",4.21
"3931","V0200","R044",3.24
"3932","V0200","R023",2.77
"3933","V0200","R032",3.72
"3934","V0200","R031",4.36
"3935","V0200","R007",3.44
"3936","V0200","R019",1.29
"3937","V0201","R035",2.4
"3938","V0201","R020",4.84
"3939","V0201","R046",3.97
"3940","V0201","R049",2.71
"3941","V0201","R017",2.47
"3942","V0201","R004",3.46
"3943","V0201","R034",3.83
"3944","V0201","R002",3.38
"3945","V0201","R045",2.59
"3946","V0201","R036",4.83
"3947","V0201","R022",1.18
"3948","V0201","R030",3.72
"3949","V0201","R038",2.07
"3950","V0201","R026",3.49
"3951","V0201","R025",3.08
"3952","V0201","R001",5.66
"3953","V0201","R032",4.16
"3954","V0201","R027",3.63
"3955","V0201","R005",3.65
"3956","V0201","R031",3.78
"3957","V0201","R012",4.93
"3958","V0201","R007",4.77
"3959","V0201","R042",2.1
"3960","V0201","R009",3
"3961","V0201","R047",3.77
"3962","V0201","R008",3.22
"3963","V0201","R033",3.28
"3964","V0201","R016",3.88
"3965","V0201","R024",3.96
"3966","V0202","R014",2.92
"3967","V0202","R017",3.38
"3968","V0202","R006",4.24
"3969","V0202","R021",3.41
"3970","V0202","R044",4.23
"3971","V0202","R040",4.03
"3972","V0202","R033",3.46
"3973","V0202","R010",3.29
"3974","V0202","R046",4
"3975","V0202","R023",3.25
"3976","V0202","R038",3.99
"3977","V0202","R050",1.82
"3978","V0202","R047",2.35
"3979","V0203","R035",2.42
"3980","V0203","R050",5.21
"3981","V0203","R047",3.1
"3982","V0203","R037",4.59
"3983","V0203","R024",2.87
"3984","V0203","R007",3.69
"3985","V0203","R034",3.7
"3986","V0203","R015",3.27
"3987","V0203","R038",4.72
"3988","V0203","R003",5.15
"3989","V0203","R036",3.53
"3990","V0203","R039",3.6
"3991","V0204","R003",4.89
"3992","V0204","R050",3.6
"3993","V0204","R028",3.33
"3994","V0204","R034",2.42
"3995","V0204","R046",4.25
"3996","V0204","R017",4.4
"3997","V0204","R019",2.83
"3998","V0204","R009",4.98
"3999","V0204","R030",2.39
"4000","V0204","R023",4.17
"4001","V0204","R027",4
"4002","V0204","R020",4.76
"4003","V0204","R002",5.38
"4004","V0204","R008",3.59
"4005","V0204","R035",4.43
"4006","V0204","R036",3.32
"4007","V0204","R004",2.29
"4008","V0204","R043",3.18
"4009","V0204","R026",2.51
"4010","V0204","R042",2.51
"4011","V0204","R021",1.99
"4012","V0204","R024",3.2
"4013","V0204","R037",3.4
"4014","V0204","R032",2.65
"4015","V0204","R010",3.99
"4016","V0204","R015",4.04
"4017","V0204","R033",2.9
"4018","V0204","R014",3.9
"4019","V0205","R013",3.57
"4020","V0205","R004",6.32
"4021","V0205","R028",2.18
"4022","V0205","R027",3
"4023","V0205","R016",5.87
"4024","V0205","R037",3.84
"4025","V0205","R001",5.53
"4026","V0205","R048",2.04
"4027","V0205","R005",3.21
"4028","V0205","R020",4.02
"4029","V0205","R043",3.35
"4030","V0205","R038",2.45
"4031","V0205","R019",2.5
"4032","V0205","R041",1.06
"4033","V0205","R040",3.13
"4034","V0205","R029",4.25
"4035","V0205","R017",3.7
"4036","V0205","R003",3.59
"4037","V0205","R030",2.42
"4038","V0205","R026",2.1
"4039","V0205","R010",4.09
"4040","V0205","R039",5.12
"4041","V0205","R009",2.65
"4042","V0205","R042",2.29
"4043","V0205","R032",3.37
"4044","V0206","R028",3.69
"4045","V0206","R034",3.9
"4046","V0206","R041",4.54
"4047","V0206","R005",3.07
"4048","V0206","R030",2.97
"4049","V0206","R021",2.35
"4050","V0206","R029",2.59
"4051","V0206","R003",4.45
"4052","V0206","R036",1.9
"4053","V0206","R047",1.46
"4054","V0206","R027",2.24
"4055","V0206","R012",2.74
"4056","V0206","R008",2.73
"4057","V0206","R048",1.82
"4058","V0206","R042",2.37
"4059","V0207","R039",4.18
"4060","V0207","R024",5.96
"4061","V0207","R042",5.3
"4062","V0207","R028",3.84
"4063","V0207","R008",5.89
"4064","V0207","R032",6.38
"4065","V0207","R023",4.91
"4066","V0207","R015",6.69
"4067","V0207","R036",2.89
"4068","V0207","R048",5.32
"4069","V0207","R043",5.35
"4070","V0207","R046",3.76
"4071","V0207","R035",7.42
"4072","V0207","R005",4.85
"4073","V0207","R041",5.09
"4074","V0207","R038",3.24
"4075","V0207","R012",7.97
"4076","V0207","R004",5.55
"4077","V0207","R007",6.97
"4078","V0207","R017",5
"4079","V0207","R050",7.01
"4080","V0207","R010",3.43
"4081","V0207","R002",4.54
"4082","V0207","R001",5.51
"4083","V0207","R030",5.69
"4084","V0207","R009",6.34
"4085","V0207","R040",4.68
"4086","V0207","R020",8.03
"4087","V0208","R034",4.58
"4088","V0208","R042",2.93
"4089","V0208","R045",2.88
"4090","V0208","R007",3.61
"4091","V0208","R001",4.91
"4092","V0208","R050",4.36
"4093","V0208","R044",4.99
"4094","V0208","R038",5.13
"4095","V0208","R040",3.33
"4096","V0208","R013",4.15
"4097","V0208","R032",4.28
"4098","V0208","R009",4.68
"4099","V0208","R005",4.53
"4100","V0208","R030",3.93
"4101","V0208","R015",3.37
"4102","V0208","R018",4.16
"4103","V0208","R016",5.49
"4104","V0208","R049",3.34
"4105","V0208","R037",2.48
"4106","V0208","R008",3.26
"4107","V0209","R034",3.34
"4108","V0209","R023",3.24
"4109","V0209","R032",4.02
"4110","V0209","R015",2.69
"4111","V0209","R030",3.66
"4112","V0209","R031",5
"4113","V0209","R028",2.22
"4114","V0209","R019",4.31
"4115","V0209","R020",3.61
"4116","V0209","R042",5.16
"4117","V0209","R050",5.27
"4118","V0209","R027",5.62
"4119","V0209","R039",3.35
"4120","V0209","R043",4.77
"4121","V0209","R036",2.61
"4122","V0209","R025",5.25
"4123","V0209","R037",3.21
"4124","V0209","R049",4.94
"4125","V0209","R007",3.79
"4126","V0209","R002",3.44
"4127","V0209","R038",3.22
"4128","V0210","R001",6.17
"4129","V0210","R004",5.83
"4130","V0210","R028",4.16
"4131","V0210","R014",6.55
"4132","V0210","R020",6.11
"4133","V0210","R035",6.19
"4134","V0210","R040",7.55
"4135","V0210","R025",7.01
"4136","V0210","R009",5.2
"4137","V0210","R047",3.94
"4138","V0210","R036",6.82
"4139","V0210","R022",4.32
"4140","V0210","R031",6.53
"4141","V0210","R012",8.27
"4142","V0211","R041",2.57
"4143","V0211","R017",2.27
"4144","V0211","R034",3.17
"4145","V0211","R026",3.62
"4146","V0211","R028",2.11
"4147","V0211","R032",2.16
"4148","V0211","R050",2.77
"4149","V0211","R036",1.88
"4150","V0211","R048",2.11
"4151","V0211","R003",3.67
"4152","V0211","R027",0.85
"4153","V0211","R030",2.76
"4154","V0211","R047",2.72
"4155","V0211","R046",2.06
"4156","V0211","R004",2.99
"4157","V0211","R013",3.37
"4158","V0211","R029",2.4
"4159","V0211","R021",2.9
"4160","V0211","R012",3.29
"4161","V0211","R037",3.81
"4162","V0211","R019",4.21
"4163","V0211","R049",2.23
"4164","V0211","R035",3.08
"4165","V0211","R022",0.91
"4166","V0211","R016",4.14
"4167","V0211","R001",4.18
"4168","V0211","R010",3.19
"4169","V0212","R013",4.01
"4170","V0212","R016",3.12
"4171","V0212","R023",2.52
"4172","V0212","R005",3.34
"4173","V0212","R024",4.76
"4174","V0212","R022",2.76
"4175","V0212","R043",3.78
"4176","V0212","R017",1.03
"4177","V0212","R028",2.57
"4178","V0212","R008",4.68
"4179","V0212","R035",2.6
"4180","V0212","R019",2.57
"4181","V0212","R044",2.92
"4182","V0212","R041",2.41
"4183","V0212","R021",2.66
"4184","V0212","R009",1.96
"4185","V0212","R048",3.56
"4186","V0212","R012",2.68
"4187","V0212","R036",2.23
"4188","V0212","R032",3.11
"4189","V0212","R015",3.64
"4190","V0212","R010",3.54
"4191","V0213","R007",3.22
"4192","V0213","R030",2.6
"4193","V0213","R028",4.12
"4194","V0213","R027",2.77
"4195","V0213","R014",2.38
"4196","V0213","R047",3.81
"4197","V0213","R037",3.92
"4198","V0213","R042",2.28
"4199","V0213","R001",4.89
"4200","V0213","R029",2.32
"4201","V0213","R012",4.41
"4202","V0213","R044",3
"4203","V0213","R039",0.76
"4204","V0213","R034",3.51
"4205","V0213","R043",2.58
"4206","V0213","R038",2.6
"4207","V0213","R045",3.15
"4208","V0213","R010",3.52
"4209","V0213","R025",3.1
"4210","V0213","R009",1.4
"4211","V0213","R036",3.73
"4212","V0214","R004",4.08
"4213","V0214","R009",5.17
"4214","V0214","R008",4.91
"4215","V0214","R026",3.77
"4216","V0214","R021",4.05
"4217","V0214","R034",5.2
"4218","V0214","R030",3.28
"4219","V0214","R033",4.86
"4220","V0214","R010",4.77
"4221","V0214","R011",3.72
"4222","V0214","R031",4.55
"4223","V0214","R017",4.75
"4224","V0214","R015",3.67
"4225","V0214","R049",2.75
"4226","V0214","R039",3.58
"4227","V0214","R027",5.18
"4228","V0215","R017",3.61
"4229","V0215","R019",1.97
"4230","V0215","R050",3.39
"4231","V0215","R047",2.59
"4232","V0215","R036",2.22
"4233","V0215","R028",2.83
"4234","V0215","R025",4.21
"4235","V0215","R045",2.53
"4236","V0215","R020",4.76
"4237","V0215","R022",4.36
"4238","V0215","R018",2.92
"4239","V0215","R038",3.45
"4240","V0215","R015",3.41
"4241","V0215","R033",2.81
"4242","V0215","R005",3.1
"4243","V0215","R035",3.56
"4244","V0215","R013",1.53
"4245","V0215","R016",3.91
"4246","V0215","R034",3.92
"4247","V0215","R007",4.93
"4248","V0215","R044",3.01
"4249","V0215","R049",3.46
"4250","V0215","R011",3.79
"4251","V0215","R040",4.89
"4252","V0215","R010",1.68
"4253","V0215","R029",4.94
"4254","V0215","R032",3.86
"4255","V0215","R039",1.85
"4256","V0216","R045",1.78
"4257","V0216","R032",1.97
"4258","V0216","R025",4.14
"4259","V0216","R003",3.38
"4260","V0216","R012",5.8
"4261","V0216","R044",2.65
"4262","V0216","R050",3.74
"4263","V0216","R041",4.98
"4264","V0216","R022",3.5
"4265","V0216","R019",2.99
"4266","V0216","R035",2.54
"4267","V0216","R021",3.71
"4268","V0216","R040",2.83
"4269","V0216","R016",4.73
"4270","V0216","R014",3.6
"4271","V0216","R042",2.58
"4272","V0216","R010",4.43
"4273","V0216","R006",3.65
"4274","V0216","R048",3
"4275","V0216","R007",5.04
"4276","V0216","R002",2.42
"4277","V0216","R027",3.02
"4278","V0216","R047",3.96
"4279","V0216","R020",5.8
"4280","V0216","R008",3.72
"4281","V0216","R039",2.29
"4282","V0216","R015",3.83
"4283","V0216","R001",3.39
"4284","V0217","R012",2.59
"4285","V0217","R041",2.57
"4286","V0217","R040",2.91
"4287","V0217","R010",2.86
"4288","V0217","R026",4.54
"4289","V0217","R007",2.91
"4290","V0217","R027",2.56
"4291","V0217","R005",3.69
"4292","V0217","R049",3.81
"4293","V0217","R043",4.85
"4294","V0217","R042",3.24
"4295","V0217","R020",3.96
"4296","V0217","R013",3.87
"4297","V0217","R047",2.62
"4298","V0217","R048",5.34
"4299","V0217","R024",2.74
"4300","V0217","R002",2.82
"4301","V0217","R028",1.76
"4302","V0217","R030",3.31
"4303","V0217","R019",3.34
"4304","V0217","R017",3.42
"4305","V0217","R031",2.87
"4306","V0217","R037",3.98
"4307","V0217","R016",5.53
"4308","V0217","R022",3.25
"4309","V0217","R015",1.88
"4310","V0218","R004",4.93
"4311","V0218","R006",2.78
"4312","V0218","R014",5.02
"4313","V0218","R036",4.22
"4314","V0218","R021",2.59
"4315","V0218","R022",2.43
"4316","V0218","R024",3.48
"4317","V0218","R047",4.52
"4318","V0218","R039",2.5
"4319","V0218","R037",3.2
"4320","V0218","R001",2.78
"4321","V0218","R029",3.21
"4322","V0218","R023",3.51
"4323","V0218","R050",3.77
"4324","V0218","R020",3.77
"4325","V0218","R025",3.69
"4326","V0218","R031",5.19
"4327","V0219","R016",2.45
"4328","V0219","R048",2.67
"4329","V0219","R028",2.76
"4330","V0219","R027",3.46
"4331","V0219","R004",3.92
"4332","V0219","R042",3.48
"4333","V0219","R011",3.91
"4334","V0219","R026",1.69
"4335","V0219","R030",2.42
"4336","V0219","R033",5.68
"4337","V0219","R020",2.03
"4338","V0219","R040",4.19
"4339","V0219","R008",2.89
"4340","V0219","R001",3.51
"4341","V0219","R034",1.54
"4342","V0219","R022",2.58
"4343","V0219","R012",3
"4344","V0219","R006",3.5
"4345","V0219","R017",4.72
"4346","V0220","R025",8.87
"4347","V0220","R023",6.99
"4348","V0220","R036",4.23
"4349","V0220","R012",7.58
"4350","V0220","R018",4.68
"4351","V0220","R026",4.36
"4352","V0220","R022",3.57
"4353","V0220","R003",7.87
"4354","V0220","R033",4.98
"4355","V0220","R019",4.49
"4356","V0220","R031",7.62
"4357","V0220","R042",4.7
"4358","V0220","R006",6.08
"4359","V0220","R038",4.93
"4360","V0220","R004",5.43
"4361","V0220","R050",6.69
"4362","V0220","R014",5.74
"4363","V0220","R007",7.29
"4364","V0220","R005",7.22
"4365","V0220","R016",5.79
"4366","V0220","R037",5.39
"4367","V0220","R017",5.59
"4368","V0220","R009",7.43
"4369","V0220","R021",4.75
"4370","V0220","R048",6.38
"4371","V0221","R021",0.91
"4372","V0221","R009",1.99
"4373","V0221","R040",2.75
"4374","V0221","R038",2.82
"4375","V0221","R036",2.34
"4376","V0221","R034",1.19
"4377","V0221","R033",2.39
"4378","V0221","R014",2.59
"4379","V0221","R011",4.09
"4380","V0221","R005",0.89
"4381","V0221","R020",2.33
"4382","V0221","R029",1.3
"4383","V0221","R003",4.6
"4384","V0221","R027",1.93
"4385","V0221","R039",4.88
"4386","V0221","R035",3.98
"4387","V0221","R016",5
"4388","V0221","R019",0.64
"4389","V0222","R044",4.48
"4390","V0222","R029",4.1
"4391","V0222","R024",2.98
"4392","V0222","R023",1.78
"4393","V0222","R030",4.75
"4394","V0222","R048",1.77
"4395","V0222","R045",3.79
"4396","V0222","R040",2.98
"4397","V0222","R017",3.01
"4398","V0222","R003",5.8
"4399","V0222","R047",2.96
"4400","V0222","R021",3.29
"4401","V0222","R050",5.11
"4402","V0222","R010",2.76
"4403","V0223","R041",5.43
"4404","V0223","R025",4.26
"4405","V0223","R036",3.7
"4406","V0223","R037",1.77
"4407","V0223","R032",5.75
"4408","V0223","R002",3.69
"4409","V0223","R023",1.01
"4410","V0223","R017",2.62
"4411","V0223","R006",4.27
"4412","V0223","R045",0.83
"4413","V0223","R048",3.81
"4414","V0223","R047",4.55
"4415","V0223","R044",3.23
"4416","V0223","R028",2.26
"4417","V0223","R010",2.73
"4418","V0223","R026",4.31
"4419","V0223","R008",2.81
"4420","V0223","R027",5.41
"4421","V0223","R014",4.09
"4422","V0223","R050",3.91
"4423","V0223","R030",3.86
"4424","V0223","R034",3.66
"4425","V0223","R031",5.5
"4426","V0223","R024",4.52
"4427","V0224","R047",3.62
"4428","V0224","R033",4.41
"4429","V0224","R044",3.36
"4430","V0224","R032",5.14
"4431","V0224","R030",3.51
"4432","V0224","R024",2.13
"4433","V0224","R017",2.65
"4434","V0224","R022",4.36
"4435","V0224","R020",4.84
"4436","V0224","R040",4.94
"4437","V0224","R013",3.54
"4438","V0224","R003",5.62
"4439","V0224","R015",3.48
"4440","V0224","R016",4.31
"4441","V0224","R007",5.14
"4442","V0224","R048",2.73
"4443","V0224","R026",3.96
"4444","V0224","R028",4.04
"4445","V0224","R038",5.65
"4446","V0224","R043",5.24
"4447","V0224","R005",2.82
"4448","V0224","R039",2.9
"4449","V0224","R034",3.65
"4450","V0224","R041",4.07
"4451","V0224","R037",3.37
"4452","V0224","R036",4.44
"4453","V0225","R026",3.51
"4454","V0225","R010",1.62
"4455","V0225","R027",1.93
"4456","V0225","R033",3.31
"4457","V0225","R042",1.53
"4458","V0225","R006",2.32
"4459","V0225","R040",1.43
"4460","V0225","R034",2.65
"4461","V0225","R048",3.34
"4462","V0225","R046",1.88
"4463","V0225","R035",3.62
"4464","V0225","R003",3.48
"4465","V0225","R050",2.19
"4466","V0225","R037",2.07
"4467","V0225","R032",2.2
"4468","V0225","R028",3.14
"4469","V0225","R045",2.85
"4470","V0225","R021",2.33
"4471","V0225","R049",2.29
"4472","V0226","R004",3.78
"4473","V0226","R015",4.64
"4474","V0226","R020",3.52
"4475","V0226","R047",3.74
"4476","V0226","R037",1.68
"4477","V0226","R001",5.18
"4478","V0226","R022",1.99
"4479","V0226","R006",3.38
"4480","V0226","R017",3.52
"4481","V0226","R031",4.49
"4482","V0226","R028",1.27
"4483","V0226","R003",3.95
"4484","V0226","R029",2.69
"4485","V0227","R043",3.99
"4486","V0227","R030",4.76
"4487","V0227","R020",2.26
"4488","V0227","R041",3.08
"4489","V0227","R017",4.05
"4490","V0227","R040",4
"4491","V0227","R014",3.72
"4492","V0227","R012",1.77
"4493","V0227","R019",2.21
"4494","V0227","R036",1.69
"4495","V0227","R011",0.64
"4496","V0227","R049",0.41
"4497","V0227","R001",4.18
"4498","V0227","R018",4.19
"4499","V0228","R005",2.8
"4500","V0228","R006",4.54
"4501","V0228","R038",4.63
"4502","V0228","R049",4.68
"4503","V0228","R043",3.88
"4504","V0228","R040",4.36
"4505","V0228","R001",5.54
"4506","V0228","R014",3.79
"4507","V0228","R044",6.37
"4508","V0228","R029",4.26
"4509","V0228","R033",5.11
"4510","V0228","R017",3.24
"4511","V0228","R042",1.7
"4512","V0228","R013",4.05
"4513","V0228","R015",3.78
"4514","V0228","R032",5.34
"4515","V0228","R026",4.69
"4516","V0228","R046",4.17
"4517","V0228","R050",3.91
"4518","V0228","R030",3.12
"4519","V0228","R021",3.91
"4520","V0228","R031",4.1
"4521","V0228","R034",4.34
"4522","V0228","R047",4.5
"4523","V0229","R003",2.4
"4524","V0229","R040",1.23
"4525","V0229","R011",4.16
"4526","V0229","R028",3.29
"4527","V0229","R007",2.58
"4528","V0229","R033",4.93
"4529","V0229","R050",0.82
"4530","V0229","R038",3.19
"4531","V0229","R048",2
"4532","V0229","R023",4.18
"4533","V0229","R009",5.08
"4534","V0229","R035",3.58
"4535","V0229","R039",4.7
"4536","V0229","R014",2.11
"4537","V0229","R042",0.97
"4538","V0229","R044",4.55
"4539","V0229","R036",1.68
"4540","V0229","R049",4.54
"4541","V0229","R001",3.08
"4542","V0229","R006",2.82
"4543","V0229","R025",1.32
"4544","V0229","R030",3.81
"4545","V0229","R032",4.98
"4546","V0230","R005",2.87
"4547","V0230","R014",3.87
"4548","V0230","R028",3.94
"4549","V0230","R039",1.88
"4550","V0230","R016",2.9
"4551","V0230","R007",3.72
"4552","V0230","R049",1.5
"4553","V0230","R003",3.7
"4554","V0230","R012",3.4
"4555","V0230","R031",5.78
"4556","V0230","R025",2.3
"4557","V0230","R038",3.34
"4558","V0230","R015",3.3
"4559","V0230","R044",4.16
"4560","V0230","R018",1.96
"4561","V0230","R027",3.4
"4562","V0230","R036",2.2
"4563","V0230","R034",2.94
"4564","V0230","R023",4.08
"4565","V0231","R032",3.83
"4566","V0231","R001",5.2
"4567","V0231","R008",4.39
"4568","V0231","R037",4.12
"4569","V0231","R007",4.05
"4570","V0231","R006",3.69
"4571","V0231","R033",5.78
"4572","V0231","R021",2.41
"4573","V0231","R029",2.53
"4574","V0231","R035",4.04
"4575","V0231","R012",4.71
"4576","V0231","R002",2.94
"4577","V0231","R005",2.46
"4578","V0231","R022",2.64
"4579","V0231","R044",5.16
"4580","V0231","R014",4.74
"4581","V0231","R016",4.17
"4582","V0231","R047",2.47
"4583","V0231","R041",2.82
"4584","V0231","R049",3.45
"4585","V0231","R038",3.36
"4586","V0231","R020",4.71
"4587","V0231","R011",5.21
"4588","V0231","R025",4.58
"4589","V0231","R004",4.43
"4590","V0231","R015",3.99
"4591","V0231","R030",1.75
"4592","V0232","R002",2.88
"4593","V0232","R015",2.98
"4594","V0232","R037",2.33
"4595","V0232","R030",3.68
"4596","V0232","R020",3.18
"4597","V0232","R041",2.03
"4598","V0232","R005",4.38
"4599","V0232","R012",2
"4600","V0232","R009",2.8
"4601","V0232","R039",1.67
"4602","V0232","R049",3.2
"4603","V0232","R043",2.58
"4604","V0232","R022",1.35
"4605","V0232","R034",2.31
"4606","V0232","R001",5.49
"4607","V0232","R023",3.26
"4608","V0232","R040",1.99
"4609","V0232","R024",2.22
"4610","V0232","R033",2.25
"4611","V0232","R017",2.28
"4612","V0232","R021",1.33
"4613","V0232","R048",3.44
"4614","V0232","R044",3.6
"4615","V0232","R019",3.3
"4616","V0232","R047",5.16
"4617","V0232","R042",1.92
"4618","V0233","R022",4.03
"4619","V0233","R045",2.9
"4620","V0233","R033",3.62
"4621","V0233","R047",1.89
"4622","V0233","R042",3.75
"4623","V0233","R034",3.98
"4624","V0233","R018",3.26
"4625","V0233","R004",3.1
"4626","V0233","R006",3.53
"4627","V0233","R019",3.65
"4628","V0233","R025",1.98
"4629","V0233","R016",3.09
"4630","V0233","R008",3.68
"4631","V0233","R012",4.32
"4632","V0233","R031",3.11
"4633","V0233","R009",4.44
"4634","V0233","R037",4.44
"4635","V0233","R044",4.63
"4636","V0233","R032",2.54
"4637","V0233","R014",4.85
"4638","V0233","R024",4.27
"4639","V0233","R036",2.56
"4640","V0233","R002",4.48
"4641","V0233","R038",4.57
"4642","V0233","R041",3.15
"4643","V0233","R017",2.71
"4644","V0233","R040",4.68
"4645","V0234","R036",3.64
"4646","V0234","R010",4.1
"4647","V0234","R014",2.23
"4648","V0234","R022",2.62
"4649","V0234","R031",3.82
"4650","V0234","R007",2.88
"4651","V0234","R018",2.58
"4652","V0234","R004",2.8
"4653","V0234","R023",2.26
"4654","V0234","R050",3.33
"4655","V0235","R039",3.61
"4656","V0235","R037",2.69
"4657","V0235","R042",0.23
"4658","V0235","R044",3.82
"4659","V0235","R007",4.97
"4660","V0235","R050",2.89
"4661","V0235","R048",3.73
"4662","V0235","R022",1.53
"4663","V0235","R018",4.29
"4664","V0235","R002",2.35
"4665","V0235","R003",2.74
"4666","V0235","R047",2.07
"4667","V0236","R009",3.57
"4668","V0236","R029",3.69
"4669","V0236","R044",4.02
"4670","V0236","R049",1.5
"4671","V0236","R013",1.19
"4672","V0236","R040",1.77
"4673","V0236","R020",3.55
"4674","V0236","R002",2.08
"4675","V0236","R004",2.95
"4676","V0236","R032",3.07
"4677","V0236","R016",0.35
"4678","V0236","R014",3.1
"4679","V0236","R048",1.45
"4680","V0236","R006",3.35
"4681","V0236","R001",2.44
"4682","V0236","R023",4.1
"4683","V0236","R021",1.97
"4684","V0236","R039",2.56
"4685","V0236","R012",3.68
"4686","V0236","R003",2.69
"4687","V0236","R047",0.57
"4688","V0236","R042",4.48
"4689","V0236","R025",1.8
"4690","V0236","R017",2.47
"4691","V0236","R026",2.13
"4692","V0236","R041",2.88
"4693","V0236","R046",0.73
"4694","V0236","R024",1.75
"4695","V0237","R043",2.71
"4696","V0237","R030",2.61
"4697","V0237","R005",1.66
"4698","V0237","R033",1.93
"4699","V0237","R003",2.38
"4700","V0237","R045",1.98
"4701","V0237","R023",3.17
"4702","V0237","R024",4.05
"4703","V0237","R015",3.22
"4704","V0237","R026",1.72
"4705","V0237","R004",2.4
"4706","V0237","R008",1.1
"4707","V0237","R031",3.24
"4708","V0237","R041",2.05
"4709","V0237","R017",3.3
"4710","V0237","R007",3.82
"4711","V0237","R048",3.69
"4712","V0237","R028",1.83
"4713","V0237","R035",3.43
"4714","V0237","R039",2.58
"4715","V0237","R046",2.88
"4716","V0237","R001",1.69
"4717","V0237","R036",0.42
"4718","V0237","R006",3.8
"4719","V0237","R022",0.77
"4720","V0237","R010",3.27
"4721","V0237","R034",2.24
"4722","V0238","R015",3.79
"4723","V0238","R036",2.25
"4724","V0238","R046",5.21
"4725","V0238","R009",5.53
"4726","V0238","R007",5.08
"4727","V0238","R043",6.38
"4728","V0238","R031",3.14
"4729","V0238","R019",3.24
"4730","V0238","R006",3.92
"4731","V0238","R005",6.33
"4732","V0238","R041",4.53
"4733","V0238","R033",5.05
"4734","V0238","R002",4.01
"4735","V0238","R032",2.84
"4736","V0238","R024",4.82
"4737","V0238","R040",3.74
"4738","V0238","R034",3.89
"4739","V0239","R014",6.37
"4740","V0239","R046",4.33
"4741","V0239","R025",5.94
"4742","V0239","R001",6.91
"4743","V0239","R012",6.2
"4744","V0239","R016",5.99
"4745","V0239","R038",3.16
"4746","V0239","R008",5.04
"4747","V0239","R029",5.64
"4748","V0239","R009",5.38
"4749","V0239","R019",2.83
"4750","V0239","R021",2.82
"4751","V0239","R013",3.76
"4752","V0239","R003",4.66
"4753","V0239","R042",4.65
"4754","V0239","R044",4.6
"4755","V0239","R034",5.22
"4756","V0239","R050",4.27
"4757","V0239","R033",6.07
"4758","V0239","R022",1.62
"4759","V0239","R049",4.75
"4760","V0239","R020",6.6
"4761","V0239","R005",3.76
"4762","V0239","R018",3.43
"4763","V0239","R045",4.34
"4764","V0239","R030",4.55
"4765","V0239","R011",6.37
"4766","V0240","R010",4.41
"4767","V0240","R002",4.81
"4768","V0240","R045",3.41
"4769","V0240","R022",2.63
"4770","V0240","R023",3.93
"4771","V0240","R004",4.78
"4772","V0240","R021",5.67
"4773","V0240","R016",3.69
"4774","V0240","R026",5.01
"4775","V0240","R034",4.29
"4776","V0240","R047",2.26
"4777","V0240","R049",4.94
"4778","V0240","R003",4.42
"4779","V0240","R032",3.68
"4780","V0240","R005",4.41
"4781","V0240","R014",4.62
"4782","V0240","R048",5.89
"4783","V0240","R027",2.93
"4784","V0240","R012",5.66
"4785","V0240","R015",3.12
"4786","V0240","R013",2.89
"4787","V0241","R008",3.15
"4788","V0241","R013",3.34
"4789","V0241","R044",4.28
"4790","V0241","R034",5.03
"4791","V0241","R042",2.44
"4792","V0241","R003",5.24
"4793","V0241","R011",3.92
"4794","V0241","R039",2.56
"4795","V0241","R016",5.67
"4796","V0241","R020",3.94
"4797","V0241","R028",3.06
"4798","V0241","R030",3.37
"4799","V0241","R035",3.36
"4800","V0241","R019",2.44
"4801","V0242","R007",5.27
"4802","V0242","R049",4.77
"4803","V0242","R012",5.64
"4804","V0242","R010",2.1
"4805","V0242","R034",3.02
"4806","V0242","R030",3.71
"4807","V0242","R001",3.54
"4808","V0242","R045",1.51
"4809","V0242","R009",3.62
"4810","V0242","R018",2.59
"4811","V0242","R008",3.32
"4812","V0242","R031",4.1
"4813","V0242","R024",3.52
"4814","V0242","R039",2.92
"4815","V0242","R013",3.23
"4816","V0242","R043",1.81
"4817","V0242","R017",3.9
"4818","V0242","R036",3.94
"4819","V0242","R006",3.93
"4820","V0242","R047",3
"4821","V0242","R028",2.49
"4822","V0242","R025",4.16
"4823","V0242","R021",4.74
"4824","V0242","R046",4
"4825","V0242","R032",4.85
"4826","V0243","R034",2.87
"4827","V0243","R035",4.87
"4828","V0243","R031",1.71
"4829","V0243","R005",7.02
"4830","V0243","R010",1.98
"4831","V0243","R049",2.29
"4832","V0243","R016",4.79
"4833","V0243","R027",5.58
"4834","V0243","R028",2.97
"4835","V0243","R008",4.37
"4836","V0243","R036",3.03
"4837","V0243","R040",3.23
"4838","V0243","R048",3.68
"4839","V0243","R033",5.13
"4840","V0243","R037",2.21
"4841","V0243","R019",2.38
"4842","V0243","R003",3.3
"4843","V0243","R038",2.98
"4844","V0243","R022",2.58
"4845","V0243","R001",2.45
"4846","V0243","R009",4.21
"4847","V0243","R047",4.85
"4848","V0243","R007",5.5
"4849","V0243","R017",4.76
"4850","V0243","R006",5.17
"4851","V0243","R002",4.51
"4852","V0243","R042",3.07
"4853","V0243","R041",6.12
"4854","V0244","R002",3.39
"4855","V0244","R044",3.93
"4856","V0244","R041",2.71
"4857","V0244","R037",2.76
"4858","V0244","R006",2.28
"4859","V0244","R020",2.32
"4860","V0244","R027",4.31
"4861","V0244","R033",5.23
"4862","V0244","R015",2.02
"4863","V0244","R014",3.39
"4864","V0244","R028",4.12
"4865","V0244","R042",2.98
"4866","V0244","R049",3.5
"4867","V0244","R048",4.72
"4868","V0244","R018",2.26
"4869","V0245","R050",4.18
"4870","V0245","R023",3.55
"4871","V0245","R027",3.57
"4872","V0245","R038",2.18
"4873","V0245","R032",3.93
"4874","V0245","R015",5.16
"4875","V0245","R010",5.6
"4876","V0245","R036",5.41
"4877","V0245","R018",4.38
"4878","V0245","R049",5.61
"4879","V0245","R017",3.61
"4880","V0245","R002",3.74
"4881","V0245","R047",2.56
"4882","V0246","R047",1.39
"4883","V0246","R021",2.21
"4884","V0246","R010",6.43
"4885","V0246","R044",5.12
"4886","V0246","R002",3.57
"4887","V0246","R008",3.37
"4888","V0246","R018",4.51
"4889","V0246","R004",5.36
"4890","V0246","R023",4.98
"4891","V0246","R030",5.17
"4892","V0246","R041",5.49
"4893","V0246","R027",2.88
"4894","V0246","R001",5.18
"4895","V0246","R012",4.96
"4896","V0246","R019",2.37
"4897","V0246","R013",4.63
"4898","V0246","R031",4.03
"4899","V0246","R011",4.36
"4900","V0246","R022",1.95
"4901","V0246","R025",5.6
"4902","V0246","R050",4.01
"4903","V0246","R045",1.9
"4904","V0246","R046",5.95
"4905","V0246","R040",4.97
"4906","V0246","R033",4.56
"4907","V0246","R035",4.31
"4908","V0246","R026",4.04
"4909","V0246","R048",3.34
"4910","V0246","R003",4.5
"4911","V0247","R020",3.04
"4912","V0247","R048",5.04
"4913","V0247","R022",2.8
"4914","V0247","R032",3.7
"4915","V0247","R037",3.52
"4916","V0247","R028",3.18
"4917","V0247","R001",6.28
"4918","V0247","R025",4.33
"4919","V0247","R016",4.69
"4920","V0247","R023",3.72
"4921","V0248","R050",4.93
"4922","V0248","R031",4.27
"4923","V0248","R027",3.06
"4924","V0248","R013",4.68
"4925","V0248","R004",6.92
"4926","V0248","R001",4.63
"4927","V0248","R046",2.4
"4928","V0248","R039",4.8
"4929","V0248","R040",4.68
"4930","V0248","R017",4.48
"4931","V0248","R029",3.36
"4932","V0248","R012",5.07
"4933","V0248","R041",6.55
"4934","V0248","R005",6.32
"4935","V0249","R013",3.13
"4936","V0249","R002",1.31
"4937","V0249","R018",2.64
"4938","V0249","R050",3.2
"4939","V0249","R015",1.58
"4940","V0249","R030",3.52
"4941","V0249","R020",4.19
"4942","V0249","R010",2.78
"4943","V0249","R049",4.96
"4944","V0249","R045",1.98
"4945","V0249","R001",3.21
"4946","V0249","R044",3.21
"4947","V0249","R031",3.82
"4948","V0249","R014",2.82
"4949","V0249","R024",3.69
"4950","V0249","R009",1.02
"4951","V0249","R033",3.02
"4952","V0250","R040",2.8
"4953","V0250","R014",3.44
"4954","V0250","R030",4.61
"4955","V0250","R033",3.6
"4956","V0250","R024",3.69
"4957","V0250","R015",4.35
"4958","V0250","R048",2.8
"4959","V0250","R043",2.01
"4960","V0250","R010",5.76
"4961","V0250","R025",5.47
"4962","V0250","R034",3.01
"4963","V0250","R044",0.69
"4964","V0250","R018",3.43
"4965","V0250","R002",5.77
"4966","V0250","R029",3.74
"4967","V0250","R041",4.36
"4968","V0250","R011",5.34
"4969","V0250","R050",2.85
"4970","V0250","R001",5.95
"4971","V0250","R022",2.78
"4972","V0250","R035",4.57
"4973","V0250","R013",4.28
"4974","V0250","R042",3.23
"4975","V0250","R039",3.18
"4976","V0250","R046",4.39
"4977","V0250","R023",1.93
"4978","V0250","R005",3.61
"4979","V0250","R026",5.33
"4980","V0251","R016",4.26
"4981","V0251","R045",3.1
"4982","V0251","R028",2.19
"4983","V0251","R025",3.12
"4984","V0251","R020",3.52
"4985","V0251","R015",3.64
"4986","V0251","R023",2.96
"4987","V0251","R035",2.71
"4988","V0251","R006",3.51
"4989","V0251","R031",3.16
"4990","V0251","R011",2.31
"4991","V0251","R030",3.86
"4992","V0251","R017",4.66
"4993","V0251","R044",4
"4994","V0251","R004",3.92
"4995","V0251","R050",3.89
"4996","V0251","R042",3.45
"4997","V0251","R021",3.8
"4998","V0251","R002",4.07
"4999","V0251","R013",1.25
"5000","V0251","R036",2.51
"5001","V0251","R010",2.94
"5002","V0251","R041",2.83
"5003","V0251","R001",5.48
"5004","V0251","R019",3.88
"5005","V0251","R018",3.08
"5006","V0251","R022",2.59
"5007","V0251","R033",3.62
"5008","V0252","R016",2.55
"5009","V0252","R005",3.71
"5010","V0252","R006",5.48
"5011","V0252","R008",1.14
"5012","V0252","R050",0.94
"5013","V0252","R003",2.68
"5014","V0252","R032",3.38
"5015","V0252","R027",3.55
"5016","V0252","R018",2.06
"5017","V0252","R011",3.16
"5018","V0252","R023",3.54
"5019","V0252","R020",1.9
"5020","V0252","R024",1.95
"5021","V0252","R035",2.73
"5022","V0252","R001",3.1
"5023","V0252","R029",4.6
"5024","V0252","R040",2.7
"5025","V0252","R026",1.46
"5026","V0252","R004",2.09
"5027","V0252","R036",3.09
"5028","V0252","R013",3.52
"5029","V0252","R019",2.6
"5030","V0252","R012",3.24
"5031","V0252","R041",0.99
"5032","V0252","R033",3.08
"5033","V0252","R045",1.76
"5034","V0252","R015",2.99
"5035","V0253","R046",3.18
"5036","V0253","R014",1.57
"5037","V0253","R048",2.42
"5038","V0253","R038",3.31
"5039","V0253","R007",3.88
"5040","V0253","R023",3.58
"5041","V0253","R039",2.77
"5042","V0253","R006",2.8
"5043","V0253","R022",0.92
"5044","V0253","R041",3.58
"5045","V0253","R027",3.38
"5046","V0253","R004",3.75
"5047","V0253","R033",1.99
"5048","V0253","R034",2.76
"5049","V0253","R035",1.9
"5050","V0253","R031",2.56
"5051","V0253","R021",2.93
"5052","V0253","R009",1.13
"5053","V0254","R029",3.12
"5054","V0254","R033",3
"5055","V0254","R013",3.75
"5056","V0254","R014",3.95
"5057","V0254","R028",3.19
"5058","V0254","R012",2.39
"5059","V0254","R011",5.7
"5060","V0254","R021",3.88
"5061","V0254","R025",2.47
"5062","V0254","R050",2.54
"5063","V0254","R035",4.57
"5064","V0254","R001",3.93
"5065","V0254","R016",4.05
"5066","V0254","R023",3.25
"5067","V0255","R030",1.48
"5068","V0255","R003",4.46
"5069","V0255","R008",2.05
"5070","V0255","R002",2.73
"5071","V0255","R047",2.63
"5072","V0255","R026",3.69
"5073","V0255","R024",1.85
"5074","V0255","R015",1.79
"5075","V0255","R012",3.53
"5076","V0255","R010",3.5
"5077","V0255","R046",3.61
"5078","V0255","R032",3.89
"5079","V0255","R022",1.4
"5080","V0255","R023",3.84
"5081","V0255","R019",1.37
"5082","V0255","R041",3.32
"5083","V0255","R029",3.21
"5084","V0255","R038",3.56
"5085","V0255","R035",3.73
"5086","V0255","R048",4.59
"5087","V0255","R013",2.34
"5088","V0255","R031",4.37
"5089","V0256","R044",2.08
"5090","V0256","R013",3.78
"5091","V0256","R010",4.73
"5092","V0256","R023",4.11
"5093","V0256","R033",5.03
"5094","V0256","R047",3.59
"5095","V0256","R006",4.96
"5096","V0256","R039",2.52
"5097","V0256","R015",3.33
"5098","V0256","R027",4.95
"5099","V0256","R032",4.66
"5100","V0256","R012",6.3
"5101","V0257","R017",3.11
"5102","V0257","R049",3.18
"5103","V0257","R024",6.57
"5104","V0257","R035",4.44
"5105","V0257","R009",5.65
"5106","V0257","R044",3.54
"5107","V0257","R033",6.36
"5108","V0257","R012",4.31
"5109","V0257","R011",4.5
"5110","V0257","R026",3.43
"5111","V0257","R030",3.31
"5112","V0257","R010",3.36
"5113","V0257","R043",4.2
"5114","V0257","R032",4.39
"5115","V0257","R015",2.48
"5116","V0257","R041",3.8
"5117","V0257","R038",2.32
"5118","V0257","R040",5.27
"5119","V0258","R007",2.99
"5120","V0258","R038",1.42
"5121","V0258","R006",2.51
"5122","V0258","R002",4.35
"5123","V0258","R035",2.41
"5124","V0258","R046",3.32
"5125","V0258","R050",4.37
"5126","V0258","R027",2.28
"5127","V0258","R033",3.41
"5128","V0258","R044",4.1
"5129","V0258","R041",3.75
"5130","V0258","R037",1.7
"5131","V0258","R031",2.53
"5132","V0258","R024",4.02
"5133","V0258","R019",1.18
"5134","V0258","R049",2.05
"5135","V0258","R014",4.16
"5136","V0258","R023",4.09
"5137","V0258","R040",3.01
"5138","V0258","R012",3.48
"5139","V0258","R045",2.71
"5140","V0258","R003",1.96
"5141","V0258","R048",3.69
"5142","V0258","R018",3.43
"5143","V0259","R021",2.34
"5144","V0259","R023",5.87
"5145","V0259","R050",3.28
"5146","V0259","R030",4.15
"5147","V0259","R049",2.17
"5148","V0259","R016",4.19
"5149","V0259","R028",1.96
"5150","V0259","R046",2.97
"5151","V0259","R043",5.88
"5152","V0259","R018",3.58
"5153","V0259","R033",5.3
"5154","V0259","R001",5.59
"5155","V0259","R008",5.93
"5156","V0259","R006",3.6
"5157","V0259","R015",4.54
"5158","V0259","R032",3.89
"5159","V0259","R005",2.28
"5160","V0259","R019",3.12
"5161","V0259","R007",4.66
"5162","V0259","R041",5.7
"5163","V0259","R034",3.22
"5164","V0259","R025",5.79
"5165","V0259","R037",3.25
"5166","V0259","R042",3.07
"5167","V0259","R009",2.65
"5168","V0259","R022",3.16
"5169","V0259","R040",3.36
"5170","V0259","R012",3.68
"5171","V0259","R003",4.48
"5172","V0259","R038",3.17
"5173","V0260","R021",2.9
"5174","V0260","R026",2.82
"5175","V0260","R007",1.64
"5176","V0260","R041",2.2
"5177","V0260","R023",4.03
"5178","V0260","R042",2.75
"5179","V0260","R009",3.15
"5180","V0260","R044",3.41
"5181","V0260","R046",2.81
"5182","V0260","R033",3.02
"5183","V0260","R014",2.33
"5184","V0260","R011",3.15
"5185","V0260","R015",3.24
"5186","V0260","R019",2.17
"5187","V0260","R025",1.69
"5188","V0260","R031",4.65
"5189","V0260","R049",0.37
"5190","V0260","R003",2.69
"5191","V0260","R050",3.21
"5192","V0260","R008",2.93
"5193","V0260","R030",0.59
"5194","V0260","R018",4.4
"5195","V0260","R040",2.57
"5196","V0260","R024",0.36
"5197","V0260","R013",5.54
"5198","V0260","R012",4.83
"5199","V0260","R005",2.85
"5200","V0261","R030",2.66
"5201","V0261","R005",5.93
"5202","V0261","R017",3.46
"5203","V0261","R023",4.38
"5204","V0261","R037",3.91
"5205","V0261","R010",5.35
"5206","V0261","R012",6.84
"5207","V0261","R009",6.46
"5208","V0261","R046",3.45
"5209","V0261","R016",4.73
"5210","V0261","R025",5.94
"5211","V0261","R027",4.26
"5212","V0261","R033",6.62
"5213","V0261","R049",4.84
"5214","V0262","R025",3.76
"5215","V0262","R042",2.63
"5216","V0262","R045",2.32
"5217","V0262","R037",2.69
"5218","V0262","R020",3.39
"5219","V0262","R022",2.22
"5220","V0262","R031",2.76
"5221","V0262","R033",3.75
"5222","V0262","R024",3.74
"5223","V0262","R013",1.79
"5224","V0262","R002",2.16
"5225","V0262","R011",2.25
"5226","V0262","R046",2.68
"5227","V0262","R017",3.6
"5228","V0263","R010",1.88
"5229","V0263","R028",2.82
"5230","V0263","R046",4.03
"5231","V0263","R026",3.01
"5232","V0263","R017",2.21
"5233","V0263","R006",3.68
"5234","V0263","R035",3.87
"5235","V0263","R049",3.37
"5236","V0263","R012",2.36
"5237","V0263","R025",3.54
"5238","V0263","R037",4.86
"5239","V0263","R039",2.21
"5240","V0263","R044",3.47
"5241","V0263","R002",2.56
"5242","V0263","R014",2.63
"5243","V0263","R016",1.78
"5244","V0263","R040",0.98
"5245","V0263","R027",3.87
"5246","V0263","R019",1.76
"5247","V0263","R021",1.63
"5248","V0263","R050",1.92
"5249","V0263","R033",3.11
"5250","V0263","R048",0.87
"5251","V0263","R038",1.95
"5252","V0263","R011",1.36
"5253","V0264","R026",4.74
"5254","V0264","R034",3.99
"5255","V0264","R004",4.26
"5256","V0264","R008",2.52
"5257","V0264","R018",3.8
"5258","V0264","R024",3.92
"5259","V0264","R013",4.27
"5260","V0264","R047",3.34
"5261","V0264","R015",2.4
"5262","V0264","R033",4.86
"5263","V0264","R016",2.67
"5264","V0264","R009",4.82
"5265","V0264","R027",3.54
"5266","V0265","R003",4.45
"5267","V0265","R017",3.52
"5268","V0265","R020",1.93
"5269","V0265","R040",4.65
"5270","V0265","R002",1.41
"5271","V0265","R036",2.61
"5272","V0265","R044",2.21
"5273","V0265","R023",3.06
"5274","V0265","R015",3.55
"5275","V0265","R037",3.37
"5276","V0265","R030",2.29
"5277","V0265","R022",3.07
"5278","V0265","R045",1.58
"5279","V0265","R010",3
"5280","V0265","R025",3.35
"5281","V0265","R004",1.61
"5282","V0265","R031",1.96
"5283","V0265","R026",2.09
"5284","V0266","R022",4.58
"5285","V0266","R032",4.45
"5286","V0266","R024",3.45
"5287","V0266","R015",2.9
"5288","V0266","R040",5.01
"5289","V0266","R017",3.99
"5290","V0266","R041",5.37
"5291","V0266","R008",3.85
"5292","V0266","R029",3.44
"5293","V0266","R004",3.72
"5294","V0266","R046",4.54
"5295","V0266","R025",5.33
"5296","V0266","R023",3.58
"5297","V0266","R003",7.1
"5298","V0266","R030",3.67
"5299","V0266","R043",2.98
"5300","V0266","R050",5.14
"5301","V0267","R004",4.8
"5302","V0267","R043",1.21
"5303","V0267","R034",3.89
"5304","V0267","R001",1.48
"5305","V0267","R010",3.62
"5306","V0267","R027",3.52
"5307","V0267","R035",2.59
"5308","V0267","R013",1.52
"5309","V0267","R007",2.77
"5310","V0267","R021",2.7
"5311","V0268","R030",5.2
"5312","V0268","R034",5.23
"5313","V0268","R021",3.35
"5314","V0268","R010",5.06
"5315","V0268","R014",4.37
"5316","V0268","R027",3.77
"5317","V0268","R008",2.6
"5318","V0268","R009",4.28
"5319","V0268","R050",4.58
"5320","V0268","R038",2.31
"5321","V0268","R025",5.51
"5322","V0269","R001",6.06
"5323","V0269","R027",4.47
"5324","V0269","R019",2.9
"5325","V0269","R034",5.72
"5326","V0269","R022",3.07
"5327","V0269","R011",3.33
"5328","V0269","R044",2.02
"5329","V0269","R040",6.69
"5330","V0269","R049",5.23
"5331","V0269","R013",3.67
"5332","V0269","R020",5.71
"5333","V0269","R035",4.85
"5334","V0269","R046",4.27
"5335","V0269","R028",3.49
"5336","V0269","R015",3.02
"5337","V0269","R005",3.94
"5338","V0269","R047",2.98
"5339","V0270","R041",2.14
"5340","V0270","R031",3.68
"5341","V0270","R046",2.79
"5342","V0270","R009",3.95
"5343","V0270","R010",2.41
"5344","V0270","R002",3.01
"5345","V0270","R026",3.22
"5346","V0270","R047",1.98
"5347","V0270","R042",0.54
"5348","V0270","R050",4.72
"5349","V0270","R014",3.17
"5350","V0270","R008",1.38
"5351","V0270","R012",3.9
"5352","V0270","R039",4
"5353","V0270","R038",3.77
"5354","V0270","R024",1.79
"5355","V0270","R007",3.69
"5356","V0270","R017",2.33
"5357","V0270","R036",1.44
"5358","V0270","R048",4.31
"5359","V0270","R037",3.06
"5360","V0270","R015",2.13
"5361","V0270","R032",2.34
"5362","V0270","R035",3.99
"5363","V0271","R021",2
"5364","V0271","R027",2.34
"5365","V0271","R009",4.97
"5366","V0271","R010",4.16
"5367","V0271","R026",3.43
"5368","V0271","R007",4.48
"5369","V0271","R038",2.92
"5370","V0271","R025",3.95
"5371","V0271","R044",3.03
"5372","V0271","R015",0.8
"5373","V0271","R011",3.17
"5374","V0271","R017",4.63
"5375","V0271","R022",1.56
"5376","V0271","R016",5.2
"5377","V0271","R014",3.98
"5378","V0271","R030",4.64
"5379","V0271","R035",4.6
"5380","V0271","R050",1.48
"5381","V0271","R049",3.89
"5382","V0271","R012",3.02
"5383","V0271","R029",1.42
"5384","V0271","R005",2.25
"5385","V0271","R023",5.08
"5386","V0271","R032",2.72
"5387","V0271","R031",3.32
"5388","V0272","R020",5.27
"5389","V0272","R022",3.4
"5390","V0272","R040",3.91
"5391","V0272","R005",3.24
"5392","V0272","R046",2.04
"5393","V0272","R015",2.19
"5394","V0272","R021",2.93
"5395","V0272","R019",3.88
"5396","V0272","R041",5.06
"5397","V0272","R030",1.58
"5398","V0272","R031",2.95
"5399","V0272","R049",2.47
"5400","V0272","R038",4.32
"5401","V0272","R033",4.59
"5402","V0272","R002",3.93
"5403","V0272","R050",3
"5404","V0272","R039",1.49
"5405","V0272","R042",3.96
"5406","V0273","R031",3.21
"5407","V0273","R025",3.04
"5408","V0273","R026",1.59
"5409","V0273","R028",2.32
"5410","V0273","R042",2.81
"5411","V0273","R050",2.22
"5412","V0273","R004",3.82
"5413","V0273","R014",3.37
"5414","V0273","R022",3.17
"5415","V0273","R021",1.7
"5416","V0273","R035",3.77
"5417","V0273","R037",3.6
"5418","V0273","R017",1.7
"5419","V0273","R007",3.88
"5420","V0273","R006",0
"5421","V0273","R010",3.41
"5422","V0273","R016",4.67
"5423","V0273","R045",2.02
"5424","V0273","R027",2.77
"5425","V0273","R011",0.92
"5426","V0273","R012",3.65
"5427","V0273","R034",3.52
"5428","V0274","R033",2.59
"5429","V0274","R025",0.58
"5430","V0274","R028",2.34
"5431","V0274","R002",3.19
"5432","V0274","R022",0.17
"5433","V0274","R047",1.74
"5434","V0274","R004",1.98
"5435","V0274","R023",2.82
"5436","V0274","R008",4.05
"5437","V0274","R012",1.65
"5438","V0274","R034",1.11
"5439","V0274","R009",1.14
"5440","V0274","R003",2.47
"5441","V0274","R046",1.77
"5442","V0274","R011",1.55
"5443","V0274","R020",1.94
"5444","V0274","R049",1.93
"5445","V0274","R017",2.65
"5446","V0274","R048",2.49
"5447","V0274","R050",3.31
"5448","V0274","R027",2.16
"5449","V0275","R029",2.1
"5450","V0275","R050",4.68
"5451","V0275","R047",1.68
"5452","V0275","R018",1.56
"5453","V0275","R004",4.8
"5454","V0275","R020",3.67
"5455","V0275","R043",1.14
"5456","V0275","R039",3.74
"5457","V0275","R042",1.84
"5458","V0275","R041",2.23
"5459","V0275","R030",2.65
"5460","V0275","R023",3.87
"5461","V0275","R014",4.17
"5462","V0275","R044",4.69
"5463","V0275","R011",3.5
"5464","V0275","R049",3.04
"5465","V0275","R022",1.48
"5466","V0275","R017",2.43
"5467","V0275","R027",4.05
"5468","V0275","R036",1.98
"5469","V0275","R015",2.5
"5470","V0275","R026",2.62
"5471","V0275","R013",1.74
"5472","V0275","R048",3.81
"5473","V0276","R021",2.61
"5474","V0276","R016",5.12
"5475","V0276","R041",5.06
"5476","V0276","R031",2.23
"5477","V0276","R029",4.28
"5478","V0276","R011",3.28
"5479","V0276","R044",4.86
"5480","V0276","R025",2.94
"5481","V0276","R033",5.14
"5482","V0276","R024",2.76
"5483","V0276","R010",3.71
"5484","V0276","R046",2.97
"5485","V0276","R005",1.56
"5486","V0276","R020",3.21
"5487","V0276","R028",3.37
"5488","V0276","R032",2.9
"5489","V0276","R027",4.86
"5490","V0276","R023",3.94
"5491","V0276","R014",4.17
"5492","V0276","R026",2.71
"5493","V0276","R042",3.88
"5494","V0277","R015",4.73
"5495","V0277","R035",1.7
"5496","V0277","R019",2.75
"5497","V0277","R030",2.06
"5498","V0277","R043",4.38
"5499","V0277","R034",4.83
"5500","V0277","R023",2.73
"5501","V0277","R047",4.07
"5502","V0277","R010",3.37
"5503","V0277","R027",4.31
"5504","V0277","R021",4.44
"5505","V0277","R039",4.53
"5506","V0277","R049",4.05
"5507","V0277","R044",2.98
"5508","V0277","R040",3.68
"5509","V0277","R013",2.84
"5510","V0277","R014",4.08
"5511","V0278","R042",2.47
"5512","V0278","R015",2.98
"5513","V0278","R024",1.46
"5514","V0278","R040",3.08
"5515","V0278","R004",2.07
"5516","V0278","R048",3.49
"5517","V0278","R014",1.67
"5518","V0278","R028",0.2
"5519","V0278","R022",3.33
"5520","V0278","R008",4.22
"5521","V0278","R025",2.93
"5522","V0278","R005",2.5
"5523","V0278","R019",0.6
"5524","V0278","R036",2.62
"5525","V0278","R049",2.91
"5526","V0278","R012",1.99
"5527","V0278","R013",1.56
"5528","V0278","R043",2.15
"5529","V0278","R021",2.12
"5530","V0278","R018",3.08
"5531","V0278","R030",4.84
"5532","V0278","R037",3.69
"5533","V0278","R035",3.38
"5534","V0278","R031",2.99
"5535","V0278","R026",0.56
"5536","V0278","R009",2.91
"5537","V0278","R050",1.4
"5538","V0278","R006",4.66
"5539","V0279","R007",1.37
"5540","V0279","R032",2.01
"5541","V0279","R037",2.69
"5542","V0279","R028",3.72
"5543","V0279","R031",2.9
"5544","V0279","R026",3.99
"5545","V0279","R002",1.03
"5546","V0279","R050",5.28
"5547","V0279","R027",1.99
"5548","V0279","R014",5.8
"5549","V0279","R009",3.34
"5550","V0279","R004",4.46
"5551","V0279","R044",1.74
"5552","V0279","R016",5.16
"5553","V0279","R017",4.35
"5554","V0279","R008",4.11
"5555","V0279","R010",2.98
"5556","V0279","R034",3.54
"5557","V0279","R025",4.91
"5558","V0279","R047",2.73
"5559","V0279","R019",2.15
"5560","V0279","R024",2.38
"5561","V0279","R038",3.46
"5562","V0279","R023",2.48
"5563","V0279","R030",4.95
"5564","V0279","R022",2.29
"5565","V0280","R005",2.83
"5566","V0280","R024",2.39
"5567","V0280","R022",0.57
"5568","V0280","R014",3.11
"5569","V0280","R004",3.83
"5570","V0280","R041",3.32
"5571","V0280","R025",2.39
"5572","V0280","R036",3.42
"5573","V0280","R029",0.84
"5574","V0280","R015",2.1
"5575","V0280","R002",1.34
"5576","V0280","R009",2.01
"5577","V0280","R050",3.32
"5578","V0280","R045",2.32
"5579","V0280","R049",2.96
"5580","V0281","R034",2.9
"5581","V0281","R045",0.94
"5582","V0281","R039",2.29
"5583","V0281","R023",2.94
"5584","V0281","R021",4.24
"5585","V0281","R025",6.16
"5586","V0281","R050",4.56
"5587","V0281","R035",4.14
"5588","V0281","R018",4.74
"5589","V0281","R030",3.44
"5590","V0281","R027",3
"5591","V0281","R014",5.39
"5592","V0281","R029",3.37
"5593","V0281","R009",4.88
"5594","V0281","R017",3.77
"5595","V0281","R011",6.69
"5596","V0282","R019",3.6
"5597","V0282","R008",0.99
"5598","V0282","R026",2.71
"5599","V0282","R028",0.86
"5600","V0282","R042",2.17
"5601","V0282","R005",3.34
"5602","V0282","R047",2.31
"5603","V0282","R012",3.65
"5604","V0282","R046",1.27
"5605","V0282","R030",3.85
"5606","V0282","R031",3.92
"5607","V0282","R009",1.35
"5608","V0282","R033",2.89
"5609","V0282","R015",3.61
"5610","V0282","R034",1.94
"5611","V0282","R003",2.83
"5612","V0282","R044",3.43
"5613","V0282","R027",2.51
"5614","V0282","R039",0.55
"5615","V0282","R041",3.67
"5616","V0282","R035",3.24
"5617","V0282","R049",3.68
"5618","V0282","R036",2.28
"5619","V0282","R010",1.37
"5620","V0282","R029",3.44
"5621","V0282","R013",3.28
"5622","V0282","R037",3.35
"5623","V0282","R021",2.52
"5624","V0283","R037",2.17
"5625","V0283","R001",2.86
"5626","V0283","R036",0.96
"5627","V0283","R006",2.82
"5628","V0283","R013",1.88
"5629","V0283","R048",0
"5630","V0283","R019",3.54
"5631","V0283","R050",2.23
"5632","V0283","R041",3.79
"5633","V0283","R009",3.8
"5634","V0283","R034",2.47
"5635","V0283","R047",2.67
"5636","V0283","R007",3.51
"5637","V0283","R023",2.41
"5638","V0283","R029",2.61
"5639","V0283","R020",3.23
"5640","V0283","R044",3.34
"5641","V0283","R003",4.02
"5642","V0283","R012",4.95
"5643","V0283","R031",2.59
"5644","V0283","R045",2.14
"5645","V0283","R043",4.84
"5646","V0283","R046",4.82
"5647","V0283","R040",4.91
"5648","V0283","R017",2.69
"5649","V0283","R015",2.98
"5650","V0283","R030",2.89
"5651","V0283","R011",4.86
"5652","V0283","R018",4.13
"5653","V0283","R033",3.17
"5654","V0284","R020",5
"5655","V0284","R030",5.04
"5656","V0284","R042",4.42
"5657","V0284","R027",2.71
"5658","V0284","R032",4.41
"5659","V0284","R015",4.43
"5660","V0284","R045",2.48
"5661","V0284","R038",3.93
"5662","V0284","R016",4.53
"5663","V0284","R006",1.61
"5664","V0284","R047",3.37
"5665","V0284","R009",2.13
"5666","V0284","R011",2.81
"5667","V0284","R044",2.78
"5668","V0284","R031",5.56
"5669","V0284","R002",3.18
"5670","V0284","R036",3.15
"5671","V0285","R008",1.65
"5672","V0285","R001",3.43
"5673","V0285","R046",3.89
"5674","V0285","R014",4.4
"5675","V0285","R048",2.08
"5676","V0285","R025",2.39
"5677","V0285","R031",4.72
"5678","V0285","R047",2.15
"5679","V0285","R033",2.67
"5680","V0285","R030",4.19
"5681","V0285","R037",1.6
"5682","V0285","R011",1.85
"5683","V0285","R007",4.61
"5684","V0285","R043",4.28
"5685","V0285","R026",2.76
"5686","V0285","R022",2.16
"5687","V0285","R050",1.09
"5688","V0285","R023",2.99
"5689","V0285","R006",1.86
"5690","V0285","R004",3
"5691","V0285","R027",4.72
"5692","V0285","R045",3.29
"5693","V0285","R044",3.69
"5694","V0285","R003",2.93
"5695","V0285","R041",2.88
"5696","V0285","R042",2.53
"5697","V0285","R018",3.06
"5698","V0285","R035",4.38
"5699","V0286","R017",3.62
"5700","V0286","R044",4.21
"5701","V0286","R024",5.51
"5702","V0286","R002",3.24
"5703","V0286","R031",7.79
"5704","V0286","R012",5.14
"5705","V0286","R022",4.74
"5706","V0286","R041",5.37
"5707","V0286","R029",5.19
"5708","V0286","R039",3.67
"5709","V0286","R021",3.33
"5710","V0286","R013",4.4
"5711","V0286","R023",5.2
"5712","V0286","R050",5.77
"5713","V0287","R045",1.46
"5714","V0287","R025",2.95
"5715","V0287","R049",3.82
"5716","V0287","R044",5.2
"5717","V0287","R041",4.1
"5718","V0287","R010",4.21
"5719","V0287","R005",3.35
"5720","V0287","R050",2.72
"5721","V0287","R039",4.89
"5722","V0287","R034",3.62
"5723","V0287","R035",3.93
"5724","V0287","R015",1.72
"5725","V0287","R030",3.94
"5726","V0287","R004",3.3
"5727","V0287","R014",3.33
"5728","V0287","R026",5.4
"5729","V0287","R008",3.82
"5730","V0287","R024",3.86
"5731","V0287","R012",5
"5732","V0287","R020",3.8
"5733","V0287","R006",3.36
"5734","V0287","R043",3.85
"5735","V0287","R018",2.95
"5736","V0287","R033",3.84
"5737","V0288","R003",2.77
"5738","V0288","R034",4.27
"5739","V0288","R021",1.63
"5740","V0288","R015",2.47
"5741","V0288","R005",2.77
"5742","V0288","R014",4.67
"5743","V0288","R038",3.51
"5744","V0288","R026",4.79
"5745","V0288","R039",3.48
"5746","V0288","R018",2.92
"5747","V0288","R049",4.39
"5748","V0288","R028",2.23
"5749","V0288","R011",4.63
"5750","V0288","R032",4.93
"5751","V0288","R007",3.26
"5752","V0288","R013",4.39
"5753","V0288","R047",2.54
"5754","V0288","R035",4.63
"5755","V0288","R024",3.58
"5756","V0288","R025",5.09
"5757","V0288","R042",2.15
"5758","V0288","R045",3.46
"5759","V0288","R006",4.17
"5760","V0288","R008",4.04
"5761","V0288","R022",2.58
"5762","V0289","R021",3.65
"5763","V0289","R007",3.5
"5764","V0289","R010",4
"5765","V0289","R019",2.69
"5766","V0289","R003",4.05
"5767","V0289","R022",5.3
"5768","V0289","R031",5.19
"5769","V0289","R035",4.4
"5770","V0289","R026",4.23
"5771","V0289","R030",4.74
"5772","V0289","R017",5.71
"5773","V0289","R038",5.21
"5774","V0289","R045",4.62
"5775","V0289","R024",2.88
"5776","V0289","R049",3.74
"5777","V0289","R005",4.58
"5778","V0289","R047",4.96
"5779","V0289","R032",5.6
"5780","V0289","R015",3.03
"5781","V0289","R036",2.06
"5782","V0289","R046",3.66
"5783","V0289","R011",4.1
"5784","V0289","R013",2.52
"5785","V0289","R020",3.62
"5786","V0289","R034",4.76
"5787","V0289","R012",5.53
"5788","V0290","R041",3.62
"5789","V0290","R040",4.29
"5790","V0290","R008",3.89
"5791","V0290","R001",4.19
"5792","V0290","R036",1.7
"5793","V0290","R039",3.04
"5794","V0290","R029",2.53
"5795","V0290","R044",4.88
"5796","V0290","R032",3.93
"5797","V0290","R020",5.35
"5798","V0291","R005",5.12
"5799","V0291","R040",5.03
"5800","V0291","R020",5.1
"5801","V0291","R004",3.91
"5802","V0291","R042",3.59
"5803","V0291","R034",4.29
"5804","V0291","R015",2.23
"5805","V0291","R013",2.35
"5806","V0291","R036",4.56
"5807","V0291","R046",3.46
"5808","V0291","R024",4.02
"5809","V0291","R017",0.64
"5810","V0291","R001",4.54
"5811","V0291","R027",3.18
"5812","V0291","R010",4.54
"5813","V0291","R049",4.67
"5814","V0291","R047",5.36
"5815","V0291","R041",4.93
"5816","V0292","R038",5.16
"5817","V0292","R042",5.77
"5818","V0292","R043",5.24
"5819","V0292","R013",4.74
"5820","V0292","R006",4.41
"5821","V0292","R014",6.93
"5822","V0292","R010",5.71
"5823","V0292","R023",5.81
"5824","V0292","R049",5.75
"5825","V0292","R036",4.11
"5826","V0292","R019",3.16
"5827","V0292","R020",6.92
"5828","V0292","R032",7.13
"5829","V0292","R024",6.4
"5830","V0292","R047",4.47
"5831","V0292","R046",5.28
"5832","V0292","R026",5.52
"5833","V0292","R015",4.64
"5834","V0292","R041",7.31
"5835","V0292","R045",4.54
"5836","V0292","R033",6.17
"5837","V0292","R007",7.72
"5838","V0292","R028",3.7
"5839","V0292","R018",4.68
"5840","V0292","R009",5.7
"5841","V0292","R022",5.05
"5842","V0292","R037",4.54
"5843","V0293","R022",4
"5844","V0293","R030",2.5
"5845","V0293","R007",4.1
"5846","V0293","R001",3.06
"5847","V0293","R036",2.11
"5848","V0293","R009",1.99
"5849","V0293","R008",2.33
"5850","V0293","R026",2.44
"5851","V0293","R039",3.7
"5852","V0293","R021",2.21
"5853","V0293","R040",2.17
"5854","V0293","R006",3.06
"5855","V0293","R024",3.4
"5856","V0293","R027",5.41
"5857","V0293","R002",4.15
"5858","V0293","R031",2.58
"5859","V0293","R043",3.56
"5860","V0293","R012",3.82
"5861","V0293","R018",4.09
"5862","V0294","R022",3.44
"5863","V0294","R009",4.42
"5864","V0294","R044",4.32
"5865","V0294","R038",5.37
"5866","V0294","R014",5.42
"5867","V0294","R011",4.94
"5868","V0294","R034",4.34
"5869","V0294","R002",4.39
"5870","V0294","R029",4.32
"5871","V0294","R050",4.18
"5872","V0294","R041",5.51
"5873","V0294","R018",6.27
"5874","V0294","R015",4.06
"5875","V0294","R043",4.01
"5876","V0295","R022",3.34
"5877","V0295","R021",2.06
"5878","V0295","R008",2.2
"5879","V0295","R019",2.97
"5880","V0295","R036",1.97
"5881","V0295","R007",1.07
"5882","V0295","R037",3.14
"5883","V0295","R018",2.5
"5884","V0295","R016",1.9
"5885","V0295","R049",2.22
"5886","V0295","R030",0.81
"5887","V0295","R027",1.67
"5888","V0295","R038",3.08
"5889","V0295","R009",2.43
"5890","V0296","R011",4.17
"5891","V0296","R012",3.62
"5892","V0296","R040",2.21
"5893","V0296","R035",4.62
"5894","V0296","R008",4.18
"5895","V0296","R049",3.51
"5896","V0296","R002",2.92
"5897","V0296","R046",4.2
"5898","V0296","R015",3.92
"5899","V0296","R038",3.07
"5900","V0296","R041",3.66
"5901","V0296","R032",3.19
"5902","V0296","R022",3.49
"5903","V0296","R042",3.11
"5904","V0296","R034",5.25
"5905","V0296","R050",3.07
"5906","V0296","R020",4.84
"5907","V0296","R036",2.54
"5908","V0296","R047",2.74
"5909","V0296","R001",3.48
"5910","V0296","R037",2.7
"5911","V0296","R039",0.99
"5912","V0296","R019",1.25
"5913","V0297","R021",2.14
"5914","V0297","R033",3.75
"5915","V0297","R039",4.34
"5916","V0297","R009",4.08
"5917","V0297","R049",3.02
"5918","V0297","R042",1.42
"5919","V0297","R013",1.12
"5920","V0297","R041",3.68
"5921","V0297","R015",0.96
"5922","V0297","R001",4.21
"5923","V0297","R028",2.95
"5924","V0297","R043",2.15
"5925","V0297","R034",2.69
"5926","V0297","R044",3.93
"5927","V0297","R038",2.2
"5928","V0297","R024",3.71
"5929","V0297","R008",1.95
"5930","V0297","R037",2.76
"5931","V0297","R050",3.8
"5932","V0297","R007",4.08
"5933","V0297","R031",4.55
"5934","V0297","R014",2.59
"5935","V0297","R040",6.1
"5936","V0297","R029",3.58
"5937","V0297","R025",3.99
"5938","V0297","R027",3.58
"5939","V0297","R018",4.22
"5940","V0297","R046",4.46
"5941","V0297","R045",3.89
"5942","V0297","R002",2.64
"5943","V0298","R042",1.3
"5944","V0298","R039",2.9
"5945","V0298","R003",1.82
"5946","V0298","R017",3.9
"5947","V0298","R020",1.59
"5948","V0298","R041",2.48
"5949","V0298","R021",2.21
"5950","V0298","R016",3.81
"5951","V0298","R049",3.08
"5952","V0298","R047",1.05
"5953","V0298","R009",2.12
"5954","V0298","R008",2.48
"5955","V0298","R040",3.02
"5956","V0298","R014",2.74
"5957","V0298","R044",2.8
"5958","V0298","R038",4.84
"5959","V0298","R012",3
"5960","V0298","R030",3.61
"5961","V0298","R027",4.41
"5962","V0298","R005",0.97
"5963","V0298","R029",1.49
"5964","V0298","R045",2.42
"5965","V0298","R001",2.54
"5966","V0298","R011",2.68
"5967","V0298","R050",1.6
"5968","V0298","R018",1.75
"5969","V0299","R018",2.18
"5970","V0299","R021",3.07
"5971","V0299","R012",4.23
"5972","V0299","R043",1.94
"5973","V0299","R001",2.24
"5974","V0299","R029",2.71
"5975","V0299","R042",3.33
"5976","V0299","R038",3.76
"5977","V0299","R017",3.48
"5978","V0299","R041",5
"5979","V0299","R036",2.8
"5980","V0299","R009",4.72
"5981","V0299","R022",3.44
"5982","V0299","R020",4.85
"5983","V0299","R002",2.89
"5984","V0299","R033",4.51
"5985","V0299","R048",3.36
"5986","V0299","R039",1.94
"5987","V0299","R007",4.52
"5988","V0299","R047",4.3
"5989","V0299","R003",3.41
"5990","V0299","R019",3.62
"5991","V0299","R045",3.97
"5992","V0299","R032",3.48
"5993","V0299","R030",2.83
"5994","V0300","R012",6.37
"5995","V0300","R045",3.11
"5996","V0300","R031",5.12
"5997","V0300","R024",5.05
"5998","V0300","R044",5.47
"5999","V0300","R037",3.06
"6000","V0300","R022",2.66
"6001","V0300","R018",3.47
"6002","V0300","R011",4.19
"6003","V0300","R050",4.73
"6004","V0300","R017",2.91
"6005","V0300","R046",3.7
"6006","V0300","R002",2.39
"6007","V0300","R008",4.14
"6008","V0300","R015",4.88
"6009","V0301","R026",2.42
"6010","V0301","R036",2.27
"6011","V0301","R020",4.2
"6012","V0301","R031",2.75
"6013","V0301","R042",3.22
"6014","V0301","R006",4.13
"6015","V0301","R003",3.91
"6016","V0301","R022",2.21
"6017","V0301","R032",3.79
"6018","V0301","R048",3.12
"6019","V0301","R009",1.69
"6020","V0301","R045",4.04
"6021","V0301","R039",2.62
"6022","V0301","R035",4.68
"6023","V0301","R027",3.07
"6024","V0301","R044",3.29
"6025","V0301","R021",3.54
"6026","V0301","R029",3.85
"6027","V0301","R049",2.43
"6028","V0302","R016",4.44
"6029","V0302","R012",4.76
"6030","V0302","R040",2.85
"6031","V0302","R048",3.77
"6032","V0302","R002",3.55
"6033","V0302","R036",2.31
"6034","V0302","R015",3.15
"6035","V0302","R010",1.84
"6036","V0302","R006",4.99
"6037","V0302","R020",4.95
"6038","V0302","R008",3.26
"6039","V0302","R003",3.39
"6040","V0302","R030",3.56
"6041","V0302","R031",4.97
"6042","V0302","R032",6.52
"6043","V0302","R019",2.5
"6044","V0302","R028",2.18
"6045","V0302","R037",4.33
"6046","V0302","R005",3.07
"6047","V0302","R001",4.41
"6048","V0302","R024",3.15
"6049","V0302","R023",5.33
"6050","V0302","R022",3.94
"6051","V0302","R029",2.76
"6052","V0302","R042",5.4
"6053","V0302","R014",5.63
"6054","V0303","R023",2.4
"6055","V0303","R045",1.43
"6056","V0303","R030",1.52
"6057","V0303","R013",2.99
"6058","V0303","R049",4.47
"6059","V0303","R021",2.28
"6060","V0303","R002",5
"6061","V0303","R037",2.95
"6062","V0303","R001",4.83
"6063","V0303","R043",4.42
"6064","V0303","R004",4.35
"6065","V0303","R029",3.92
"6066","V0304","R027",4.77
"6067","V0304","R009",3.68
"6068","V0304","R047",2.16
"6069","V0304","R020",4.01
"6070","V0304","R048",1.73
"6071","V0304","R038",4.03
"6072","V0304","R036",2.25
"6073","V0304","R037",4.12
"6074","V0304","R003",4.2
"6075","V0304","R049",4.38
"6076","V0304","R035",2.86
"6077","V0305","R012",2.31
"6078","V0305","R050",4.67
"6079","V0305","R031",2.55
"6080","V0305","R006",2.55
"6081","V0305","R042",2.56
"6082","V0305","R047",3.57
"6083","V0305","R020",4.39
"6084","V0305","R011",1.33
"6085","V0305","R001",4.48
"6086","V0305","R016",2.86
"6087","V0305","R024",3.75
"6088","V0305","R028",1.73
"6089","V0305","R017",2.65
"6090","V0305","R005",3.46
"6091","V0305","R027",2.67
"6092","V0305","R036",2.47
"6093","V0305","R039",4.32
"6094","V0305","R007",1.41
"6095","V0306","R025",4.47
"6096","V0306","R036",1.74
"6097","V0306","R042",1.02
"6098","V0306","R050",4.52
"6099","V0306","R033",3.38
"6100","V0306","R030",4.33
"6101","V0306","R012",4.52
"6102","V0306","R049",0.99
"6103","V0306","R047",2.21
"6104","V0306","R002",2.54
"6105","V0306","R032",3.28
"6106","V0306","R048",2.99
"6107","V0306","R046",4.6
"6108","V0306","R010",2.73
"6109","V0306","R020",5.2
"6110","V0306","R043",2.83
"6111","V0306","R029",2.75
"6112","V0306","R013",2.49
"6113","V0306","R038",1.31
"6114","V0306","R004",2.94
"6115","V0306","R041",4.24
"6116","V0306","R006",3.57
"6117","V0306","R017",5.07
"6118","V0306","R044",2.17
"6119","V0306","R035",1.63
"6120","V0306","R037",3.6
"6121","V0307","R029",4.66
"6122","V0307","R048",3.86
"6123","V0307","R019",3.68
"6124","V0307","R039",2.69
"6125","V0307","R006",3.19
"6126","V0307","R018",3.15
"6127","V0307","R035",4.21
"6128","V0307","R025",2.27
"6129","V0307","R001",2.82
"6130","V0307","R036",1.66
"6131","V0307","R007",2.82
"6132","V0307","R050",3.27
"6133","V0307","R020",2.62
"6134","V0307","R003",3.06
"6135","V0307","R031",5.23
"6136","V0307","R005",3.74
"6137","V0307","R046",2.92
"6138","V0307","R026",4.04
"6139","V0307","R012",3.2
"6140","V0307","R043",2.9
"6141","V0307","R032",3.18
"6142","V0307","R016",3.07
"6143","V0307","R023",4.95
"6144","V0307","R022",2.04
"6145","V0307","R045",0.84
"6146","V0307","R047",3.62
"6147","V0307","R038",3.45
"6148","V0307","R042",2.71
"6149","V0308","R032",4.77
"6150","V0308","R004",3.64
"6151","V0308","R009",5.96
"6152","V0308","R010",3.85
"6153","V0308","R039",4.8
"6154","V0308","R029",3.49
"6155","V0308","R036",2.01
"6156","V0308","R006",5.89
"6157","V0308","R045",4.37
"6158","V0308","R013",4.54
"6159","V0308","R024",6.59
"6160","V0308","R040",4.83
"6161","V0308","R023",4.03
"6162","V0308","R015",3.94
"6163","V0308","R005",2.26
"6164","V0308","R041",2.27
"6165","V0308","R038",3.94
"6166","V0308","R025",4.03
"6167","V0308","R011",5.12
"6168","V0308","R031",3.75
"6169","V0308","R022",5.02
"6170","V0308","R033",4.17
"6171","V0308","R026",0.92
"6172","V0308","R046",5.98
"6173","V0308","R050",4.74
"6174","V0308","R028",3.27
"6175","V0308","R020",4.01
"6176","V0308","R016",5.2
"6177","V0309","R016",5.09
"6178","V0309","R031",4
"6179","V0309","R007",6.03
"6180","V0309","R038",3.56
"6181","V0309","R012",5.82
"6182","V0309","R050",7.13
"6183","V0309","R027",3.92
"6184","V0309","R006",5.33
"6185","V0309","R035",3.25
"6186","V0309","R033",5.07
"6187","V0309","R002",4.58
"6188","V0309","R028",2.14
"6189","V0309","R015",5.74
"6190","V0309","R004",4.78
"6191","V0309","R036",3.25
"6192","V0309","R048",6.2
"6193","V0309","R029",5.48
"6194","V0309","R003",5.94
"6195","V0309","R014",4.13
"6196","V0310","R028",3.25
"6197","V0310","R044",4.32
"6198","V0310","R037",3.24
"6199","V0310","R043",3.71
"6200","V0310","R007",2.36
"6201","V0310","R006",2.19
"6202","V0310","R047",2.2
"6203","V0310","R020",3.26
"6204","V0310","R042",1.36
"6205","V0310","R039",2.71
"6206","V0310","R026",3.02
"6207","V0311","R024",5.38
"6208","V0311","R004",5.2
"6209","V0311","R050",3.69
"6210","V0311","R038",4.64
"6211","V0311","R022",2.7
"6212","V0311","R003",5.25
"6213","V0311","R034",5.37
"6214","V0311","R015",3.42
"6215","V0311","R011",2.16
"6216","V0311","R025",5.14
"6217","V0312","R033",2.87
"6218","V0312","R040",2.81
"6219","V0312","R018",1.56
"6220","V0312","R043",3.29
"6221","V0312","R028",2.67
"6222","V0312","R036",2
"6223","V0312","R044",1.66
"6224","V0312","R049",4.56
"6225","V0312","R021",1.98
"6226","V0312","R019",0
"6227","V0312","R045",2.58
"6228","V0312","R002",2.79
"6229","V0312","R031",1
"6230","V0312","R015",2.95
"6231","V0312","R005",2.74
"6232","V0313","R037",0.33
"6233","V0313","R034",2
"6234","V0313","R022",3.26
"6235","V0313","R014",2.67
"6236","V0313","R032",2.65
"6237","V0313","R018",2.88
"6238","V0313","R028",2.23
"6239","V0313","R024",3.91
"6240","V0313","R027",4.23
"6241","V0313","R026",4.3
"6242","V0313","R047",2.95
"6243","V0313","R041",3.45
"6244","V0313","R025",3.08
"6245","V0313","R008",3.86
"6246","V0313","R046",3.2
"6247","V0313","R038",4.78
"6248","V0313","R029",2.4
"6249","V0313","R040",5.6
"6250","V0313","R012",3.22
"6251","V0313","R010",3.21
"6252","V0313","R050",4.07
"6253","V0313","R048",2.77
"6254","V0313","R031",4.24
"6255","V0313","R049",2.81
"6256","V0314","R028",2.97
"6257","V0314","R018",5.2
"6258","V0314","R015",3.47
"6259","V0314","R032",4.06
"6260","V0314","R020",3.24
"6261","V0314","R021",1.93
"6262","V0314","R048",3.03
"6263","V0314","R008",4.81
"6264","V0314","R009",3.74
"6265","V0314","R050",2.76
"6266","V0314","R042",3.63
"6267","V0314","R031",5.9
"6268","V0314","R006",2.45
"6269","V0314","R030",3.29
"6270","V0314","R022",3.4
"6271","V0314","R035",2.59
"6272","V0315","R045",1.91
"6273","V0315","R034",2.97
"6274","V0315","R009",2.93
"6275","V0315","R046",3.73
"6276","V0315","R005",3.5
"6277","V0315","R012",4.59
"6278","V0315","R033",5.6
"6279","V0315","R015",1.05
"6280","V0315","R014",5.06
"6281","V0315","R018",4.03
"6282","V0315","R042",2.14
"6283","V0315","R030",4.81
"6284","V0315","R004",4.2
"6285","V0315","R028",1.95
"6286","V0315","R047",3.57
"6287","V0315","R032",3.13
"6288","V0315","R016",2.64
"6289","V0315","R020",2.88
"6290","V0315","R019",2.83
"6291","V0315","R043",5.63
"6292","V0315","R013",4.56
"6293","V0315","R010",4.11
"6294","V0315","R006",3.05
"6295","V0315","R027",3.96
"6296","V0316","R044",5.51
"6297","V0316","R009",5.56
"6298","V0316","R012",3.37
"6299","V0316","R020",4.21
"6300","V0316","R005",3.27
"6301","V0316","R041",2.4
"6302","V0316","R002",2.74
"6303","V0316","R033",3.51
"6304","V0316","R023",3.89
"6305","V0316","R034",2.32
"6306","V0316","R018",2.45
"6307","V0316","R024",2.18
"6308","V0316","R029",3.51
"6309","V0316","R032",2.21
"6310","V0316","R011",3.97
"6311","V0316","R045",3.96
"6312","V0316","R006",2.11
"6313","V0316","R040",2.78
"6314","V0316","R010",4.86
"6315","V0316","R049",4.46
"6316","V0316","R015",3.17
"6317","V0316","R004",5.63
"6318","V0316","R030",3.24
"6319","V0316","R031",4.69
"6320","V0317","R042",4.69
"6321","V0317","R011",2.99
"6322","V0317","R026",4.45
"6323","V0317","R034",2.76
"6324","V0317","R019",3.6
"6325","V0317","R045",3.25
"6326","V0317","R043",4.86
"6327","V0317","R006",4.51
"6328","V0317","R017",4.74
"6329","V0317","R024",3.98
"6330","V0317","R031",4.26
"6331","V0317","R029",5.74
"6332","V0317","R023",5.49
"6333","V0317","R013",5
"6334","V0317","R014",4.85
"6335","V0317","R007",4.71
"6336","V0317","R015",6.38
"6337","V0317","R032",5.31
"6338","V0317","R012",5.04
"6339","V0317","R022",2.9
"6340","V0317","R005",3
"6341","V0318","R006",4.44
"6342","V0318","R026",4.27
"6343","V0318","R023",3.13
"6344","V0318","R035",6.07
"6345","V0318","R028",0.15
"6346","V0318","R048",3.86
"6347","V0318","R017",3.11
"6348","V0318","R029",2.58
"6349","V0318","R009",5.01
"6350","V0318","R012",4.88
"6351","V0318","R015",4.28
"6352","V0318","R020",3.39
"6353","V0318","R041",5.11
"6354","V0318","R025",7.09
"6355","V0318","R033",4.22
"6356","V0318","R011",3.69
"6357","V0318","R042",3.56
"6358","V0318","R001",5.67
"6359","V0318","R039",3.42
"6360","V0318","R003",3.2
"6361","V0318","R036",3.91
"6362","V0318","R034",3.79
"6363","V0318","R043",5.58
"6364","V0318","R005",3.79
"6365","V0318","R031",5.24
"6366","V0318","R004",4.49
"6367","V0319","R009",0.96
"6368","V0319","R018",3.56
"6369","V0319","R016",5.74
"6370","V0319","R033",3.87
"6371","V0319","R038",3.3
"6372","V0319","R030",4.36
"6373","V0319","R043",3.46
"6374","V0319","R011",2.47
"6375","V0319","R036",4.09
"6376","V0319","R005",3.67
"6377","V0319","R024",4.27
"6378","V0319","R012",2.51
"6379","V0319","R001",3.83
"6380","V0319","R014",5.7
"6381","V0319","R013",2.74
"6382","V0319","R035",3.97
"6383","V0319","R007",4.94
"6384","V0319","R031",3.23
"6385","V0320","R043",3.39
"6386","V0320","R007",3.89
"6387","V0320","R025",1.52
"6388","V0320","R047",4.68
"6389","V0320","R036",2.57
"6390","V0320","R024",3.74
"6391","V0320","R031",2.17
"6392","V0320","R017",1.15
"6393","V0320","R001",3.58
"6394","V0320","R046",2.56
"6395","V0320","R015",3.59
"6396","V0320","R023",1.32
"6397","V0320","R027",3.75
"6398","V0320","R026",2.42
"6399","V0320","R039",0.45
"6400","V0320","R018",3.45
"6401","V0320","R032",2.96
"6402","V0320","R029",2.02
"6403","V0320","R041",1.69
"6404","V0320","R021",2.15
"6405","V0320","R004",2.51
"6406","V0321","R003",4.87
"6407","V0321","R023",3.68
"6408","V0321","R050",3.84
"6409","V0321","R020",2.41
"6410","V0321","R028",2.51
"6411","V0321","R011",2.25
"6412","V0321","R043",4.04
"6413","V0321","R017",3.36
"6414","V0321","R004",1.34
"6415","V0321","R042",3.88
"6416","V0321","R035",3.35
"6417","V0321","R005",4.21
"6418","V0321","R046",4.2
"6419","V0321","R039",4.26
"6420","V0321","R025",3.47
"6421","V0322","R001",4.04
"6422","V0322","R039",2.1
"6423","V0322","R018",3.85
"6424","V0322","R019",3.91
"6425","V0322","R027",2.55
"6426","V0322","R033",3.2
"6427","V0322","R012",3.28
"6428","V0322","R021",1.44
"6429","V0322","R013",2.18
"6430","V0322","R045",3.44
"6431","V0322","R038",5.22
"6432","V0322","R028",0.96
"6433","V0322","R047",1.88
"6434","V0322","R048",3.01
"6435","V0322","R009",5.65
"6436","V0322","R042",3.53
"6437","V0322","R030",3.64
"6438","V0322","R034",2.1
"6439","V0322","R050",3.75
"6440","V0322","R026",3.67
"6441","V0322","R043",2.41
"6442","V0323","R036",2.39
"6443","V0323","R045",4.85
"6444","V0323","R047",3.06
"6445","V0323","R008",3.61
"6446","V0323","R013",2.93
"6447","V0323","R021",2.26
"6448","V0323","R015",3.58
"6449","V0323","R028",2.14
"6450","V0323","R049",4.33
"6451","V0323","R011",4.31
"6452","V0323","R041",3.15
"6453","V0323","R043",3.57
"6454","V0324","R022",3.28
"6455","V0324","R025",0.23
"6456","V0324","R039",2.32
"6457","V0324","R015",4.67
"6458","V0324","R043",2.05
"6459","V0324","R017",3.24
"6460","V0324","R018",1.6
"6461","V0324","R003",1.66
"6462","V0324","R038",1.3
"6463","V0324","R005",2.78
"6464","V0324","R001",3.13
"6465","V0324","R048",3.21
"6466","V0324","R030",3.03
"6467","V0324","R031",3.49
"6468","V0324","R028",1.69
"6469","V0324","R037",1.76
"6470","V0324","R021",2.95
"6471","V0324","R041",2.03
"6472","V0324","R040",4.8
"6473","V0324","R020",2.71
"6474","V0324","R023",2.15
"6475","V0324","R036",1.29
"6476","V0324","R011",3.5
"6477","V0324","R013",2.9
"6478","V0324","R010",2.11
"6479","V0325","R011",3.23
"6480","V0325","R018",1.72
"6481","V0325","R035",2.2
"6482","V0325","R022",2.17
"6483","V0325","R029",2.59
"6484","V0325","R038",4.64
"6485","V0325","R005",5.03
"6486","V0325","R001",4.41
"6487","V0325","R003",4.06
"6488","V0325","R012",3.28
"6489","V0325","R048",2.12
"6490","V0325","R002",2.6
"6491","V0325","R032",5.59
"6492","V0325","R010",1.77
"6493","V0325","R044",3.11
"6494","V0325","R008",3.94
"6495","V0325","R036",1.92
"6496","V0325","R040",3.86
"6497","V0325","R050",3.19
"6498","V0325","R004",2.87
"6499","V0325","R006",4.1
"6500","V0325","R017",3.34
"6501","V0325","R027",4.34
"6502","V0325","R023",3.48
"6503","V0325","R007",2.89
"6504","V0325","R013",3.98
"6505","V0325","R045",4.27
"6506","V0325","R039",3.84
"6507","V0325","R009",2.75
"6508","V0325","R049",4.4
"6509","V0326","R040",4.74
"6510","V0326","R003",3.23
"6511","V0326","R013",3.9
"6512","V0326","R019",3.44
"6513","V0326","R004",4.45
"6514","V0326","R015",3.43
"6515","V0326","R049",3.63
"6516","V0326","R043",3.03
"6517","V0326","R023",4.9
"6518","V0326","R042",5.55
"6519","V0326","R011",5.12
"6520","V0326","R005",3.47
"6521","V0326","R016",3.41
"6522","V0326","R012",5.19
"6523","V0326","R033",3.98
"6524","V0326","R048",2.56
"6525","V0327","R036",4.49
"6526","V0327","R010",1.23
"6527","V0327","R016",5.14
"6528","V0327","R008",6.08
"6529","V0327","R044",3.56
"6530","V0327","R021",2.51
"6531","V0327","R024",3.56
"6532","V0327","R037",3.5
"6533","V0327","R042",3.23
"6534","V0327","R013",3.8
"6535","V0327","R031",1.75
"6536","V0327","R025",5.38
"6537","V0327","R038",4.73
"6538","V0327","R027",4.56
"6539","V0327","R017",3.65
"6540","V0327","R003",4.81
"6541","V0327","R022",4.07
"6542","V0328","R034",5.18
"6543","V0328","R003",3.11
"6544","V0328","R023",4.4
"6545","V0328","R016",4.21
"6546","V0328","R009",3.82
"6547","V0328","R012",4.98
"6548","V0328","R018",5.59
"6549","V0328","R030",1.86
"6550","V0328","R021",2.61
"6551","V0328","R007",3.63
"6552","V0328","R048",3.39
"6553","V0328","R006",5.01
"6554","V0328","R005",3.84
"6555","V0328","R042",3.27
"6556","V0328","R033",4.5
"6557","V0329","R018",3.33
"6558","V0329","R014",5.83
"6559","V0329","R013",4.43
"6560","V0329","R025",5.91
"6561","V0329","R002",4.25
"6562","V0329","R005",6.32
"6563","V0329","R038",3.18
"6564","V0329","R027",4.5
"6565","V0329","R040",7.1
"6566","V0329","R008",6.17
"6567","V0329","R015",3.57
"6568","V0329","R046",5.73
"6569","V0329","R024",5.98
"6570","V0329","R035",6.19
"6571","V0329","R031",6.08
"6572","V0329","R007",4.8
"6573","V0329","R011",5.19
"6574","V0329","R009",4.6
"6575","V0329","R017",5.21
"6576","V0329","R003",5.53
"6577","V0329","R026",3.89
"6578","V0329","R023",5.9
"6579","V0329","R050",5.63
"6580","V0329","R022",3.22
"6581","V0329","R030",5.93
"6582","V0329","R034",5.6
"6583","V0329","R016",4.44
"6584","V0329","R032",4.53
"6585","V0330","R023",2.71
"6586","V0330","R010",2.07
"6587","V0330","R004",3.11
"6588","V0330","R008",3.31
"6589","V0330","R031",3.87
"6590","V0330","R018",2.17
"6591","V0330","R017",2.4
"6592","V0330","R044",1.28
"6593","V0330","R049",1.11
"6594","V0330","R041",2.45
"6595","V0330","R021",1.37
"6596","V0331","R038",1.41
"6597","V0331","R013",2.75
"6598","V0331","R039",3.98
"6599","V0331","R012",3.53
"6600","V0331","R025",3.54
"6601","V0331","R021",2.3
"6602","V0331","R040",4.86
"6603","V0331","R027",3.3
"6604","V0331","R028",2.88
"6605","V0331","R029",3.48
"6606","V0331","R001",3.26
"6607","V0331","R031",3.52
"6608","V0331","R002",3.18
"6609","V0331","R044",3.82
"6610","V0331","R046",3.25
"6611","V0331","R045",3.93
"6612","V0331","R011",3.95
"6613","V0331","R043",3.48
"6614","V0331","R035",4.33
"6615","V0331","R010",4.41
"6616","V0331","R014",3.19
"6617","V0331","R041",4.33
"6618","V0331","R022",5.05
"6619","V0331","R033",3.23
"6620","V0331","R023",3.14
"6621","V0331","R032",4.81
"6622","V0331","R050",4.7
"6623","V0332","R038",3.63
"6624","V0332","R010",5.11
"6625","V0332","R013",2.9
"6626","V0332","R002",2.39
"6627","V0332","R025",4.77
"6628","V0332","R021",3.25
"6629","V0332","R041",3.62
"6630","V0332","R046",4.56
"6631","V0332","R014",3.31
"6632","V0332","R032",3.44
"6633","V0332","R049",5.4
"6634","V0332","R048",3.36
"6635","V0332","R044",3.63
"6636","V0332","R029",4.25
"6637","V0332","R037",5.1
"6638","V0332","R035",3.84
"6639","V0332","R045",2.93
"6640","V0332","R026",2.4
"6641","V0332","R043",2.24
"6642","V0332","R015",3.44
"6643","V0332","R003",4.37
"6644","V0332","R019",0.85
"6645","V0332","R028",1.47
"6646","V0332","R040",3.3
"6647","V0332","R017",2.07
"6648","V0332","R001",2.99
"6649","V0332","R047",2.55
"6650","V0332","R036",3.91
"6651","V0332","R006",2.42
"6652","V0333","R008",3.52
"6653","V0333","R020",3.61
"6654","V0333","R024",1.64
"6655","V0333","R034",3.55
"6656","V0333","R001",4.03
"6657","V0333","R003",1.63
"6658","V0333","R043",1.55
"6659","V0333","R007",3.62
"6660","V0333","R048",2.55
"6661","V0333","R037",3.77
"6662","V0333","R028",3.07
"6663","V0333","R031",2.62
"6664","V0333","R011",2.79
"6665","V0333","R019",2.18
"6666","V0334","R023",0.54
"6667","V0334","R041",3.62
"6668","V0334","R034",2.84
"6669","V0334","R007",4.19
"6670","V0334","R006",3.9
"6671","V0334","R009",3.87
"6672","V0334","R046",3.89
"6673","V0334","R016",2.3
"6674","V0334","R015",2.85
"6675","V0334","R019",2.41
"6676","V0334","R036",2.29
"6677","V0334","R033",3.09
"6678","V0335","R018",3.62
"6679","V0335","R037",3.96
"6680","V0335","R019",2.64
"6681","V0335","R030",2.06
"6682","V0335","R010",3.62
"6683","V0335","R013",2.83
"6684","V0335","R032",4.73
"6685","V0335","R024",2.72
"6686","V0335","R045",3.19
"6687","V0335","R004",4.61
"6688","V0335","R043",2.57
"6689","V0335","R044",1.8
"6690","V0335","R021",3.25
"6691","V0335","R048",3.51
"6692","V0335","R042",4.23
"6693","V0335","R015",2.53
"6694","V0335","R016",5.48
"6695","V0335","R020",3.68
"6696","V0335","R041",3.34
"6697","V0335","R038",1.73
"6698","V0335","R033",2.95
"6699","V0335","R031",2.48
"6700","V0335","R039",3.44
"6701","V0335","R017",4.61
"6702","V0335","R027",3.53
"6703","V0335","R046",5.13
"6704","V0335","R014",5.7
"6705","V0335","R006",2.49
"6706","V0336","R014",5.17
"6707","V0336","R009",5.69
"6708","V0336","R022",4.29
"6709","V0336","R011",4.13
"6710","V0336","R046",6.38
"6711","V0336","R041",3.8
"6712","V0336","R023",4.32
"6713","V0336","R042",4.1
"6714","V0336","R012",5.74
"6715","V0336","R029",4.37
"6716","V0336","R005",4.69
"6717","V0336","R026",2.57
"6718","V0336","R015",3.08
"6719","V0337","R042",1.73
"6720","V0337","R012",5.94
"6721","V0337","R014",2.76
"6722","V0337","R011",4.08
"6723","V0337","R039",2.77
"6724","V0337","R016",3.08
"6725","V0337","R049",4.43
"6726","V0337","R010",2.57
"6727","V0337","R018",2.46
"6728","V0337","R040",3.73
"6729","V0337","R029",3.27
"6730","V0337","R030",2.31
"6731","V0337","R037",3.47
"6732","V0337","R028",1.3
"6733","V0337","R017",4.21
"6734","V0337","R007",4.99
"6735","V0337","R019",0.85
"6736","V0337","R046",3.25
"6737","V0338","R001",2.44
"6738","V0338","R020",4.1
"6739","V0338","R031",4.84
"6740","V0338","R026",3.79
"6741","V0338","R050",4.55
"6742","V0338","R044",4.58
"6743","V0338","R039",5.91
"6744","V0338","R009",3.85
"6745","V0338","R038",2.51
"6746","V0338","R005",2.97
"6747","V0338","R032",3.61
"6748","V0338","R012",4.99
"6749","V0338","R028",2.41
"6750","V0338","R036",3.32
"6751","V0339","R050",3.31
"6752","V0339","R019",2.65
"6753","V0339","R034",2.27
"6754","V0339","R021",1.06
"6755","V0339","R045",1.84
"6756","V0339","R048",5.27
"6757","V0339","R003",0.8
"6758","V0339","R047",0.99
"6759","V0339","R038",4.26
"6760","V0339","R031",2.4
"6761","V0339","R006",4.88
"6762","V0339","R024",1.43
"6763","V0339","R023",4.11
"6764","V0339","R011",3.55
"6765","V0339","R027",3.25
"6766","V0339","R010",3.67
"6767","V0339","R022",1.96
"6768","V0339","R015",3.21
"6769","V0339","R037",2.69
"6770","V0339","R043",3.43
"6771","V0339","R032",3.36
"6772","V0339","R033",4.2
"6773","V0339","R012",3.01
"6774","V0339","R008",1.39
"6775","V0339","R007",3.56
"6776","V0340","R001",3.93
"6777","V0340","R014",3.98
"6778","V0340","R050",3.82
"6779","V0340","R024",2.99
"6780","V0340","R032",3.31
"6781","V0340","R034",2.56
"6782","V0340","R013",4.14
"6783","V0340","R002",3.19
"6784","V0340","R019",2.45
"6785","V0340","R027",2.87
"6786","V0340","R029",3.1
"6787","V0340","R010",3.23
"6788","V0340","R045",2.49
"6789","V0340","R018",2.03
"6790","V0340","R049",3.11
"6791","V0341","R021",3.12
"6792","V0341","R032",3.44
"6793","V0341","R040",4.44
"6794","V0341","R034",3.9
"6795","V0341","R029",2.49
"6796","V0341","R046",3.32
"6797","V0341","R018",2.92
"6798","V0341","R017",4.57
"6799","V0341","R012",5.12
"6800","V0341","R024",3.47
"6801","V0341","R037",3.91
"6802","V0341","R039",1.25
"6803","V0341","R030",3.87
"6804","V0341","R014",4.5
"6805","V0341","R016",2.68
"6806","V0341","R033",5.16
"6807","V0341","R050",3.9
"6808","V0341","R048",2.45
"6809","V0341","R005",5.51
"6810","V0342","R001",2.95
"6811","V0342","R038",2.13
"6812","V0342","R010",4.49
"6813","V0342","R039",2.42
"6814","V0342","R036",2.17
"6815","V0342","R018",5.23
"6816","V0342","R020",2.41
"6817","V0342","R013",3.89
"6818","V0342","R035",2.9
"6819","V0342","R017",1.97
"6820","V0342","R031",4.07
"6821","V0342","R028",1.9
"6822","V0342","R049",3.49
"6823","V0342","R025",3.48
"6824","V0342","R012",5.33
"6825","V0342","R032",4.09
"6826","V0342","R050",3.46
"6827","V0342","R030",4.41
"6828","V0342","R047",2.45
"6829","V0342","R042",4.64
"6830","V0342","R043",4.38
"6831","V0342","R006",4.8
"6832","V0342","R027",3.18
"6833","V0342","R008",3.01
"6834","V0342","R026",3.09
"6835","V0342","R019",1.92
"6836","V0342","R004",3.15
"6837","V0342","R024",4.69
"6838","V0343","R040",3.84
"6839","V0343","R009",2.83
"6840","V0343","R031",3.7
"6841","V0343","R034",4.27
"6842","V0343","R015",2.03
"6843","V0343","R036",3.55
"6844","V0343","R029",1.56
"6845","V0343","R023",5.2
"6846","V0343","R003",4.48
"6847","V0343","R006",6.22
"6848","V0343","R021",2.47
"6849","V0343","R019",4.14
"6850","V0343","R005",4.86
"6851","V0343","R041",4.11
"6852","V0343","R042",3.6
"6853","V0343","R045",3.31
"6854","V0343","R046",4.11
"6855","V0343","R032",6.26
"6856","V0343","R012",5.54
"6857","V0343","R048",3.12
"6858","V0343","R035",3.33
"6859","V0343","R004",4.55
"6860","V0343","R050",5.17
"6861","V0343","R038",4.05
"6862","V0343","R013",4.23
"6863","V0343","R016",5.78
"6864","V0343","R027",4.25
"6865","V0343","R010",5.51
"6866","V0344","R017",3.36
"6867","V0344","R010",4.7
"6868","V0344","R023",3.28
"6869","V0344","R046",4.33
"6870","V0344","R022",2.73
"6871","V0344","R004",5.54
"6872","V0344","R025",4.14
"6873","V0344","R009",2.53
"6874","V0344","R034",4.63
"6875","V0344","R014",3.69
"6876","V0344","R038",3.07
"6877","V0344","R029",2.3
"6878","V0344","R049",2.62
"6879","V0344","R013",3.18
"6880","V0344","R050",2.39
"6881","V0344","R015",3.36
"6882","V0344","R041",3.45
"6883","V0344","R040",0.99
"6884","V0345","R005",4.47
"6885","V0345","R041",4.01
"6886","V0345","R042",2.55
"6887","V0345","R027",4.52
"6888","V0345","R037",1.92
"6889","V0345","R031",5.51
"6890","V0345","R012",5.93
"6891","V0345","R035",1.56
"6892","V0345","R002",4.59
"6893","V0345","R029",4.68
"6894","V0345","R038",3.02
"6895","V0345","R050",3.62
"6896","V0345","R036",1.76
"6897","V0345","R039",4.44
"6898","V0345","R003",5.72
"6899","V0345","R015",4.04
"6900","V0345","R030",4.28
"6901","V0345","R020",4.45
"6902","V0345","R016",4.57
"6903","V0345","R021",2.5
"6904","V0345","R025",5.26
"6905","V0345","R014",3
"6906","V0345","R013",3.71
"6907","V0345","R011",4.43
"6908","V0346","R041",3.57
"6909","V0346","R008",4.95
"6910","V0346","R042",1.97
"6911","V0346","R003",3.08
"6912","V0346","R019",4.11
"6913","V0346","R026",3.61
"6914","V0346","R035",3.64
"6915","V0346","R045",3.2
"6916","V0346","R001",6.01
"6917","V0346","R020",4.98
"6918","V0346","R025",1.82
"6919","V0346","R004",3
"6920","V0346","R036",3.56
"6921","V0346","R006",2.41
"6922","V0346","R010",3.83
"6923","V0346","R030",5.33
"6924","V0346","R029",3.44
"6925","V0346","R007",4.64
"6926","V0346","R048",3.58
"6927","V0346","R047",2.13
"6928","V0346","R040",4.75
"6929","V0346","R009",2.43
"6930","V0347","R026",2.52
"6931","V0347","R050",2.74
"6932","V0347","R043",3.44
"6933","V0347","R006",4.04
"6934","V0347","R042",0.51
"6935","V0347","R019",2.82
"6936","V0347","R032",0.13
"6937","V0347","R040",1.99
"6938","V0347","R030",1.87
"6939","V0347","R011",2.18
"6940","V0347","R046",2.43
"6941","V0347","R008",3.25
"6942","V0347","R036",2.67
"6943","V0347","R012",2.93
"6944","V0347","R047",1.22
"6945","V0347","R025",3.35
"6946","V0347","R003",3.72
"6947","V0347","R039",1.82
"6948","V0347","R021",3.61
"6949","V0347","R016",0.95
"6950","V0347","R002",0.74
"6951","V0347","R049",3.64
"6952","V0347","R020",4.62
"6953","V0347","R018",2.31
"6954","V0347","R038",3.86
"6955","V0347","R009",3.81
"6956","V0348","R021",2.45
"6957","V0348","R043",3.2
"6958","V0348","R024",3.78
"6959","V0348","R026",3.71
"6960","V0348","R040",2.41
"6961","V0348","R031",5.65
"6962","V0348","R046",3.93
"6963","V0348","R044",3.1
"6964","V0348","R037",4.11
"6965","V0348","R020",4.39
"6966","V0348","R002",3.98
"6967","V0348","R041",3.21
"6968","V0348","R011",5.81
"6969","V0348","R050",3.51
"6970","V0348","R047",2.25
"6971","V0348","R006",3.36
"6972","V0348","R042",2.98
"6973","V0348","R018",2.73
"6974","V0348","R014",3.01
"6975","V0348","R027",4.65
"6976","V0348","R001",4.86
"6977","V0348","R029",3.85
"6978","V0348","R015",3.44
"6979","V0348","R009",4.71
"6980","V0348","R008",2.45
"6981","V0348","R017",2.65
"6982","V0348","R004",3.05
"6983","V0348","R028",2.95
"6984","V0349","R045",1.04
"6985","V0349","R014",3.44
"6986","V0349","R034",1.12
"6987","V0349","R036",1.78
"6988","V0349","R003",1.01
"6989","V0349","R024",2.34
"6990","V0349","R019",1.58
"6991","V0349","R005",3.2
"6992","V0349","R018",3.03
"6993","V0349","R050",2.9
"6994","V0349","R029",3.02
"6995","V0349","R017",4.07
"6996","V0350","R034",2.75
"6997","V0350","R050",2.61
"6998","V0350","R046",1.81
"6999","V0350","R040",2.56
"7000","V0350","R035",3.46
"7001","V0350","R037",2.15
"7002","V0350","R019",3.78
"7003","V0350","R010",3.82
"7004","V0350","R003",2.05
"7005","V0350","R017",1.19
"7006","V0350","R032",2.6
"7007","V0350","R029",2.19
"7008","V0350","R025",2.31
"7009","V0350","R033",2.16
"7010","V0350","R013",0.93
"7011","V0351","R033",3.29
"7012","V0351","R008",3.91
"7013","V0351","R020",3.14
"7014","V0351","R024",5.97
"7015","V0351","R010",3.68
"7016","V0351","R014",4.24
"7017","V0351","R044",2.95
"7018","V0351","R027",2.78
"7019","V0351","R023",4.12
"7020","V0351","R026",3.76
"7021","V0351","R037",5.54
"7022","V0351","R030",3.51
"7023","V0351","R025",3.98
"7024","V0351","R045",3.48
"7025","V0351","R039",2.48
"7026","V0351","R022",1.94
"7027","V0351","R050",3.24
"7028","V0351","R009",3.8
"7029","V0352","R039",2.19
"7030","V0352","R020",4.3
"7031","V0352","R050",3.35
"7032","V0352","R017",0.46
"7033","V0352","R031",4.16
"7034","V0352","R033",2.74
"7035","V0352","R029",1.04
"7036","V0352","R011",3.62
"7037","V0352","R044",2.23
"7038","V0352","R008",3.83
"7039","V0352","R014",3.47
"7040","V0352","R025",3.37
"7041","V0352","R026",2.48
"7042","V0352","R001",4.35
"7043","V0352","R048",3.15
"7044","V0352","R032",2.34
"7045","V0352","R012",2.39
"7046","V0352","R046",0.84
"7047","V0352","R018",2.93
"7048","V0352","R042",2.42
"7049","V0352","R023",1.06
"7050","V0353","R029",3.69
"7051","V0353","R026",3.7
"7052","V0353","R047",2.56
"7053","V0353","R009",4.29
"7054","V0353","R046",4.11
"7055","V0353","R025",3.87
"7056","V0353","R021",3.24
"7057","V0353","R033",2.82
"7058","V0353","R030",1.81
"7059","V0353","R018",4.02
"7060","V0353","R005",2.95
"7061","V0353","R035",4.84
"7062","V0353","R036",2.91
"7063","V0353","R011",2.07
"7064","V0353","R044",4.91
"7065","V0353","R001",6.03
"7066","V0353","R008",3.95
"7067","V0353","R012",4.57
"7068","V0354","R016",3.18
"7069","V0354","R039",5.1
"7070","V0354","R021",4.54
"7071","V0354","R010",1.94
"7072","V0354","R045",2.09
"7073","V0354","R029",1.2
"7074","V0354","R049",3.81
"7075","V0354","R015",2.72
"7076","V0354","R037",2.52
"7077","V0354","R006",3.05
"7078","V0354","R027",4.95
"7079","V0354","R007",3.08
"7080","V0354","R009",3.92
"7081","V0354","R034",3.72
"7082","V0354","R046",3.87
"7083","V0354","R030",2.43
"7084","V0354","R047",2.68
"7085","V0354","R038",2.67
"7086","V0354","R026",4.79
"7087","V0354","R020",1.84
"7088","V0355","R014",2.91
"7089","V0355","R013",3.74
"7090","V0355","R017",4.89
"7091","V0355","R004",3.58
"7092","V0355","R022",4.31
"7093","V0355","R044",1.91
"7094","V0355","R035",3.06
"7095","V0355","R030",2.26
"7096","V0355","R050",3.01
"7097","V0355","R023",4.72
"7098","V0355","R018",2.16
"7099","V0355","R005",4.77
"7100","V0355","R025",6.04
"7101","V0355","R033",2.65
"7102","V0355","R010",3.67
"7103","V0355","R007",5.16
"7104","V0355","R002",3.37
"7105","V0355","R042",3.09
"7106","V0355","R048",3.37
"7107","V0355","R011",2.14
"7108","V0355","R015",1.31
"7109","V0355","R049",2.11
"7110","V0355","R027",2.45
"7111","V0355","R019",2.52
"7112","V0355","R034",3.07
"7113","V0355","R003",4.22
"7114","V0355","R012",4.34
"7115","V0355","R043",2.99
"7116","V0355","R039",3.25
"7117","V0355","R016",3.22
"7118","V0356","R021",1.83
"7119","V0356","R001",3.17
"7120","V0356","R023",3.52
"7121","V0356","R017",2.08
"7122","V0356","R046",2.92
"7123","V0356","R048",3.63
"7124","V0356","R022",4.73
"7125","V0356","R020",2.95
"7126","V0356","R006",2.76
"7127","V0356","R024",3.53
"7128","V0356","R029",2.48
"7129","V0356","R032",2.84
"7130","V0356","R028",4.25
"7131","V0356","R034",4.34
"7132","V0356","R050",3.15
"7133","V0356","R035",3.15
"7134","V0356","R012",2.24
"7135","V0357","R031",5.22
"7136","V0357","R044",4.12
"7137","V0357","R001",4.5
"7138","V0357","R026",4
"7139","V0357","R006",4.65
"7140","V0357","R025",4.94
"7141","V0357","R040",5.97
"7142","V0357","R048",5.29
"7143","V0357","R015",3.36
"7144","V0357","R046",4.03
"7145","V0358","R021",1.84
"7146","V0358","R034",4.69
"7147","V0358","R047",3.63
"7148","V0358","R008",4.45
"7149","V0358","R015",5.15
"7150","V0358","R045",4.08
"7151","V0358","R039",3.32
"7152","V0358","R041",4.14
"7153","V0358","R042",2.93
"7154","V0358","R004",4.13
"7155","V0358","R006",3.86
"7156","V0358","R038",3.76
"7157","V0358","R011",6.15
"7158","V0358","R037",5.53
"7159","V0358","R033",3.35
"7160","V0358","R019",0.42
"7161","V0358","R031",3.8
"7162","V0358","R043",3.58
"7163","V0358","R007",5.42
"7164","V0358","R048",3.55
"7165","V0358","R003",3.12
"7166","V0359","R045",2.54
"7167","V0359","R001",3.41
"7168","V0359","R039",3.29
"7169","V0359","R029",3.32
"7170","V0359","R021",4.46
"7171","V0359","R049",3.52
"7172","V0359","R026",1.23
"7173","V0359","R014",2.74
"7174","V0359","R010",4.56
"7175","V0359","R050",2.86
"7176","V0359","R007",2.69
"7177","V0359","R035",4.14
"7178","V0359","R044",3.78
"7179","V0359","R034",4.76
"7180","V0359","R017",4.11
"7181","V0359","R002",1.78
"7182","V0359","R016",4.23
"7183","V0359","R011",5.16
"7184","V0359","R022",5.62
"7185","V0359","R046",4.23
"7186","V0359","R032",5.53
"7187","V0359","R015",2.66
"7188","V0359","R012",2.98
"7189","V0359","R019",2.78
"7190","V0359","R027",2.34
"7191","V0359","R023",2.29
"7192","V0359","R006",2.23
"7193","V0359","R018",4.09
"7194","V0359","R004",3.15
"7195","V0360","R006",5.18
"7196","V0360","R002",3.76
"7197","V0360","R036",4.53
"7198","V0360","R018",3.14
"7199","V0360","R019",4.39
"7200","V0360","R013",2.81
"7201","V0360","R020",3.96
"7202","V0360","R031",3.89
"7203","V0360","R035",4.77
"7204","V0360","R050",3.79
"7205","V0360","R017",3.37
"7206","V0361","R025",2.91
"7207","V0361","R024",4.59
"7208","V0361","R002",1.73
"7209","V0361","R027",3.01
"7210","V0361","R033",2.84
"7211","V0361","R018",1.65
"7212","V0361","R036",2.6
"7213","V0361","R026",1.58
"7214","V0361","R046",1.98
"7215","V0361","R041",2.58
"7216","V0361","R001",4.15
"7217","V0361","R030",2.17
"7218","V0361","R017",4.36
"7219","V0361","R014",2.91
"7220","V0361","R019",3.13
"7221","V0361","R006",2.96
"7222","V0362","R038",3.17
"7223","V0362","R023",3.7
"7224","V0362","R003",4.89
"7225","V0362","R016",4.03
"7226","V0362","R033",2.99
"7227","V0362","R014",3.26
"7228","V0362","R048",2.39
"7229","V0362","R030",1.83
"7230","V0362","R034",4.46
"7231","V0362","R020",4.53
"7232","V0362","R027",5.54
"7233","V0362","R029",4.55
"7234","V0362","R001",3.78
"7235","V0362","R043",3.04
"7236","V0362","R035",4.82
"7237","V0362","R036",2.62
"7238","V0362","R046",4.42
"7239","V0362","R011",3.86
"7240","V0362","R007",2.41
"7241","V0362","R037",3.08
"7242","V0362","R017",4.7
"7243","V0362","R031",6.33
"7244","V0362","R028",3.49
"7245","V0362","R010",3.13
"7246","V0362","R006",4.2
"7247","V0362","R021",3.37
"7248","V0362","R045",4.17
"7249","V0362","R018",5.86
"7250","V0363","R005",5.5
"7251","V0363","R045",3.24
"7252","V0363","R029",2.78
"7253","V0363","R002",3.66
"7254","V0363","R017",3.6
"7255","V0363","R019",2.6
"7256","V0363","R027",4.66
"7257","V0363","R003",3.08
"7258","V0363","R035",3.57
"7259","V0363","R031",2.88
"7260","V0363","R034",6.69
"7261","V0363","R049",4.7
"7262","V0363","R014",4.5
"7263","V0363","R020",5.4
"7264","V0363","R039",4.68
"7265","V0363","R046",3
"7266","V0364","R005",3.04
"7267","V0364","R033",3.35
"7268","V0364","R041",5.72
"7269","V0364","R031",3.75
"7270","V0364","R044",3.77
"7271","V0364","R037",3.38
"7272","V0364","R003",4.22
"7273","V0364","R026",2.07
"7274","V0364","R027",4.47
"7275","V0364","R042",3.13
"7276","V0364","R046",1.04
"7277","V0364","R015",3.18
"7278","V0364","R048",4.47
"7279","V0364","R021",4.53
"7280","V0364","R001",5.37
"7281","V0364","R007",4.24
"7282","V0364","R017",4.19
"7283","V0364","R047",1.97
"7284","V0364","R050",3.04
"7285","V0364","R025",2.25
"7286","V0364","R013",3.7
"7287","V0364","R039",3.6
"7288","V0365","R008",1.98
"7289","V0365","R037",2.01
"7290","V0365","R027",4.35
"7291","V0365","R006",2.89
"7292","V0365","R021",2.97
"7293","V0365","R025",1.68
"7294","V0365","R009",3.9
"7295","V0365","R031",3.9
"7296","V0365","R013",2.06
"7297","V0365","R018",2.9
"7298","V0365","R046",2.94
"7299","V0365","R048",3.18
"7300","V0365","R047",3.34
"7301","V0365","R024",4.2
"7302","V0365","R032",2.65
"7303","V0365","R003",3.52
"7304","V0365","R014",4.4
"7305","V0365","R004",2.53
"7306","V0365","R045",1.63
"7307","V0365","R001",4.57
"7308","V0365","R035",5.05
"7309","V0365","R043",2.42
"7310","V0365","R017",4.38
"7311","V0365","R002",1.79
"7312","V0365","R011",5.29
"7313","V0365","R044",3.35
"7314","V0365","R033",3.28
"7315","V0365","R040",2.98
"7316","V0365","R020",5.37
"7317","V0365","R019",2.56
"7318","V0366","R015",3.94
"7319","V0366","R011",5.46
"7320","V0366","R022",2.89
"7321","V0366","R004",4.78
"7322","V0366","R009",4.73
"7323","V0366","R045",4.01
"7324","V0366","R025",3.82
"7325","V0366","R023",3.59
"7326","V0366","R032",6.67
"7327","V0366","R034",5
"7328","V0366","R044",3.34
"7329","V0366","R016",7.73
"7330","V0366","R038",5.69
"7331","V0366","R003",4.22
"7332","V0366","R035",4.49
"7333","V0366","R007",5.34
"7334","V0367","R048",2.52
"7335","V0367","R040",2.19
"7336","V0367","R031",2.95
"7337","V0367","R009",1.48
"7338","V0367","R021",2.74
"7339","V0367","R050",2.84
"7340","V0367","R036",4.07
"7341","V0367","R007",4.06
"7342","V0367","R023",2.75
"7343","V0367","R027",0.97
"7344","V0367","R039",4.56
"7345","V0367","R035",4.36
"7346","V0367","R037",2.1
"7347","V0367","R011",3.98
"7348","V0367","R002",4.29
"7349","V0367","R026",3.16
"7350","V0367","R044",2.04
"7351","V0367","R019",1.57
"7352","V0367","R013",1.83
"7353","V0367","R034",3.33
"7354","V0367","R024",2.7
"7355","V0367","R020",3.89
"7356","V0367","R015",1.67
"7357","V0367","R006",3.2
"7358","V0367","R047",2.88
"7359","V0368","R003",3.96
"7360","V0368","R045",4.62
"7361","V0368","R050",5.36
"7362","V0368","R040",4.65
"7363","V0368","R038",3.58
"7364","V0368","R027",4.21
"7365","V0368","R020",4
"7366","V0368","R049",2.61
"7367","V0368","R002",3.14
"7368","V0368","R008",6.15
"7369","V0368","R009",4.68
"7370","V0368","R048",5.27
"7371","V0368","R034",3.59
"7372","V0368","R018",4.23
"7373","V0368","R013",4.93
"7374","V0368","R014",2.9
"7375","V0368","R023",4.15
"7376","V0368","R024",4.96
"7377","V0368","R019",1.99
"7378","V0368","R005",5.44
"7379","V0368","R035",4.56
"7380","V0368","R039",3.42
"7381","V0368","R042",1.97
"7382","V0368","R022",2.27
"7383","V0368","R021",3.5
"7384","V0368","R031",3.58
"7385","V0369","R012",4.05
"7386","V0369","R046",2.29
"7387","V0369","R047",4.87
"7388","V0369","R023",3.1
"7389","V0369","R039",2.79
"7390","V0369","R020",4.09
"7391","V0369","R048",3.31
"7392","V0369","R027",5.31
"7393","V0369","R024",4.92
"7394","V0369","R036",1.64
"7395","V0369","R038",3.11
"7396","V0369","R014",3.95
"7397","V0369","R049",4.19
"7398","V0369","R018",3.68
"7399","V0369","R004",5.36
"7400","V0369","R019",3.57
"7401","V0369","R009",4.61
"7402","V0369","R002",3.72
"7403","V0369","R005",5.17
"7404","V0369","R016",3.98
"7405","V0369","R044",3.73
"7406","V0369","R013",2.91
"7407","V0369","R003",3.26
"7408","V0370","R029",1.63
"7409","V0370","R005",2.62
"7410","V0370","R046",4.01
"7411","V0370","R033",4.22
"7412","V0370","R018",2.98
"7413","V0370","R041",3.27
"7414","V0370","R045",3.69
"7415","V0370","R022",2.68
"7416","V0370","R044",2.91
"7417","V0370","R004",5.41
"7418","V0371","R015",3.05
"7419","V0371","R013",3.72
"7420","V0371","R039",2.05
"7421","V0371","R011",1.89
"7422","V0371","R019",0
"7423","V0371","R005",2.79
"7424","V0371","R026",3.42
"7425","V0371","R001",3.63
"7426","V0371","R027",2.72
"7427","V0371","R002",1.44
"7428","V0371","R040",1.88
"7429","V0371","R018",2.77
"7430","V0371","R003",2.33
"7431","V0371","R006",1.83
"7432","V0371","R043",2.9
"7433","V0371","R012",5.54
"7434","V0371","R047",3.25
"7435","V0371","R023",3.02
"7436","V0371","R037",1.77
"7437","V0371","R024",3.27
"7438","V0371","R049",3.65
"7439","V0371","R046",2.07
"7440","V0371","R017",3.74
"7441","V0371","R004",2.87
"7442","V0371","R048",4.61
"7443","V0371","R042",4.74
"7444","V0371","R050",4.74
"7445","V0371","R045",1.74
"7446","V0371","R009",3.93
"7447","V0372","R042",1.59
"7448","V0372","R045",1.98
"7449","V0372","R025",3.91
"7450","V0372","R038",2.8
"7451","V0372","R039",1.62
"7452","V0372","R014",4.22
"7453","V0372","R018",3.7
"7454","V0372","R013",3.38
"7455","V0372","R036",2.81
"7456","V0372","R006",2.12
"7457","V0372","R044",3.34
"7458","V0372","R021",1.44
"7459","V0372","R023",4.4
"7460","V0372","R024",0.85
"7461","V0372","R027",5.11
"7462","V0372","R017",3.21
"7463","V0373","R037",4.82
"7464","V0373","R036",3.77
"7465","V0373","R028",3.57
"7466","V0373","R033",3.71
"7467","V0373","R038",3.81
"7468","V0373","R027",3.5
"7469","V0373","R013",3.95
"7470","V0373","R021",3.04
"7471","V0373","R004",3.28
"7472","V0373","R022",2.31
"7473","V0373","R025",3.74
"7474","V0373","R014",3.61
"7475","V0373","R035",4.97
"7476","V0373","R003",4.79
"7477","V0373","R048",3.49
"7478","V0373","R039",3.29
"7479","V0373","R012",4.3
"7480","V0373","R017",4.29
"7481","V0373","R041",4.76
"7482","V0373","R047",3.55
"7483","V0373","R008",3.89
"7484","V0373","R023",2.56
"7485","V0373","R026",4.48
"7486","V0373","R001",5.32
"7487","V0373","R030",4.37
"7488","V0373","R031",5.7
"7489","V0374","R047",2.48
"7490","V0374","R022",4.82
"7491","V0374","R043",4.1
"7492","V0374","R001",4.09
"7493","V0374","R049",3.76
"7494","V0374","R024",2.5
"7495","V0374","R002",4.38
"7496","V0374","R044",2.14
"7497","V0374","R034",2.73
"7498","V0374","R030",2.84
"7499","V0374","R005",3.25
"7500","V0374","R015",3.16
"7501","V0374","R037",2.72
"7502","V0374","R027",2.96
"7503","V0374","R017",3.58
"7504","V0374","R033",5.82
"7505","V0374","R036",3.79
"7506","V0374","R050",2.32
"7507","V0374","R031",5.88
"7508","V0374","R038",2.51
"7509","V0374","R004",3.13
"7510","V0374","R016",4.06
"7511","V0374","R041",5.67
"7512","V0374","R040",4.32
"7513","V0374","R003",4.64
"7514","V0374","R010",3.96
"7515","V0374","R048",3.72
"7516","V0374","R046",3.92
"7517","V0374","R021",0.11
"7518","V0374","R006",3.95
"7519","V0375","R017",2.74
"7520","V0375","R012",3.16
"7521","V0375","R014",3.79
"7522","V0375","R045",1.81
"7523","V0375","R010",2.55
"7524","V0375","R003",2.5
"7525","V0375","R029",1.31
"7526","V0375","R005",3.38
"7527","V0375","R038",2.21
"7528","V0375","R040",3.03
"7529","V0375","R028",1.13
"7530","V0375","R043",2.65
"7531","V0375","R026",3.1
"7532","V0375","R023",3.74
"7533","V0375","R008",1.47
"7534","V0375","R011",2.59
"7535","V0375","R037",1
"7536","V0375","R041",0.94
"7537","V0375","R020",2.08
"7538","V0375","R004",1.86
"7539","V0375","R033",3.33
"7540","V0375","R018",3.21
"7541","V0375","R048",3.37
"7542","V0375","R021",2.27
"7543","V0375","R032",2.93
"7544","V0375","R006",2.46
"7545","V0375","R015",2.48
"7546","V0375","R034",2.63
"7547","V0376","R001",4.61
"7548","V0376","R045",2.97
"7549","V0376","R046",3.4
"7550","V0376","R049",5.71
"7551","V0376","R016",3.37
"7552","V0376","R005",4.95
"7553","V0376","R034",5.86
"7554","V0376","R037",3.91
"7555","V0376","R050",3.66
"7556","V0376","R031",3.44
"7557","V0376","R019",2.56
"7558","V0376","R039",2.33
"7559","V0376","R018",4.96
"7560","V0376","R006",6.5
"7561","V0376","R030",2.95
"7562","V0376","R042",4.54
"7563","V0377","R018",2.76
"7564","V0377","R029",3.69
"7565","V0377","R013",2.86
"7566","V0377","R020",0.88
"7567","V0377","R011",2.64
"7568","V0377","R045",2.95
"7569","V0377","R036",2.31
"7570","V0377","R043",2.34
"7571","V0377","R010",1.31
"7572","V0377","R012",2.92
"7573","V0377","R046",2.54
"7574","V0377","R021",4.55
"7575","V0377","R027",2.81
"7576","V0377","R023",2.28
"7577","V0377","R040",4.08
"7578","V0377","R035",1.95
"7579","V0377","R037",1.36
"7580","V0377","R031",3.3
"7581","V0377","R026",1.98
"7582","V0377","R016",5.14
"7583","V0377","R044",1.18
"7584","V0377","R033",2.75
"7585","V0377","R032",2.74
"7586","V0377","R001",2.34
"7587","V0377","R039",2.15
"7588","V0377","R034",3.5
"7589","V0378","R005",4.44
"7590","V0378","R032",2.64
"7591","V0378","R016",2.38
"7592","V0378","R047",3.34
"7593","V0378","R023",4.69
"7594","V0378","R018",3.07
"7595","V0378","R012",3.41
"7596","V0378","R025",5.71
"7597","V0378","R050",4.36
"7598","V0378","R029",3.67
"7599","V0378","R002",4.16
"7600","V0378","R039",1.27
"7601","V0378","R009",4.66
"7602","V0379","R008",3.2
"7603","V0379","R048",5.87
"7604","V0379","R013",1.25
"7605","V0379","R011",3.67
"7606","V0379","R041",3.55
"7607","V0379","R043",4.36
"7608","V0379","R033",2.95
"7609","V0379","R014",2.15
"7610","V0379","R029",0.56
"7611","V0379","R049",1.14
"7612","V0379","R002",2.48
"7613","V0379","R012",4.42
"7614","V0379","R023",4.63
"7615","V0379","R006",3.61
"7616","V0379","R030",2.32
"7617","V0379","R009",3.63
"7618","V0379","R020",3.18
"7619","V0379","R018",3.14
"7620","V0380","R006",1
"7621","V0380","R002",4.83
"7622","V0380","R009",2.71
"7623","V0380","R013",4.27
"7624","V0380","R022",3.56
"7625","V0380","R025",5.93
"7626","V0380","R042",3.79
"7627","V0380","R040",4.73
"7628","V0380","R028",4.94
"7629","V0380","R023",4.45
"7630","V0380","R032",4.19
"7631","V0380","R045",3.71
"7632","V0380","R007",4.13
"7633","V0380","R029",2.12
"7634","V0380","R038",3.09
"7635","V0380","R039",4.32
"7636","V0380","R021",2.54
"7637","V0380","R027",5.52
"7638","V0380","R026",3.08
"7639","V0380","R041",3.72
"7640","V0380","R008",2.78
"7641","V0380","R033",5.31
"7642","V0380","R046",4.2
"7643","V0380","R011",6.21
"7644","V0380","R018",4.78
"7645","V0381","R006",6.38
"7646","V0381","R037",4.69
"7647","V0381","R019",3.82
"7648","V0381","R043",4.33
"7649","V0381","R011",4.46
"7650","V0381","R034",3.08
"7651","V0381","R046",4.87
"7652","V0381","R044",4.75
"7653","V0381","R012",5.67
"7654","V0381","R016",3.69
"7655","V0381","R040",4.28
"7656","V0381","R004",4.66
"7657","V0381","R023",4.13
"7658","V0381","R026",2.61
"7659","V0382","R005",6.07
"7660","V0382","R047",4.17
"7661","V0382","R036",3.96
"7662","V0382","R023",5.96
"7663","V0382","R018",4.8
"7664","V0382","R049",2.63
"7665","V0382","R034",4.71
"7666","V0382","R029",3.7
"7667","V0382","R043",3.83
"7668","V0382","R010",4.24
"7669","V0382","R037",4.7
"7670","V0382","R020",6.35
"7671","V0382","R004",5.97
"7672","V0382","R019",3.13
"7673","V0382","R017",4.92
"7674","V0382","R008",4.54
"7675","V0382","R003",3.39
"7676","V0382","R021",3.86
"7677","V0382","R028",4.6
"7678","V0382","R040",5.15
"7679","V0382","R031",4.1
"7680","V0382","R009",4.06
"7681","V0383","R029",3.15
"7682","V0383","R031",4.47
"7683","V0383","R021",2.84
"7684","V0383","R012",4.19
"7685","V0383","R042",4.09
"7686","V0383","R016",4.08
"7687","V0383","R032",3.32
"7688","V0383","R026",3.06
"7689","V0383","R003",2.05
"7690","V0383","R005",4.68
"7691","V0383","R001",3.42
"7692","V0383","R035",3.87
"7693","V0383","R034",3.47
"7694","V0384","R027",1.91
"7695","V0384","R033",2.11
"7696","V0384","R016",2.56
"7697","V0384","R018",2.71
"7698","V0384","R012",1.78
"7699","V0384","R013",2.62
"7700","V0384","R014",3.58
"7701","V0384","R035",1.37
"7702","V0384","R017",1.2
"7703","V0384","R019",0.45
"7704","V0385","R024",3.94
"7705","V0385","R044",5.1
"7706","V0385","R050",3.07
"7707","V0385","R018",4.99
"7708","V0385","R022",1.61
"7709","V0385","R016",4.38
"7710","V0385","R006",3.14
"7711","V0385","R032",2.43
"7712","V0385","R011",2.98
"7713","V0385","R039",3.45
"7714","V0385","R015",2.27
"7715","V0385","R029",3.59
"7716","V0385","R014",2.67
"7717","V0385","R019",3.3
"7718","V0385","R007",3.04
"7719","V0385","R026",3.37
"7720","V0385","R037",2.91
"7721","V0385","R033",3.84
"7722","V0385","R004",2.95
"7723","V0385","R048",3.85
"7724","V0385","R030",2.87
"7725","V0385","R041",3.02
"7726","V0385","R002",3.74
"7727","V0385","R031",4.48
"7728","V0385","R049",3.7
"7729","V0385","R036",1.52
"7730","V0385","R047",3.21
"7731","V0385","R042",4.08
"7732","V0385","R008",2.45
"7733","V0386","R007",4.05
"7734","V0386","R043",5.14
"7735","V0386","R042",3.56
"7736","V0386","R048",3.39
"7737","V0386","R039",2.57
"7738","V0386","R011",3.33
"7739","V0386","R032",2.32
"7740","V0386","R041",2.53
"7741","V0386","R023",3.66
"7742","V0386","R040",3.71
"7743","V0386","R015",2.53
"7744","V0386","R044",4.95
"7745","V0386","R004",4.36
"7746","V0386","R001",5.12
"7747","V0386","R025",3.62
"7748","V0386","R010",4.93
"7749","V0386","R030",2.76
"7750","V0386","R002",3.33
"7751","V0386","R046",4.41
"7752","V0386","R014",4.04
"7753","V0386","R021",2.75
"7754","V0386","R006",1.66
"7755","V0386","R012",3.7
"7756","V0386","R050",6.14
"7757","V0386","R020",4.75
"7758","V0386","R033",3.22
"7759","V0386","R038",4.09
"7760","V0386","R024",3.81
"7761","V0387","R031",4.45
"7762","V0387","R018",3.53
"7763","V0387","R022",3.56
"7764","V0387","R035",3.9
"7765","V0387","R043",3.14
"7766","V0387","R013",4.79
"7767","V0387","R006",5.32
"7768","V0387","R034",5.33
"7769","V0387","R007",4.8
"7770","V0387","R023",4.72
"7771","V0387","R021",3.95
"7772","V0387","R044",4.73
"7773","V0387","R016",4.88
"7774","V0387","R045",4.13
"7775","V0387","R009",3.38
"7776","V0387","R030",4.79
"7777","V0387","R002",2.38
"7778","V0387","R011",4
"7779","V0387","R025",1.73
"7780","V0387","R012",4.99
"7781","V0387","R037",2.12
"7782","V0387","R032",5.98
"7783","V0387","R008",3.37
"7784","V0387","R019",2.73
"7785","V0387","R020",5.2
"7786","V0387","R048",3.65
"7787","V0387","R003",5.08
"7788","V0388","R001",3.19
"7789","V0388","R042",0.59
"7790","V0388","R008",3.23
"7791","V0388","R044",4.11
"7792","V0388","R007",1.6
"7793","V0388","R022",2.7
"7794","V0388","R047",0
"7795","V0388","R027",4.06
"7796","V0388","R045",3.47
"7797","V0388","R002",2.34
"7798","V0388","R017",0.79
"7799","V0388","R006",3.53
"7800","V0388","R049",2.03
"7801","V0388","R029",3.13
"7802","V0388","R046",2.67
"7803","V0388","R038",4.16
"7804","V0388","R039",4.33
"7805","V0389","R004",3.53
"7806","V0389","R034",2.36
"7807","V0389","R011",3.83
"7808","V0389","R001",5.72
"7809","V0389","R027",4.33
"7810","V0389","R049",3.53
"7811","V0389","R032",3.1
"7812","V0389","R015",3.39
"7813","V0389","R047",1.1
"7814","V0389","R005",2.63
"7815","V0389","R024",4.88
"7816","V0389","R040",2.69
"7817","V0389","R025",4.13
"7818","V0389","R013",3.26
"7819","V0390","R025",3.48
"7820","V0390","R033",2.78
"7821","V0390","R019",2.36
"7822","V0390","R008",2.14
"7823","V0390","R037",3.67
"7824","V0390","R035",3.06
"7825","V0390","R031",4.82
"7826","V0390","R036",2.31
"7827","V0390","R045",1.06
"7828","V0390","R038",3.62
"7829","V0390","R042",4.24
"7830","V0390","R030",4.89
"7831","V0390","R028",2.59
"7832","V0390","R039",3.45
"7833","V0390","R027",4.32
"7834","V0390","R017",4.15
"7835","V0390","R026",4.04
"7836","V0390","R050",5.68
"7837","V0390","R001",3.99
"7838","V0390","R020",5.14
"7839","V0390","R014",2.97
"7840","V0390","R029",3.26
"7841","V0390","R043",4.49
"7842","V0390","R021",1.49
"7843","V0390","R032",2.43
"7844","V0391","R021",4.11
"7845","V0391","R011",4.91
"7846","V0391","R038",5.09
"7847","V0391","R001",5.03
"7848","V0391","R037",5.55
"7849","V0391","R043",5.01
"7850","V0391","R034",5.69
"7851","V0391","R024",4.74
"7852","V0391","R026",3.37
"7853","V0391","R045",3.2
"7854","V0391","R009",5.36
"7855","V0391","R020",4.93
"7856","V0391","R028",1.47
"7857","V0391","R004",5.8
"7858","V0391","R047",3.63
"7859","V0391","R007",6.38
"7860","V0391","R027",3.78
"7861","V0391","R049",4.97
"7862","V0391","R032",4.93
"7863","V0391","R022",3.29
"7864","V0391","R013",3.54
"7865","V0392","R013",3.23
"7866","V0392","R042",4.13
"7867","V0392","R006",3.6
"7868","V0392","R018",1.74
"7869","V0392","R005",4.42
"7870","V0392","R002",1.49
"7871","V0392","R021",2.96
"7872","V0392","R016",1.85
"7873","V0392","R023",3.92
"7874","V0392","R003",2.74
"7875","V0392","R050",2.3
"7876","V0392","R032",3.35
"7877","V0393","R043",3.96
"7878","V0393","R042",4.38
"7879","V0393","R003",4.33
"7880","V0393","R031",4.13
"7881","V0393","R024",4.78
"7882","V0393","R039",2.01
"7883","V0393","R016",4.84
"7884","V0393","R019",3.58
"7885","V0393","R037",3.49
"7886","V0393","R026",3.18
"7887","V0393","R040",3.4
"7888","V0393","R049",5.56
"7889","V0394","R049",3.64
"7890","V0394","R040",4.28
"7891","V0394","R024",3.26
"7892","V0394","R032",4.91
"7893","V0394","R035",3.65
"7894","V0394","R019",3.3
"7895","V0394","R016",4.27
"7896","V0394","R002",2.38
"7897","V0394","R038",4.62
"7898","V0394","R030",5.69
"7899","V0395","R004",5.24
"7900","V0395","R034",3.39
"7901","V0395","R011",4.19
"7902","V0395","R007",4.73
"7903","V0395","R010",3.15
"7904","V0395","R029",1.31
"7905","V0395","R016",2.11
"7906","V0395","R028",4.23
"7907","V0395","R001",3.78
"7908","V0395","R003",3.34
"7909","V0395","R033",4.02
"7910","V0395","R037",1.82
"7911","V0395","R040",4.38
"7912","V0395","R005",4.89
"7913","V0395","R030",2.64
"7914","V0395","R002",3.32
"7915","V0395","R044",0.96
"7916","V0395","R015",2.87
"7917","V0395","R023",3.78
"7918","V0395","R049",3.61
"7919","V0395","R027",4.4
"7920","V0395","R014",3.8
"7921","V0395","R006",3.03
"7922","V0395","R036",2.61
"7923","V0395","R041",4.38
"7924","V0395","R045",4.11
"7925","V0395","R008",3.62
"7926","V0395","R009",4.33
"7927","V0396","R041",4.35
"7928","V0396","R016",4.6
"7929","V0396","R012",4.36
"7930","V0396","R025",5.87
"7931","V0396","R003",5.34
"7932","V0396","R048",3.05
"7933","V0396","R019",4.05
"7934","V0396","R009",4.2
"7935","V0396","R001",4.01
"7936","V0396","R014",4.23
"7937","V0396","R008",4.49
"7938","V0396","R042",5.86
"7939","V0396","R027",4.5
"7940","V0396","R049",3.79
"7941","V0396","R018",2.57
"7942","V0396","R026",3.22
"7943","V0396","R013",4.46
"7944","V0396","R011",4.56
"7945","V0396","R007",6.71
"7946","V0396","R044",3.63
"7947","V0396","R032",4.2
"7948","V0396","R023",4.92
"7949","V0397","R018",5.52
"7950","V0397","R046",3.62
"7951","V0397","R010",2.12
"7952","V0397","R024",5.48
"7953","V0397","R030",2.97
"7954","V0397","R032",4.21
"7955","V0397","R017",3.64
"7956","V0397","R003",5.22
"7957","V0397","R033",4
"7958","V0397","R036",3.88
"7959","V0397","R016",5.7
"7960","V0397","R002",2.42
"7961","V0397","R025",3.69
"7962","V0397","R001",5.44
"7963","V0397","R020",3.21
"7964","V0397","R011",4.7
"7965","V0397","R044",3.81
"7966","V0397","R028",2.81
"7967","V0397","R034",6.23
"7968","V0397","R023",3.77
"7969","V0397","R042",3.26
"7970","V0397","R027",4.01
"7971","V0397","R015",2.53
"7972","V0397","R038",3.43
"7973","V0398","R005",4.23
"7974","V0398","R044",2.96
"7975","V0398","R029",2.56
"7976","V0398","R015",2.58
"7977","V0398","R014",4.43
"7978","V0398","R038",1.49
"7979","V0398","R046",1.6
"7980","V0398","R037",2.88
"7981","V0398","R025",1.46
"7982","V0398","R022",2.37
"7983","V0398","R031",2.98
"7984","V0398","R002",3.12
"7985","V0398","R001",2.66
"7986","V0398","R041",3.12
"7987","V0398","R010",2.04
"7988","V0398","R028",5.32
"7989","V0398","R047",3.35
"7990","V0398","R048",1.96
"7991","V0398","R049",2.29
"7992","V0398","R042",3.29
"7993","V0398","R026",2.63
"7994","V0398","R007",1.83
"7995","V0398","R034",1.16
"7996","V0398","R011",3.03
"7997","V0398","R019",3.35
"7998","V0398","R027",2.61
"7999","V0399","R039",3.32
"8000","V0399","R022",1.85
"8001","V0399","R023",2.95
"8002","V0399","R040",0.98
"8003","V0399","R020",3.4
"8004","V0399","R014",3.07
"8005","V0399","R029",4.37
"8006","V0399","R041",2.76
"8007","V0399","R005",2.38
"8008","V0399","R007",4.04
"8009","V0399","R030",3.23
"8010","V0399","R001",2.38
"8011","V0399","R009",2.2
"8012","V0399","R024",3.33
"8013","V0399","R021",3.1
"8014","V0399","R013",2.44
"8015","V0400","R025",2.98
"8016","V0400","R006",1.44
"8017","V0400","R049",2.02
"8018","V0400","R048",1.38
"8019","V0400","R002",2.27
"8020","V0400","R034",2.61
"8021","V0400","R007",2.83
"8022","V0400","R013",2.96
"8023","V0400","R022",2.03
"8024","V0400","R018",1.81
"8025","V0400","R015",1.46
"8026","V0400","R050",2.52
"8027","V0400","R036",0.39
"8028","V0400","R016",2.81
"8029","V0400","R047",1.55
"8030","V0400","R012",3.42
"8031","V0400","R045",2.91
"8032","V0400","R020",1.65
"8033","V0400","R033",4.74
"8034","V0400","R030",2.72
"8035","V0400","R042",2.2
"8036","V0400","R008",3.07
"8037","V0400","R014",1.44
"8038","V0400","R038",2.1
"8039","V0401","R006",4.44
"8040","V0401","R024",2.38
"8041","V0401","R044",2.23
"8042","V0401","R048",3.38
"8043","V0401","R035",5.64
"8044","V0401","R020",4.87
"8045","V0401","R013",3.77
"8046","V0401","R008",5.96
"8047","V0401","R022",3.48
"8048","V0401","R003",4.09
"8049","V0401","R023",5.73
"8050","V0401","R012",4.45
"8051","V0401","R028",3.52
"8052","V0401","R043",5.17
"8053","V0401","R040",5.07
"8054","V0401","R025",4.71
"8055","V0401","R021",2.21
"8056","V0401","R038",5.25
"8057","V0401","R015",4.63
"8058","V0401","R037",5.73
"8059","V0401","R014",5.19
"8060","V0401","R027",4.39
"8061","V0401","R005",3.24
"8062","V0401","R016",4.62
"8063","V0401","R032",4.35
"8064","V0402","R032",5.67
"8065","V0402","R001",5.39
"8066","V0402","R040",4.93
"8067","V0402","R017",4.46
"8068","V0402","R012",5.62
"8069","V0402","R046",4.23
"8070","V0402","R024",4.08
"8071","V0402","R035",5.13
"8072","V0402","R042",3.91
"8073","V0402","R030",5.97
"8074","V0402","R015",4.46
"8075","V0402","R044",3.46
"8076","V0402","R006",5.68
"8077","V0403","R038",5.03
"8078","V0403","R041",4.82
"8079","V0403","R033",5.83
"8080","V0403","R021",2.06
"8081","V0403","R044",5.6
"8082","V0403","R027",3.64
"8083","V0403","R035",3.79
"8084","V0403","R046",4.45
"8085","V0403","R037",4.76
"8086","V0403","R036",4.36
"8087","V0403","R024",5.04
"8088","V0403","R047",5.09
"8089","V0403","R023",3.86
"8090","V0403","R005",3.54
"8091","V0403","R050",4.17
"8092","V0403","R034",4.19
"8093","V0403","R043",4.46
"8094","V0403","R032",4.11
"8095","V0403","R013",5.45
"8096","V0403","R039",1.84
"8097","V0403","R009",6.33
"8098","V0403","R014",4.65
"8099","V0403","R008",6.03
"8100","V0403","R049",5.38
"8101","V0403","R045",5.52
"8102","V0403","R002",5.4
"8103","V0403","R019",3.64
"8104","V0403","R022",1.67
"8105","V0403","R028",4.05
"8106","V0404","R036",3.9
"8107","V0404","R030",3.98
"8108","V0404","R006",2.05
"8109","V0404","R040",3.37
"8110","V0404","R004",3.24
"8111","V0404","R037",3.83
"8112","V0404","R019",1.96
"8113","V0404","R045",2.8
"8114","V0404","R049",3.1
"8115","V0404","R024",3.61
"8116","V0404","R033",3.8
"8117","V0404","R034",3.86
"8118","V0404","R046",3.13
"8119","V0404","R043",3.17
"8120","V0404","R017",5.81
"8121","V0404","R020",1.48
"8122","V0404","R011",3.81
"8123","V0404","R007",4.35
"8124","V0404","R029",2.55
"8125","V0404","R009",4.27
"8126","V0404","R048",4.75
"8127","V0404","R001",2.94
"8128","V0404","R035",4.04
"8129","V0405","R037",3.35
"8130","V0405","R030",0.81
"8131","V0405","R014",3.19
"8132","V0405","R002",4.18
"8133","V0405","R044",3.71
"8134","V0405","R023",4.21
"8135","V0405","R033",3.53
"8136","V0405","R040",1.84
"8137","V0405","R025",4.2
"8138","V0405","R024",3.45
"8139","V0405","R045",2.1
"8140","V0405","R026",3.75
"8141","V0405","R020",2.79
"8142","V0405","R013",1.47
"8143","V0405","R048",1.94
"8144","V0405","R007",4.33
"8145","V0405","R016",2.7
"8146","V0406","R017",2.37
"8147","V0406","R003",4.78
"8148","V0406","R031",0.08
"8149","V0406","R002",2.14
"8150","V0406","R045",1.86
"8151","V0406","R010",4.44
"8152","V0406","R005",1.55
"8153","V0406","R041",2.93
"8154","V0406","R027",2.57
"8155","V0406","R025",3.01
"8156","V0406","R032",0.94
"8157","V0406","R020",2.36
"8158","V0406","R035",0.48
"8159","V0406","R009",4.13
"8160","V0406","R037",1.65
"8161","V0406","R026",0.93
"8162","V0406","R022",1.5
"8163","V0406","R042",3.68
"8164","V0407","R042",3.48
"8165","V0407","R005",3.72
"8166","V0407","R019",0.51
"8167","V0407","R015",1.03
"8168","V0407","R047",2.8
"8169","V0407","R021",1.52
"8170","V0407","R016",2.86
"8171","V0407","R029",0.34
"8172","V0407","R008",4.23
"8173","V0407","R034",2.71
"8174","V0407","R045",1.33
"8175","V0407","R001",2.11
"8176","V0407","R039",3.85
"8177","V0407","R030",0.23
"8178","V0407","R033",4.44
"8179","V0408","R022",3.78
"8180","V0408","R039",2.18
"8181","V0408","R011",3.6
"8182","V0408","R046",2.52
"8183","V0408","R032",2.75
"8184","V0408","R004",2.62
"8185","V0408","R023",4.8
"8186","V0408","R025",4.82
"8187","V0408","R041",4.14
"8188","V0408","R016",2.24
"8189","V0408","R049",1.8
"8190","V0408","R030",4.01
"8191","V0408","R047",2.76
"8192","V0408","R001",3.34
"8193","V0408","R009",2.87
"8194","V0408","R020",2.48
"8195","V0409","R036",2.81
"8196","V0409","R027",1.74
"8197","V0409","R015",4.43
"8198","V0409","R050",2.48
"8199","V0409","R026",2.82
"8200","V0409","R003",3
"8201","V0409","R046",3.14
"8202","V0409","R030",2.21
"8203","V0409","R041",2.23
"8204","V0409","R032",2.39
"8205","V0409","R044",4.62
"8206","V0409","R031",4.9
"8207","V0409","R011",3.75
"8208","V0409","R002",2.05
"8209","V0409","R049",1.63
"8210","V0409","R005",2.76
"8211","V0409","R004",3.46
"8212","V0409","R038",3.36
"8213","V0410","R009",4.61
"8214","V0410","R016",2.75
"8215","V0410","R047",2.16
"8216","V0410","R010",0.86
"8217","V0410","R019",2.88
"8218","V0410","R023",3.33
"8219","V0410","R020",4.29
"8220","V0410","R042",4.13
"8221","V0410","R017",2.21
"8222","V0410","R038",2.85
"8223","V0410","R037",4.2
"8224","V0410","R044",4.76
"8225","V0410","R040",4.93
"8226","V0410","R004",5.11
"8227","V0410","R003",4.67
"8228","V0410","R001",4.95
"8229","V0410","R029",2.1
"8230","V0410","R027",4.11
"8231","V0411","R018",4.15
"8232","V0411","R003",5.2
"8233","V0411","R050",3.87
"8234","V0411","R045",2.61
"8235","V0411","R034",3.57
"8236","V0411","R014",3.08
"8237","V0411","R044",3.26
"8238","V0411","R042",1.59
"8239","V0411","R028",2.61
"8240","V0411","R041",2.81
"8241","V0411","R026",2.61
"8242","V0411","R020",3.33
"8243","V0411","R023",3.79
"8244","V0411","R021",4.31
"8245","V0411","R032",3.02
"8246","V0411","R037",0.97
"8247","V0411","R017",3.05
"8248","V0412","R039",3.6
"8249","V0412","R045",1.66
"8250","V0412","R003",4.57
"8251","V0412","R021",4.41
"8252","V0412","R025",5.71
"8253","V0412","R024",5.67
"8254","V0412","R036",4.16
"8255","V0412","R017",4.12
"8256","V0412","R013",4.86
"8257","V0412","R019",5.77
"8258","V0412","R027",4.01
"8259","V0412","R022",1.7
"8260","V0412","R040",5.15
"8261","V0412","R004",3.98
"8262","V0413","R026",3.41
"8263","V0413","R024",3.54
"8264","V0413","R043",2.99
"8265","V0413","R029",1.03
"8266","V0413","R008",2.66
"8267","V0413","R037",0.2
"8268","V0413","R016",3.11
"8269","V0413","R021",2.85
"8270","V0413","R004",2.89
"8271","V0413","R011",4.32
"8272","V0413","R048",2.34
"8273","V0413","R033",5.07
"8274","V0413","R014",3.8
"8275","V0413","R034",4.07
"8276","V0413","R025",1.74
"8277","V0413","R005",3.47
"8278","V0413","R045",3.36
"8279","V0414","R039",3.49
"8280","V0414","R005",6.25
"8281","V0414","R040",3.84
"8282","V0414","R015",5.28
"8283","V0414","R026",6.28
"8284","V0414","R012",7.37
"8285","V0414","R004",6.97
"8286","V0414","R001",7.45
"8287","V0414","R050",5.51
"8288","V0414","R033",4.73
"8289","V0414","R014",5.52
"8290","V0414","R007",7.56
"8291","V0414","R010",6.56
"8292","V0414","R038",4.06
"8293","V0415","R022",5.6
"8294","V0415","R013",5.31
"8295","V0415","R002",4.66
"8296","V0415","R042",2.93
"8297","V0415","R018",5.89
"8298","V0415","R049",5.9
"8299","V0415","R024",5.32
"8300","V0415","R004",4.68
"8301","V0415","R017",5.79
"8302","V0415","R010",5.21
"8303","V0415","R040",6
"8304","V0415","R006",7.27
"8305","V0415","R031",5.68
"8306","V0415","R050",5.53
"8307","V0415","R033",6.42
"8308","V0415","R045",4.47
"8309","V0415","R035",7.7
"8310","V0415","R023",5.05
"8311","V0415","R048",5.55
"8312","V0415","R005",4.69
"8313","V0416","R028",3.74
"8314","V0416","R019",5.19
"8315","V0416","R044",6
"8316","V0416","R006",4.93
"8317","V0416","R040",3.45
"8318","V0416","R003",5.05
"8319","V0416","R034",4.43
"8320","V0416","R031",4.88
"8321","V0416","R005",3.23
"8322","V0416","R023",3.73
"8323","V0417","R032",4.32
"8324","V0417","R046",4.91
"8325","V0417","R008",3.3
"8326","V0417","R024",4.46
"8327","V0417","R034",2.9
"8328","V0417","R044",2.76
"8329","V0417","R027",2.32
"8330","V0417","R047",4.11
"8331","V0417","R006",3.61
"8332","V0417","R026",3.89
"8333","V0417","R014",5.99
"8334","V0417","R010",3.34
"8335","V0417","R025",4.85
"8336","V0417","R042",2.72
"8337","V0418","R031",5.58
"8338","V0418","R047",3.34
"8339","V0418","R037",3.46
"8340","V0418","R049",3.72
"8341","V0418","R046",2.91
"8342","V0418","R004",5.01
"8343","V0418","R033",6.1
"8344","V0418","R040",5.85
"8345","V0418","R036",4.06
"8346","V0418","R005",4.26
"8347","V0418","R002",1.5
"8348","V0418","R015",3.89
"8349","V0418","R011",4.26
"8350","V0418","R016",4.26
"8351","V0418","R045",3.46
"8352","V0418","R008",4.16
"8353","V0418","R034",4.76
"8354","V0418","R012",2.56
"8355","V0418","R007",4.43
"8356","V0418","R029",3.33
"8357","V0418","R014",4.5
"8358","V0418","R050",3.75
"8359","V0418","R038",1.83
"8360","V0419","R026",3.42
"8361","V0419","R036",2.78
"8362","V0419","R011",3.09
"8363","V0419","R029",3.39
"8364","V0419","R010",3.11
"8365","V0419","R006",2.51
"8366","V0419","R017",2.6
"8367","V0419","R021",2.45
"8368","V0419","R014",2.59
"8369","V0419","R031",3.45
"8370","V0419","R041",3.74
"8371","V0419","R032",3.35
"8372","V0419","R037",1.83
"8373","V0419","R050",0.78
"8374","V0419","R035",3.93
"8375","V0419","R020",3.18
"8376","V0419","R047",1.54
"8377","V0419","R025",2.36
"8378","V0419","R046",2.62
"8379","V0419","R009",2.91
"8380","V0419","R008",2.4
"8381","V0420","R032",1.49
"8382","V0420","R038",2.93
"8383","V0420","R026",4.51
"8384","V0420","R023",3.28
"8385","V0420","R012",2.72
"8386","V0420","R049",3.35
"8387","V0420","R008",2.29
"8388","V0420","R028",1.62
"8389","V0420","R013",2.43
"8390","V0420","R042",0.57
"8391","V0420","R030",0
"8392","V0420","R027",2.51
"8393","V0420","R014",4.12
"8394","V0420","R018",3.15
"8395","V0420","R007",2.96
"8396","V0420","R047",2.51
"8397","V0421","R026",2.48
"8398","V0421","R031",4.61
"8399","V0421","R009",2.93
"8400","V0421","R044",2.03
"8401","V0421","R017",4.38
"8402","V0421","R016",3.59
"8403","V0421","R022",1.81
"8404","V0421","R046",4.23
"8405","V0421","R015",3.1
"8406","V0421","R048",3.14
"8407","V0421","R032",3.8
"8408","V0421","R042",2.89
"8409","V0421","R040",4.29
"8410","V0421","R035",3.6
"8411","V0421","R005",3.66
"8412","V0421","R001",4.03
"8413","V0421","R027",3.15
"8414","V0421","R002",3.78
"8415","V0421","R033",3.09
"8416","V0421","R036",2.71
"8417","V0421","R010",3.03
"8418","V0421","R003",2.46
"8419","V0421","R039",4.29
"8420","V0422","R025",4.75
"8421","V0422","R027",3.63
"8422","V0422","R047",4.61
"8423","V0422","R046",6.45
"8424","V0422","R044",5.79
"8425","V0422","R050",4.58
"8426","V0422","R045",4.73
"8427","V0422","R024",3.77
"8428","V0422","R021",2.2
"8429","V0422","R034",4.48
"8430","V0422","R049",4.84
"8431","V0422","R018",4.99
"8432","V0422","R038",5.58
"8433","V0422","R035",6.07
"8434","V0422","R006",3.41
"8435","V0422","R013",4.72
"8436","V0422","R017",3.99
"8437","V0422","R032",2.9
"8438","V0422","R039",3.18
"8439","V0422","R023",4.63
"8440","V0422","R043",6.78
"8441","V0422","R015",4.86
"8442","V0422","R001",6.37
"8443","V0422","R040",6.18
"8444","V0422","R037",5.78
"8445","V0422","R009",5.09
"8446","V0422","R010",3.64
"8447","V0422","R011",3.7
"8448","V0423","R009",1.62
"8449","V0423","R043",3.19
"8450","V0423","R048",4.93
"8451","V0423","R010",3.27
"8452","V0423","R019",2.79
"8453","V0423","R040",1.7
"8454","V0423","R026",4.04
"8455","V0423","R029",4.37
"8456","V0423","R004",5.67
"8457","V0423","R044",2.39
"8458","V0423","R011",3.33
"8459","V0423","R032",2.31
"8460","V0423","R037",2.62
"8461","V0423","R015",5.77
"8462","V0423","R042",3.49
"8463","V0423","R016",4.4
"8464","V0423","R050",2.78
"8465","V0423","R047",2.06
"8466","V0423","R045",2.19
"8467","V0423","R020",4.82
"8468","V0423","R012",2.94
"8469","V0423","R038",4.23
"8470","V0423","R017",4.79
"8471","V0423","R003",1.54
"8472","V0423","R041",3.68
"8473","V0423","R018",3.64
"8474","V0423","R035",5.14
"8475","V0423","R049",4.52
"8476","V0423","R007",0.82
"8477","V0424","R005",3.91
"8478","V0424","R034",5.22
"8479","V0424","R036",5.3
"8480","V0424","R029",4.7
"8481","V0424","R026",3.71
"8482","V0424","R011",5.1
"8483","V0424","R047",2
"8484","V0424","R014",3.82
"8485","V0424","R025",4.43
"8486","V0424","R015",3.85
"8487","V0424","R042",3.62
"8488","V0424","R023",3.48
"8489","V0424","R045",4.86
"8490","V0424","R008",4.85
"8491","V0424","R028",2.59
"8492","V0425","R040",3.64
"8493","V0425","R031",3.82
"8494","V0425","R044",3.58
"8495","V0425","R037",1.25
"8496","V0425","R026",4.17
"8497","V0425","R048",4.25
"8498","V0425","R032",4.23
"8499","V0425","R008",2.03
"8500","V0425","R005",4.76
"8501","V0425","R030",4.08
"8502","V0425","R012",4.96
"8503","V0425","R016",3.55
"8504","V0425","R024",4.4
"8505","V0425","R045",2.76
"8506","V0425","R034",5.17
"8507","V0426","R027",3.37
"8508","V0426","R008",4.93
"8509","V0426","R036",2.16
"8510","V0426","R016",3.82
"8511","V0426","R007",3.14
"8512","V0426","R044",3.86
"8513","V0426","R024",4.74
"8514","V0426","R020",5.02
"8515","V0426","R010",3.06
"8516","V0426","R025",4.81
"8517","V0426","R009",1.55
"8518","V0426","R013",4.29
"8519","V0426","R014",4.49
"8520","V0426","R001",3.47
"8521","V0426","R003",3.3
"8522","V0426","R038",3.15
"8523","V0426","R050",2.24
"8524","V0426","R037",3.1
"8525","V0426","R029",3.21
"8526","V0426","R002",3.27
"8527","V0426","R030",3.43
"8528","V0426","R032",2.79
"8529","V0426","R011",3.22
"8530","V0426","R033",2.59
"8531","V0426","R006",4.7
"8532","V0426","R023",4.69
"8533","V0427","R005",1.25
"8534","V0427","R045",1.76
"8535","V0427","R024",4.55
"8536","V0427","R046",3.82
"8537","V0427","R014",4.86
"8538","V0427","R025",5.13
"8539","V0427","R003",3.97
"8540","V0427","R010",3.81
"8541","V0427","R006",4.14
"8542","V0427","R007",3.8
"8543","V0427","R012",2.61
"8544","V0427","R038",5.53
"8545","V0427","R030",4.29
"8546","V0427","R023",5.34
"8547","V0427","R019",1.94
"8548","V0427","R044",2.96
"8549","V0427","R035",3.52
"8550","V0428","R008",3.61
"8551","V0428","R040",4.07
"8552","V0428","R045",4.49
"8553","V0428","R017",3.37
"8554","V0428","R030",2.86
"8555","V0428","R041",4.32
"8556","V0428","R046",4.02
"8557","V0428","R019",3.8
"8558","V0428","R006",3.27
"8559","V0428","R016",4.38
"8560","V0428","R039",3.33
"8561","V0428","R012",4.34
"8562","V0428","R035",1.4
"8563","V0428","R044",4.11
"8564","V0428","R031",2.74
"8565","V0428","R029",1.92
"8566","V0428","R042",3.59
"8567","V0428","R014",4.48
"8568","V0428","R026",3.96
"8569","V0428","R036",4.71
"8570","V0428","R047",3.4
"8571","V0428","R018",3.77
"8572","V0428","R048",5.06
"8573","V0428","R043",3.22
"8574","V0429","R003",3.57
"8575","V0429","R016",5.42
"8576","V0429","R036",5.71
"8577","V0429","R015",3.2
"8578","V0429","R029",4.78
"8579","V0429","R022",1.79
"8580","V0429","R009",4.57
"8581","V0429","R005",3.27
"8582","V0429","R006",3.26
"8583","V0429","R049",5.46
"8584","V0429","R026",5.25
"8585","V0429","R038",2.06
"8586","V0429","R019",4.81
"8587","V0429","R014",4.37
"8588","V0429","R027",4.51
"8589","V0429","R050",5.53
"8590","V0429","R007",3.52
"8591","V0430","R006",3.3
"8592","V0430","R048",2.77
"8593","V0430","R010",2.78
"8594","V0430","R014",1.95
"8595","V0430","R039",2.51
"8596","V0430","R017",2.35
"8597","V0430","R028",2.96
"8598","V0430","R002",3.14
"8599","V0430","R020",3.98
"8600","V0430","R008",3.13
"8601","V0431","R047",2.34
"8602","V0431","R036",1.97
"8603","V0431","R029",3.17
"8604","V0431","R038",2.57
"8605","V0431","R032",3.8
"8606","V0431","R010",2.69
"8607","V0431","R018",4.45
"8608","V0431","R015",3.78
"8609","V0431","R022",1.78
"8610","V0431","R048",4.01
"8611","V0431","R042",5.08
"8612","V0431","R006",5.72
"8613","V0431","R004",4.89
"8614","V0431","R041",4.17
"8615","V0431","R026",3.7
"8616","V0431","R046",5.2
"8617","V0431","R014",4.33
"8618","V0431","R049",2.78
"8619","V0432","R021",3.23
"8620","V0432","R023",2.84
"8621","V0432","R029",2.06
"8622","V0432","R028",1.94
"8623","V0432","R027",3.85
"8624","V0432","R024",3.61
"8625","V0432","R039",2.06
"8626","V0432","R015",2.41
"8627","V0432","R047",1.75
"8628","V0432","R031",5.38
"8629","V0432","R050",2.98
"8630","V0432","R033",2.18
"8631","V0432","R035",3.28
"8632","V0432","R001",3.38
"8633","V0432","R007",4.13
"8634","V0432","R040",2.54
"8635","V0432","R016",4.1
"8636","V0432","R018",4.32
"8637","V0432","R037",5.2
"8638","V0432","R025",3.94
"8639","V0432","R004",4.48
"8640","V0432","R002",4.35
"8641","V0432","R019",3.83
"8642","V0432","R022",2.89
"8643","V0432","R008",3.29
"8644","V0432","R043",3.04
"8645","V0433","R047",4.18
"8646","V0433","R009",3.43
"8647","V0433","R003",1.31
"8648","V0433","R008",2.81
"8649","V0433","R048",1.91
"8650","V0433","R015",1.72
"8651","V0433","R028",2.96
"8652","V0433","R041",2.89
"8653","V0433","R034",2.76
"8654","V0433","R049",4.88
"8655","V0433","R004",5.98
"8656","V0433","R007",2.99
"8657","V0433","R023",4.85
"8658","V0433","R032",4.31
"8659","V0433","R021",3.13
"8660","V0433","R002",1.94
"8661","V0433","R026",3.02
"8662","V0433","R022",1.07
"8663","V0433","R001",4.24
"8664","V0434","R004",3.94
"8665","V0434","R014",3.99
"8666","V0434","R045",2.23
"8667","V0434","R026",3.59
"8668","V0434","R036",2.93
"8669","V0434","R002",3.18
"8670","V0434","R022",3.39
"8671","V0434","R012",3.61
"8672","V0434","R013",2.6
"8673","V0434","R003",3.25
"8674","V0434","R035",2.91
"8675","V0434","R011",3.62
"8676","V0434","R046",2.65
"8677","V0434","R047",1.58
"8678","V0434","R019",2.17
"8679","V0434","R032",3.06
"8680","V0434","R010",3.29
"8681","V0434","R031",3.37
"8682","V0434","R044",4.2
"8683","V0434","R041",4.18
"8684","V0434","R050",3.99
"8685","V0434","R030",4.84
"8686","V0434","R015",4.2
"8687","V0435","R019",3.8
"8688","V0435","R010",5.23
"8689","V0435","R034",4.8
"8690","V0435","R047",3.07
"8691","V0435","R011",3.86
"8692","V0435","R024",2.68
"8693","V0435","R049",2.74
"8694","V0435","R012",4.18
"8695","V0435","R017",4.08
"8696","V0435","R042",3.98
"8697","V0435","R022",3.45
"8698","V0435","R036",3.76
"8699","V0435","R014",5.12
"8700","V0435","R009",4.02
"8701","V0435","R046",3.07
"8702","V0435","R005",4.17
"8703","V0435","R004",4.31
"8704","V0435","R003",3.65
"8705","V0435","R006",3.06
"8706","V0435","R029",4.98
"8707","V0435","R035",5.92
"8708","V0435","R018",4.11
"8709","V0435","R028",2.09
"8710","V0435","R048",1.76
"8711","V0435","R015",4.38
"8712","V0435","R002",3.88
"8713","V0435","R045",3.49
"8714","V0436","R041",1.89
"8715","V0436","R038",1.21
"8716","V0436","R018",3.5
"8717","V0436","R037",2.94
"8718","V0436","R005",3.4
"8719","V0436","R048",1.31
"8720","V0436","R012",4.45
"8721","V0436","R023",0.57
"8722","V0436","R017",1.37
"8723","V0436","R014",1.65
"8724","V0436","R034",0.61
"8725","V0436","R039",3.42
"8726","V0436","R010",1.11
"8727","V0436","R009",2.57
"8728","V0436","R050",3.06
"8729","V0436","R035",1.19
"8730","V0436","R030",2.77
"8731","V0436","R007",3.4
"8732","V0436","R028",2.46
"8733","V0436","R016",2.63
"8734","V0436","R004",1.13
"8735","V0436","R044",4.38
"8736","V0436","R049",3.31
"8737","V0436","R043",3
"8738","V0436","R019",2.18
"8739","V0436","R008",2.74
"8740","V0436","R026",1.69
"8741","V0437","R047",2.92
"8742","V0437","R048",4.05
"8743","V0437","R022",4.29
"8744","V0437","R049",2.28
"8745","V0437","R029",4.81
"8746","V0437","R038",3.45
"8747","V0437","R042",5.18
"8748","V0437","R004",4.15
"8749","V0437","R035",4.47
"8750","V0437","R037",4.43
"8751","V0437","R005",3.94
"8752","V0437","R040",4.65
"8753","V0437","R021",4.24
"8754","V0437","R043",5.38
"8755","V0437","R026",5.08
"8756","V0437","R007",4.4
"8757","V0437","R012",5.95
"8758","V0437","R019",1.58
"8759","V0437","R031",4.04
"8760","V0437","R017",3.97
"8761","V0438","R038",4.52
"8762","V0438","R019",1.57
"8763","V0438","R007",3.08
"8764","V0438","R021",4.53
"8765","V0438","R002",1.97
"8766","V0438","R036",2.7
"8767","V0438","R004",0.62
"8768","V0438","R015",1.45
"8769","V0438","R049",3.02
"8770","V0438","R050",2.23
"8771","V0438","R001",3.64
"8772","V0438","R041",2.9
"8773","V0438","R008",1.85
"8774","V0438","R027",1.68
"8775","V0438","R040",2.1
"8776","V0438","R026",3.3
"8777","V0438","R047",2.53
"8778","V0438","R011",3.22
"8779","V0438","R009",2.51
"8780","V0438","R022",0
"8781","V0438","R003",3.46
"8782","V0438","R018",2.08
"8783","V0438","R048",2.12
"8784","V0438","R005",4.03
"8785","V0438","R033",2.18
"8786","V0438","R013",0
"8787","V0438","R044",2.33
"8788","V0438","R045",0.33
"8789","V0438","R024",0.73
"8790","V0439","R026",5.51
"8791","V0439","R031",5.14
"8792","V0439","R018",4.69
"8793","V0439","R015",3.29
"8794","V0439","R042",3.6
"8795","V0439","R016",4.88
"8796","V0439","R030",6.25
"8797","V0439","R050",4.46
"8798","V0439","R049",3.72
"8799","V0439","R019",4.88
"8800","V0439","R024",4.06
"8801","V0439","R040",3.02
"8802","V0439","R035",4.89
"8803","V0439","R046",5.27
"8804","V0439","R008",6.16
"8805","V0439","R002",2.71
"8806","V0439","R039",2.92
"8807","V0439","R021",4.11
"8808","V0439","R013",4.3
"8809","V0439","R027",5.47
"8810","V0439","R044",3.31
"8811","V0440","R040",5.93
"8812","V0440","R010",5.01
"8813","V0440","R026",1.47
"8814","V0440","R042",5.44
"8815","V0440","R045",2.61
"8816","V0440","R029",3.51
"8817","V0440","R005",2.79
"8818","V0440","R014",4.72
"8819","V0440","R041",5.01
"8820","V0440","R001",4.87
"8821","V0440","R012",5.85
"8822","V0440","R016",3.53
"8823","V0440","R046",3.91
"8824","V0440","R020",3.52
"8825","V0440","R043",5.23
"8826","V0440","R017",3.55
"8827","V0440","R039",2.71
"8828","V0440","R025",4.38
"8829","V0440","R015",3.13
"8830","V0440","R006",4.05
"8831","V0440","R011",4.07
"8832","V0440","R023",3.54
"8833","V0440","R037",2.99
"8834","V0440","R021",4.05
"8835","V0440","R030",3.99
"8836","V0440","R049",5.47
"8837","V0440","R048",3.71
"8838","V0440","R004",5.11
"8839","V0441","R001",5.03
"8840","V0441","R044",3.51
"8841","V0441","R011",4.8
"8842","V0441","R047",2
"8843","V0441","R045",2.6
"8844","V0441","R023",3.94
"8845","V0441","R012",4.98
"8846","V0441","R019",3.37
"8847","V0441","R010",3.48
"8848","V0441","R004",4
"8849","V0441","R042",3.35
"8850","V0441","R037",3.81
"8851","V0441","R020",1.81
"8852","V0441","R049",4.63
"8853","V0441","R031",3.84
"8854","V0441","R046",4
"8855","V0441","R013",3.07
"8856","V0441","R017",3.2
"8857","V0441","R024",3.61
"8858","V0441","R028",4.28
"8859","V0441","R039",2.7
"8860","V0441","R025",3.73
"8861","V0441","R034",2.66
"8862","V0441","R032",4.77
"8863","V0442","R048",1.9
"8864","V0442","R002",2.8
"8865","V0442","R050",2.9
"8866","V0442","R037",2.31
"8867","V0442","R020",2.8
"8868","V0442","R015",2.59
"8869","V0442","R028",1.75
"8870","V0442","R018",2.37
"8871","V0442","R008",2.21
"8872","V0442","R025",4.48
"8873","V0442","R030",2.92
"8874","V0443","R010",3.45
"8875","V0443","R033",4.3
"8876","V0443","R007",3.05
"8877","V0443","R037",4.28
"8878","V0443","R025",3.19
"8879","V0443","R045",4.15
"8880","V0443","R019",3.38
"8881","V0443","R047",2.3
"8882","V0443","R039",1.96
"8883","V0443","R024",3.58
"8884","V0443","R006",3.87
"8885","V0443","R044",4.12
"8886","V0443","R009",3.37
"8887","V0443","R015",2.14
"8888","V0443","R016",1.58
"8889","V0443","R042",3.12
"8890","V0443","R036",0.88
"8891","V0443","R002",3.08
"8892","V0443","R001",4.93
"8893","V0443","R021",5.43
"8894","V0443","R049",3.45
"8895","V0443","R020",5.45
"8896","V0443","R018",4.99
"8897","V0443","R022",1.99
"8898","V0444","R035",2.7
"8899","V0444","R002",2.84
"8900","V0444","R027",3.66
"8901","V0444","R043",4.75
"8902","V0444","R028",2.24
"8903","V0444","R011",4.33
"8904","V0444","R041",3.62
"8905","V0444","R013",1.31
"8906","V0444","R050",2.84
"8907","V0444","R038",3.87
"8908","V0444","R006",3.42
"8909","V0444","R034",4.89
"8910","V0444","R024",4.62
"8911","V0444","R010",2.5
"8912","V0444","R007",0.96
"8913","V0444","R046",3.85
"8914","V0444","R009",3.8
"8915","V0444","R026",2.71
"8916","V0444","R001",2.31
"8917","V0444","R004",3.23
"8918","V0444","R020",2.6
"8919","V0444","R015",2.1
"8920","V0445","R048",4.85
"8921","V0445","R049",3.42
"8922","V0445","R010",6.4
"8923","V0445","R009",3.13
"8924","V0445","R013",5.33
"8925","V0445","R017",5.32
"8926","V0445","R037",5.44
"8927","V0445","R029",2.04
"8928","V0445","R020",5.17
"8929","V0445","R024",5.34
"8930","V0445","R007",4.22
"8931","V0445","R027",4.27
"8932","V0446","R047",1.74
"8933","V0446","R012",2.71
"8934","V0446","R038",2.74
"8935","V0446","R011",3.28
"8936","V0446","R046",3.51
"8937","V0446","R037",2.4
"8938","V0446","R030",2.9
"8939","V0446","R035",4.65
"8940","V0446","R028",2.63
"8941","V0446","R019",1.8
"8942","V0446","R014",2.61
"8943","V0446","R007",4.57
"8944","V0446","R042",1.9
"8945","V0446","R006",4.02
"8946","V0446","R027",0.56
"8947","V0446","R049",3.88
"8948","V0447","R001",3.35
"8949","V0447","R019",3.44
"8950","V0447","R020",2.08
"8951","V0447","R010",1.92
"8952","V0447","R039",1.99
"8953","V0447","R034",1.81
"8954","V0447","R012",5.2
"8955","V0447","R050",2.56
"8956","V0447","R011",2.37
"8957","V0447","R047",1.06
"8958","V0447","R035",4.04
"8959","V0447","R049",1.97
"8960","V0447","R015",1.62
"8961","V0447","R013",2.52
"8962","V0447","R002",2.19
"8963","V0447","R021",2.1
"8964","V0447","R023",4.96
"8965","V0447","R037",1.49
"8966","V0447","R005",2.21
"8967","V0448","R006",5.83
"8968","V0448","R047",3.35
"8969","V0448","R016",2.53
"8970","V0448","R035",4.85
"8971","V0448","R002",2.56
"8972","V0448","R019",2.41
"8973","V0448","R050",3
"8974","V0448","R033",4.41
"8975","V0448","R010",2.87
"8976","V0448","R045",2.59
"8977","V0448","R003",2.83
"8978","V0448","R026",5.16
"8979","V0448","R031",4.23
"8980","V0448","R014",1.2
"8981","V0448","R008",3.58
"8982","V0448","R023",2.51
"8983","V0448","R032",4.76
"8984","V0448","R036",1.94
"8985","V0448","R022",2.04
"8986","V0448","R044",3.15
"8987","V0448","R011",4.05
"8988","V0448","R005",2.73
"8989","V0448","R017",1.02
"8990","V0448","R001",5.61
"8991","V0448","R027",1.99
"8992","V0448","R042",3.41
"8993","V0448","R018",3.24
"8994","V0449","R033",3.31
"8995","V0449","R027",5.8
"8996","V0449","R040",4.17
"8997","V0449","R030",0
"8998","V0449","R032",1.3
"8999","V0449","R022",2.2
"9000","V0449","R039",0.89
"9001","V0449","R047",2.92
"9002","V0449","R026",2.95
"9003","V0449","R018",3.71
"9004","V0449","R028",2.07
"9005","V0449","R043",2.31
"9006","V0449","R023",4.36
"9007","V0449","R044",4.35
"9008","V0449","R034",3.45
"9009","V0449","R029",3.14
"9010","V0449","R004",3.03
"9011","V0449","R038",3.68
"9012","V0449","R020",5.14
"9013","V0449","R031",3.02
"9014","V0449","R003",2.5
"9015","V0449","R041",5.05
"9016","V0449","R036",2.62
"9017","V0449","R013",1.68
"9018","V0449","R012",4.73
"9019","V0449","R015",3.27
"9020","V0450","R025",3.63
"9021","V0450","R027",3.23
"9022","V0450","R038",1.5
"9023","V0450","R022",3.73
"9024","V0450","R033",4.23
"9025","V0450","R036",3.49
"9026","V0450","R049",1.67
"9027","V0450","R006",3.63
"9028","V0450","R014",4.38
"9029","V0450","R019",1.31
"9030","V0450","R015",1.9
"9031","V0450","R032",3.53
"9032","V0450","R021",2.07
"9033","V0450","R030",2.8
"9034","V0450","R026",3.93
"9035","V0450","R018",2.86
"9036","V0450","R023",3.53
"9037","V0450","R004",4.5
"9038","V0450","R020",3.16
"9039","V0450","R016",4.34
"9040","V0450","R013",2.94
"9041","V0450","R044",3.21
"9042","V0450","R031",3.2
"9043","V0450","R042",4.06
"9044","V0450","R037",4.52
"9045","V0451","R049",4.39
"9046","V0451","R029",3.51
"9047","V0451","R045",1.71
"9048","V0451","R046",3.64
"9049","V0451","R024",4.49
"9050","V0451","R009",1.83
"9051","V0451","R025",4
"9052","V0451","R037",3.78
"9053","V0451","R003",2.61
"9054","V0451","R040",3.54
"9055","V0451","R041",1.65
"9056","V0451","R005",5.34
"9057","V0451","R001",3.55
"9058","V0451","R022",1.26
"9059","V0451","R033",3.35
"9060","V0451","R034",3.25
"9061","V0451","R013",1.66
"9062","V0452","R049",3.88
"9063","V0452","R027",2.03
"9064","V0452","R048",3.66
"9065","V0452","R004",4.31
"9066","V0452","R011",4.68
"9067","V0452","R038",3.04
"9068","V0452","R024",2.63
"9069","V0452","R045",3.78
"9070","V0452","R006",1.15
"9071","V0452","R002",3.12
"9072","V0452","R010",2.05
"9073","V0452","R014",3.09
"9074","V0452","R001",3.21
"9075","V0452","R021",1.43
"9076","V0452","R030",2.13
"9077","V0452","R035",2.95
"9078","V0452","R012",4.85
"9079","V0452","R041",3.35
"9080","V0452","R046",3.35
"9081","V0452","R020",2.64
"9082","V0452","R018",2.94
"9083","V0452","R025",2.4
"9084","V0452","R034",2.59
"9085","V0452","R037",3.9
"9086","V0452","R005",2.14
"9087","V0452","R009",3.7
"9088","V0452","R008",3.72
"9089","V0452","R023",2.55
"9090","V0453","R043",3.62
"9091","V0453","R018",2.84
"9092","V0453","R026",2.73
"9093","V0453","R016",3.74
"9094","V0453","R006",4.9
"9095","V0453","R045",2.12
"9096","V0453","R010",2.05
"9097","V0453","R009",1.95
"9098","V0453","R037",2.1
"9099","V0453","R034",2.62
"9100","V0453","R025",3.39
"9101","V0453","R023",3.55
"9102","V0453","R049",3.59
"9103","V0453","R014",3.73
"9104","V0453","R019",3.22
"9105","V0453","R003",4.37
"9106","V0453","R013",3.31
"9107","V0453","R041",2.76
"9108","V0453","R033",4.19
"9109","V0453","R038",3.31
"9110","V0453","R048",2.54
"9111","V0453","R047",3.37
"9112","V0453","R020",3.26
"9113","V0453","R017",2.72
"9114","V0453","R001",2.79
"9115","V0454","R019",0.1
"9116","V0454","R013",1.89
"9117","V0454","R026",3.63
"9118","V0454","R008",1.34
"9119","V0454","R009",1.68
"9120","V0454","R010",2.99
"9121","V0454","R016",3.52
"9122","V0454","R031",3.06
"9123","V0454","R045",3.24
"9124","V0454","R011",2.86
"9125","V0454","R028",3.08
"9126","V0454","R044",2.62
"9127","V0454","R012",3.95
"9128","V0454","R048",4.35
"9129","V0454","R040",3.92
"9130","V0454","R020",3.57
"9131","V0454","R025",6.04
"9132","V0454","R017",3.68
"9133","V0454","R039",2.97
"9134","V0454","R004",4.73
"9135","V0454","R023",4.54
"9136","V0454","R007",2.71
"9137","V0454","R021",3.17
"9138","V0454","R042",2.95
"9139","V0455","R046",2.51
"9140","V0455","R049",3.42
"9141","V0455","R045",4.85
"9142","V0455","R011",4.89
"9143","V0455","R019",2.53
"9144","V0455","R015",1.83
"9145","V0455","R014",3.42
"9146","V0455","R012",4.79
"9147","V0455","R035",2.98
"9148","V0455","R044",3.3
"9149","V0455","R020",3.69
"9150","V0455","R017",3.42
"9151","V0455","R025",4.02
"9152","V0455","R006",4.23
"9153","V0455","R050",3.97
"9154","V0455","R005",4.09
"9155","V0456","R029",3.58
"9156","V0456","R021",3.95
"9157","V0456","R045",2.69
"9158","V0456","R012",2.94
"9159","V0456","R020",6.45
"9160","V0456","R002",4.18
"9161","V0456","R050",3.51
"9162","V0456","R034",4.94
"9163","V0456","R038",3.45
"9164","V0456","R041",4.03
"9165","V0457","R033",6.13
"9166","V0457","R041",6.04
"9167","V0457","R025",4.83
"9168","V0457","R049",4.58
"9169","V0457","R046",5.51
"9170","V0457","R047",3.71
"9171","V0457","R045",2.94
"9172","V0457","R011",4.97
"9173","V0457","R027",3.82
"9174","V0457","R035",5.58
"9175","V0457","R014",5.54
"9176","V0457","R048",4.55
"9177","V0457","R009",3.31
"9178","V0458","R008",4.53
"9179","V0458","R022",4.11
"9180","V0458","R031",4.77
"9181","V0458","R038",4.23
"9182","V0458","R018",3.29
"9183","V0458","R044",3.81
"9184","V0458","R024",5.6
"9185","V0458","R020",5.18
"9186","V0458","R046",4.35
"9187","V0458","R040",3.66
"9188","V0458","R006",3.95
"9189","V0458","R010",5.23
"9190","V0458","R005",5.05
"9191","V0459","R022",2.84
"9192","V0459","R020",4.71
"9193","V0459","R037",3.75
"9194","V0459","R004",5.49
"9195","V0459","R011",3.45
"9196","V0459","R006",2.87
"9197","V0459","R008",3.77
"9198","V0459","R025",4.65
"9199","V0459","R038",2.22
"9200","V0459","R036",2.79
"9201","V0460","R013",3.66
"9202","V0460","R004",3.29
"9203","V0460","R019",1.37
"9204","V0460","R046",1.29
"9205","V0460","R023",1.06
"9206","V0460","R010",4.1
"9207","V0460","R044",4.96
"9208","V0460","R041",2.36
"9209","V0460","R024",2.66
"9210","V0460","R011",3.21
"9211","V0460","R032",3.92
"9212","V0460","R034",4.93
"9213","V0460","R038",2.09
"9214","V0460","R022",1.32
"9215","V0460","R008",2.82
"9216","V0460","R030",1.63
"9217","V0460","R025",2.88
"9218","V0460","R016",2.93
"9219","V0460","R049",1.49
"9220","V0460","R003",3.44
"9221","V0460","R048",2.51
"9222","V0460","R005",2.72
"9223","V0460","R043",3.48
"9224","V0460","R047",3.91
"9225","V0460","R007",3.08
"9226","V0460","R029",3.25
"9227","V0460","R045",3.2
"9228","V0460","R040",2.64
"9229","V0461","R018",4.88
"9230","V0461","R050",4.49
"9231","V0461","R020",4.43
"9232","V0461","R049",3.64
"9233","V0461","R034",4.92
"9234","V0461","R044",2.85
"9235","V0461","R028",2.56
"9236","V0461","R024",2.98
"9237","V0461","R041",6.15
"9238","V0461","R022",2.77
"9239","V0461","R043",5.56
"9240","V0461","R012",5.46
"9241","V0461","R007",4.77
"9242","V0461","R035",4.17
"9243","V0461","R042",4.33
"9244","V0461","R027",5.26
"9245","V0461","R030",3.68
"9246","V0461","R006",2.67
"9247","V0461","R045",2.14
"9248","V0461","R046",4.7
"9249","V0462","R046",2.94
"9250","V0462","R004",5.07
"9251","V0462","R008",4.69
"9252","V0462","R043",5.18
"9253","V0462","R007",5.77
"9254","V0462","R017",4.27
"9255","V0462","R023",3.45
"9256","V0462","R039",5.53
"9257","V0462","R033",5.91
"9258","V0462","R015",2.99
"9259","V0462","R011",4.66
"9260","V0462","R045",4.55
"9261","V0462","R038",2.51
"9262","V0462","R019",3.98
"9263","V0462","R005",3.85
"9264","V0462","R029",3.1
"9265","V0463","R030",4.28
"9266","V0463","R031",5.18
"9267","V0463","R035",2.04
"9268","V0463","R016",3.65
"9269","V0463","R028",1.98
"9270","V0463","R021",2.65
"9271","V0463","R007",2.91
"9272","V0463","R036",3.15
"9273","V0463","R023",2.83
"9274","V0463","R034",4.47
"9275","V0463","R029",4.81
"9276","V0463","R015",3.47
"9277","V0463","R019",4.35
"9278","V0463","R040",4.6
"9279","V0463","R018",4.75
"9280","V0463","R044",2.7
"9281","V0463","R012",4.2
"9282","V0463","R038",2.68
"9283","V0463","R027",3.37
"9284","V0463","R022",2.05
"9285","V0463","R002",2.27
"9286","V0463","R010",2.02
"9287","V0464","R023",6.17
"9288","V0464","R049",3.22
"9289","V0464","R013",2.73
"9290","V0464","R030",2.82
"9291","V0464","R014",3.62
"9292","V0464","R036",3.07
"9293","V0464","R002",5.14
"9294","V0464","R038",2.38
"9295","V0464","R021",2.69
"9296","V0464","R020",4.51
"9297","V0464","R012",2.91
"9298","V0464","R004",3.92
"9299","V0464","R001",3.91
"9300","V0464","R006",4.08
"9301","V0464","R042",1.62
"9302","V0464","R044",2.35
"9303","V0464","R050",4.23
"9304","V0464","R027",4.15
"9305","V0464","R045",3.28
"9306","V0464","R011",3.56
"9307","V0464","R005",3.22
"9308","V0464","R033",3.16
"9309","V0464","R037",4.04
"9310","V0465","R019",3.06
"9311","V0465","R029",4.43
"9312","V0465","R011",5.95
"9313","V0465","R010",5.41
"9314","V0465","R021",3.29
"9315","V0465","R040",3.83
"9316","V0465","R031",4.75
"9317","V0465","R020",4.55
"9318","V0465","R006",4.56
"9319","V0465","R034",4.28
"9320","V0465","R039",2.81
"9321","V0465","R046",2.21
"9322","V0465","R042",4.07
"9323","V0465","R022",3.09
"9324","V0466","R033",3.71
"9325","V0466","R008",3.73
"9326","V0466","R050",3.26
"9327","V0466","R028",3.3
"9328","V0466","R002",2.4
"9329","V0466","R041",2.99
"9330","V0466","R022",2.55
"9331","V0466","R004",3.19
"9332","V0466","R045",2.54
"9333","V0466","R029",0.67
"9334","V0466","R014",2.51
"9335","V0466","R024",4.15
"9336","V0466","R032",3.5
"9337","V0466","R011",2.88
"9338","V0466","R006",3.04
"9339","V0466","R049",1.8
"9340","V0466","R037",3.11
"9341","V0466","R012",3.93
"9342","V0466","R047",3.64
"9343","V0466","R013",5.81
"9344","V0466","R005",3.29
"9345","V0466","R026",3.59
"9346","V0466","R023",3.99
"9347","V0466","R046",1.38
"9348","V0466","R038",3.34
"9349","V0466","R027",4.66
"9350","V0466","R044",3.1
"9351","V0466","R036",2.78
"9352","V0466","R018",4.91
"9353","V0466","R010",5.11
"9354","V0467","R010",5.7
"9355","V0467","R014",5.76
"9356","V0467","R030",5.1
"9357","V0467","R041",6.19
"9358","V0467","R050",6.56
"9359","V0467","R036",4.12
"9360","V0467","R013",4.96
"9361","V0467","R043",6.67
"9362","V0467","R046",7.1
"9363","V0467","R005",5.94
"9364","V0467","R006",4
"9365","V0467","R003",6.13
"9366","V0467","R007",5.55
"9367","V0467","R025",3.63
"9368","V0467","R001",6.24
"9369","V0467","R017",5.07
"9370","V0467","R024",4.43
"9371","V0467","R047",3.05
"9372","V0467","R037",3.39
"9373","V0467","R035",4.46
"9374","V0467","R018",5.93
"9375","V0467","R044",5.22
"9376","V0467","R026",5.46
"9377","V0467","R008",4.02
"9378","V0467","R029",4.03
"9379","V0467","R028",4.17
"9380","V0467","R004",5.1
"9381","V0467","R009",5.04
"9382","V0467","R027",5.01
"9383","V0468","R041",2.78
"9384","V0468","R033",2.32
"9385","V0468","R005",3.71
"9386","V0468","R021",0.5
"9387","V0468","R047",1.63
"9388","V0468","R045",1.99
"9389","V0468","R043",1.81
"9390","V0468","R026",4.34
"9391","V0468","R014",3.98
"9392","V0468","R025",3.51
"9393","V0468","R007",5.74
"9394","V0468","R035",3.32
"9395","V0468","R013",2.86
"9396","V0468","R024",3.55
"9397","V0468","R012",4.51
"9398","V0468","R015",3.96
"9399","V0468","R048",3.48
"9400","V0468","R009",3.19
"9401","V0468","R023",4.02
"9402","V0468","R022",2.55
"9403","V0468","R037",2.84
"9404","V0468","R019",0.66
"9405","V0468","R010",3.45
"9406","V0468","R029",2.23
"9407","V0468","R039",2.32
"9408","V0468","R049",3.39
"9409","V0468","R002",4.64
"9410","V0468","R016",4.5
"9411","V0469","R047",2.02
"9412","V0469","R006",2.31
"9413","V0469","R005",2.29
"9414","V0469","R018",3.33
"9415","V0469","R035",3.45
"9416","V0469","R031",1.99
"9417","V0469","R013",4.62
"9418","V0469","R019",2.86
"9419","V0469","R025",3.59
"9420","V0469","R040",1.99
"9421","V0469","R028",2.47
"9422","V0469","R016",4.32
"9423","V0469","R024",4.4
"9424","V0469","R023",2.39
"9425","V0469","R017",2.64
"9426","V0469","R049",0.98
"9427","V0469","R046",4.46
"9428","V0469","R011",4.32
"9429","V0469","R022",1.55
"9430","V0469","R010",2.4
"9431","V0469","R032",2.22
"9432","V0469","R001",2.63
"9433","V0469","R030",4.06
"9434","V0469","R050",3.23
"9435","V0469","R002",0.4
"9436","V0469","R009",4.85
"9437","V0470","R031",5.68
"9438","V0470","R024",3.79
"9439","V0470","R023",4.63
"9440","V0470","R011",2.91
"9441","V0470","R026",4.22
"9442","V0470","R037",4.06
"9443","V0470","R022",2.69
"9444","V0470","R017",4.85
"9445","V0470","R029",3.23
"9446","V0470","R035",4.62
"9447","V0471","R028",2.63
"9448","V0471","R016",3.21
"9449","V0471","R025",2.78
"9450","V0471","R047",4.14
"9451","V0471","R035",4.17
"9452","V0471","R023",4.2
"9453","V0471","R002",2.86
"9454","V0471","R013",2.36
"9455","V0471","R050",5.16
"9456","V0471","R027",2.14
"9457","V0471","R022",1.78
"9458","V0471","R032",3.42
"9459","V0471","R033",3.41
"9460","V0471","R012",4.2
"9461","V0471","R005",2.49
"9462","V0472","R009",2.89
"9463","V0472","R004",3.86
"9464","V0472","R034",2.62
"9465","V0472","R028",3.42
"9466","V0472","R003",4.31
"9467","V0472","R011",3.2
"9468","V0472","R014",1.9
"9469","V0472","R042",2.84
"9470","V0472","R007",6.02
"9471","V0472","R044",3.07
"9472","V0472","R018",4.14
"9473","V0472","R021",1.2
"9474","V0472","R040",2.58
"9475","V0472","R022",2.53
"9476","V0472","R037",2.02
"9477","V0472","R045",2.51
"9478","V0472","R006",5.07
"9479","V0473","R026",2.36
"9480","V0473","R040",3.34
"9481","V0473","R044",2.43
"9482","V0473","R030",1.6
"9483","V0473","R033",1.43
"9484","V0473","R018",3.22
"9485","V0473","R005",4.33
"9486","V0473","R016",3.1
"9487","V0473","R021",3.35
"9488","V0473","R004",1.79
"9489","V0473","R041",3.98
"9490","V0473","R042",2.75
"9491","V0473","R023",4.54
"9492","V0473","R045",0.8
"9493","V0473","R047",1.8
"9494","V0473","R048",4.52
"9495","V0473","R024",0.17
"9496","V0473","R008",3.58
"9497","V0473","R010",4
"9498","V0473","R034",2.58
"9499","V0473","R028",1.25
"9500","V0473","R025",3.62
"9501","V0473","R007",1.68
"9502","V0473","R019",2.19
"9503","V0473","R013",2.54
"9504","V0473","R015",2.87
"9505","V0474","R032",4.84
"9506","V0474","R025",4.36
"9507","V0474","R001",4
"9508","V0474","R048",4.57
"9509","V0474","R035",5.18
"9510","V0474","R007",6.39
"9511","V0474","R013",3.3
"9512","V0474","R045",3.67
"9513","V0474","R015",4.25
"9514","V0474","R044",6.37
"9515","V0474","R033",6.31
"9516","V0474","R037",3.77
"9517","V0474","R011",5.3
"9518","V0474","R049",3.28
"9519","V0474","R019",2.8
"9520","V0474","R012",4.92
"9521","V0474","R017",1.86
"9522","V0474","R004",4.72
"9523","V0474","R030",2.5
"9524","V0474","R010",3.26
"9525","V0474","R006",4
"9526","V0474","R022",1.46
"9527","V0474","R047",3.84
"9528","V0474","R050",2.65
"9529","V0474","R002",5.12
"9530","V0474","R027",2.74
"9531","V0475","R007",5.11
"9532","V0475","R047",2.59
"9533","V0475","R024",4.01
"9534","V0475","R027",4.06
"9535","V0475","R044",2.72
"9536","V0475","R034",3.44
"9537","V0475","R012",3.76
"9538","V0475","R005",3.18
"9539","V0475","R019",4.41
"9540","V0475","R029",1.84
"9541","V0475","R033",4.46
"9542","V0475","R004",5.23
"9543","V0475","R016",1.94
"9544","V0475","R050",4.76
"9545","V0475","R021",3.66
"9546","V0475","R032",3.06
"9547","V0475","R010",3.76
"9548","V0476","R032",3.06
"9549","V0476","R010",2.55
"9550","V0476","R001",4.32
"9551","V0476","R045",2.16
"9552","V0476","R043",3.6
"9553","V0476","R031",3.56
"9554","V0476","R009",4.06
"9555","V0476","R020",4.67
"9556","V0476","R008",2.95
"9557","V0476","R049",3.78
"9558","V0476","R019",4.11
"9559","V0476","R026",1.5
"9560","V0476","R022",3.75
"9561","V0476","R041",3.03
"9562","V0476","R005",4.36
"9563","V0476","R044",3.05
"9564","V0476","R036",2.54
"9565","V0476","R050",4.89
"9566","V0476","R003",3.17
"9567","V0477","R026",3.62
"9568","V0477","R006",3.83
"9569","V0477","R015",3.36
"9570","V0477","R036",3.08
"9571","V0477","R012",4.93
"9572","V0477","R042",2.12
"9573","V0477","R047",3.68
"9574","V0477","R041",4.45
"9575","V0477","R010",4.13
"9576","V0477","R027",3.78
"9577","V0477","R037",5.24
"9578","V0477","R013",2.01
"9579","V0477","R024",4.42
"9580","V0477","R022",2.84
"9581","V0477","R005",3.92
"9582","V0477","R045",5.48
"9583","V0477","R044",6.47
"9584","V0477","R019",2.44
"9585","V0477","R004",4.55
"9586","V0477","R033",5.24
"9587","V0477","R046",4.94
"9588","V0478","R005",2.59
"9589","V0478","R013",4.08
"9590","V0478","R021",1.23
"9591","V0478","R048",3.35
"9592","V0478","R024",1.73
"9593","V0478","R001",2.09
"9594","V0478","R019",2.64
"9595","V0478","R040",2.56
"9596","V0478","R009",5.26
"9597","V0478","R044",1.63
"9598","V0478","R031",4.69
"9599","V0478","R028",2.36
"9600","V0478","R026",2.94
"9601","V0478","R046",3.26
"9602","V0478","R038",4
"9603","V0478","R049",2.01
"9604","V0478","R008",4
"9605","V0478","R025",2.85
"9606","V0478","R043",2.15
"9607","V0479","R001",5.84
"9608","V0479","R008",1.51
"9609","V0479","R013",2.94
"9610","V0479","R041",4.99
"9611","V0479","R029",2.31
"9612","V0479","R016",1.96
"9613","V0479","R047",4.81
"9614","V0479","R045",3.97
"9615","V0479","R022",1.55
"9616","V0479","R024",3.25
"9617","V0479","R026",3.16
"9618","V0479","R032",2.25
"9619","V0479","R018",4.6
"9620","V0479","R011",5.16
"9621","V0479","R027",3.11
"9622","V0479","R012",2.66
"9623","V0479","R010",2.05
"9624","V0479","R015",3.79
"9625","V0479","R014",4.21
"9626","V0479","R048",3.57
"9627","V0479","R023",3.55
"9628","V0479","R004",3.46
"9629","V0479","R021",2.51
"9630","V0480","R004",3.68
"9631","V0480","R012",3.96
"9632","V0480","R034",3.99
"9633","V0480","R048",2.15
"9634","V0480","R029",1.76
"9635","V0480","R044",4.52
"9636","V0480","R001",3.82
"9637","V0480","R040",3.6
"9638","V0480","R003",2.59
"9639","V0480","R016",2.8
"9640","V0480","R002",3.02
"9641","V0480","R045",0.25
"9642","V0480","R015",4.58
"9643","V0480","R049",4.22
"9644","V0481","R040",3.03
"9645","V0481","R024",5.13
"9646","V0481","R047",2.21
"9647","V0481","R021",3.07
"9648","V0481","R044",3.48
"9649","V0481","R039",3.66
"9650","V0481","R022",2.22
"9651","V0481","R027",3.67
"9652","V0481","R026",5.15
"9653","V0481","R030",4.59
"9654","V0481","R012",6.34
"9655","V0481","R038",3.31
"9656","V0481","R036",1.71
"9657","V0481","R010",4.79
"9658","V0481","R019",2.85
"9659","V0481","R017",3.77
"9660","V0481","R009",4.71
"9661","V0481","R037",3.89
"9662","V0481","R031",5.36
"9663","V0481","R014",3.22
"9664","V0481","R041",3.69
"9665","V0481","R018",3.02
"9666","V0481","R048",5.34
"9667","V0482","R024",3.8
"9668","V0482","R010",3.38
"9669","V0482","R039",2.3
"9670","V0482","R023",2.95
"9671","V0482","R042",4.92
"9672","V0482","R025",5.08
"9673","V0482","R005",4.5
"9674","V0482","R008",4.51
"9675","V0482","R044",4.71
"9676","V0482","R027",5.58
"9677","V0482","R014",4.12
"9678","V0482","R012",4.64
"9679","V0482","R029",3.31
"9680","V0482","R049",5.23
"9681","V0482","R028",4
"9682","V0482","R050",4.42
"9683","V0482","R007",3.29
"9684","V0482","R048",4.81
"9685","V0482","R001",3.16
"9686","V0482","R013",3.18
"9687","V0482","R037",4.09
"9688","V0482","R017",3.36
"9689","V0482","R041",4.82
"9690","V0482","R045",2.04
"9691","V0482","R031",4.55
"9692","V0482","R046",2.88
"9693","V0483","R017",3.74
"9694","V0483","R040",2.44
"9695","V0483","R012",3.01
"9696","V0483","R002",2.44
"9697","V0483","R020",4.08
"9698","V0483","R050",5.03
"9699","V0483","R008",4.15
"9700","V0483","R032",3.9
"9701","V0483","R048",3.44
"9702","V0483","R009",1.17
"9703","V0483","R046",3.05
"9704","V0483","R003",4.48
"9705","V0483","R011",4.97
"9706","V0483","R004",3.83
"9707","V0483","R045",2.67
"9708","V0483","R035",2.49
"9709","V0483","R041",3.87
"9710","V0483","R007",4.25
"9711","V0483","R006",3.79
"9712","V0483","R039",2.28
"9713","V0484","R035",3.54
"9714","V0484","R038",2.39
"9715","V0484","R014",2.58
"9716","V0484","R017",2.03
"9717","V0484","R045",3.26
"9718","V0484","R031",3.46
"9719","V0484","R026",1.2
"9720","V0484","R025",4.57
"9721","V0484","R021",2.35
"9722","V0484","R033",3.79
"9723","V0484","R004",3.69
"9724","V0484","R015",3.54
"9725","V0484","R009",2.85
"9726","V0484","R041",2.45
"9727","V0484","R039",2.62
"9728","V0484","R018",2.2
"9729","V0484","R047",4.43
"9730","V0484","R040",3.84
"9731","V0484","R007",1.59
"9732","V0484","R010",3.36
"9733","V0484","R020",2.74
"9734","V0484","R048",3.61
"9735","V0484","R027",2.92
"9736","V0484","R023",2.87
"9737","V0484","R024",3.5
"9738","V0485","R028",3.28
"9739","V0485","R033",4.33
"9740","V0485","R040",5.71
"9741","V0485","R014",1.71
"9742","V0485","R049",0.94
"9743","V0485","R048",2.98
"9744","V0485","R027",2.9
"9745","V0485","R026",3.27
"9746","V0485","R037",2.14
"9747","V0485","R005",3.91
"9748","V0485","R025",4.9
"9749","V0485","R020",4.19
"9750","V0485","R001",5.3
"9751","V0485","R012",4.22
"9752","V0485","R041",4.62
"9753","V0485","R004",5.14
"9754","V0485","R038",3.42
"9755","V0485","R029",2.33
"9756","V0485","R002",4.15
"9757","V0485","R024",4.03
"9758","V0485","R018",2.93
"9759","V0485","R021",3.91
"9760","V0486","R034",2.63
"9761","V0486","R023",5.32
"9762","V0486","R021",5.26
"9763","V0486","R044",4.45
"9764","V0486","R031",6.48
"9765","V0486","R050",5.55
"9766","V0486","R016",5.91
"9767","V0486","R008",5.49
"9768","V0486","R006",5.34
"9769","V0486","R047",2.85
"9770","V0486","R010",5.73
"9771","V0486","R022",3.29
"9772","V0486","R036",4.68
"9773","V0486","R041",6.06
"9774","V0487","R018",3.04
"9775","V0487","R033",2.64
"9776","V0487","R044",2.55
"9777","V0487","R030",2.98
"9778","V0487","R048",3.3
"9779","V0487","R002",4.02
"9780","V0487","R042",1.63
"9781","V0487","R045",2.67
"9782","V0487","R047",1.8
"9783","V0487","R017",1.81
"9784","V0487","R034",3.26
"9785","V0487","R005",1.24
"9786","V0487","R029",1.21
"9787","V0487","R014",2.23
"9788","V0487","R009",3.67
"9789","V0487","R040",2.46
"9790","V0487","R038",0.06
"9791","V0488","R042",4.12
"9792","V0488","R025",5.11
"9793","V0488","R029",2.9
"9794","V0488","R014",2.2
"9795","V0488","R043",4.01
"9796","V0488","R017",3.93
"9797","V0488","R020",5.21
"9798","V0488","R044",2.25
"9799","V0488","R050",1.35
"9800","V0488","R022",0.3
"9801","V0488","R032",3.13
"9802","V0488","R023",3.82
"9803","V0488","R041",4.04
"9804","V0488","R034",3.45
"9805","V0488","R039",2.3
"9806","V0488","R045",4.65
"9807","V0488","R047",0.95
"9808","V0488","R035",2.96
"9809","V0488","R002",2.71
"9810","V0488","R001",4.02
"9811","V0488","R027",3.41
"9812","V0488","R031",4.74
"9813","V0488","R040",4.14
"9814","V0488","R036",1.88
"9815","V0488","R011",2.35
"9816","V0489","R003",4.39
"9817","V0489","R009",3.25
"9818","V0489","R038",3.59
"9819","V0489","R029",3.22
"9820","V0489","R050",5.33
"9821","V0489","R025",3.15
"9822","V0489","R017",3.39
"9823","V0489","R010",3.47
"9824","V0489","R013",3.22
"9825","V0489","R021",4.49
"9826","V0489","R044",4.84
"9827","V0489","R040",3.5
"9828","V0489","R041",2.47
"9829","V0489","R031",5.75
"9830","V0489","R024",3.3
"9831","V0489","R007",5.21
"9832","V0489","R023",3.77
"9833","V0489","R012",5.26
"9834","V0489","R011",4.61
"9835","V0489","R032",3.35
"9836","V0489","R047",1.16
"9837","V0489","R045",2.87
"9838","V0490","R005",2.65
"9839","V0490","R021",2.07
"9840","V0490","R030",0.5
"9841","V0490","R028",4
"9842","V0490","R013",2.53
"9843","V0490","R012",2.63
"9844","V0490","R048",2.37
"9845","V0490","R019",3.25
"9846","V0490","R027",4.36
"9847","V0490","R009",2.13
"9848","V0490","R042",2.41
"9849","V0490","R004",1.34
"9850","V0490","R050",0
"9851","V0490","R046",3.76
"9852","V0490","R014",3.22
"9853","V0490","R029",1.63
"9854","V0491","R020",4.71
"9855","V0491","R039",3.39
"9856","V0491","R036",1.47
"9857","V0491","R023",2.11
"9858","V0491","R018",4.42
"9859","V0491","R024",3.29
"9860","V0491","R038",3.72
"9861","V0491","R011",4.37
"9862","V0491","R027",3.04
"9863","V0491","R009",2.36
"9864","V0491","R026",2.44
"9865","V0491","R043",2.61
"9866","V0491","R048",3.41
"9867","V0491","R006",4.16
"9868","V0491","R005",2.03
"9869","V0491","R002",0.77
"9870","V0491","R028",2.21
"9871","V0491","R007",4.16
"9872","V0491","R008",1.98
"9873","V0491","R003",3.71
"9874","V0491","R050",4.21
"9875","V0491","R001",4.71
"9876","V0491","R032",3.62
"9877","V0491","R019",1.04
"9878","V0491","R004",4.29
"9879","V0492","R024",2.98
"9880","V0492","R039",1.98
"9881","V0492","R025",3.43
"9882","V0492","R021",0.93
"9883","V0492","R033",5.41
"9884","V0492","R046",2.31
"9885","V0492","R040",1.86
"9886","V0492","R026",2.6
"9887","V0492","R037",3.82
"9888","V0492","R003",1.68
"9889","V0492","R041",4.44
"9890","V0492","R029",4.42
"9891","V0492","R012",2.7
"9892","V0492","R008",2.16
"9893","V0492","R018",3.77
"9894","V0492","R009",4.91
"9895","V0492","R001",4.09
"9896","V0492","R043",3.21
"9897","V0492","R027",1.69
"9898","V0492","R032",3.17
"9899","V0492","R038",3.16
"9900","V0492","R004",2.79
"9901","V0492","R042",2.69
"9902","V0493","R002",3.4
"9903","V0493","R015",1.75
"9904","V0493","R040",3.98
"9905","V0493","R049",1.1
"9906","V0493","R010",3.04
"9907","V0493","R029",1.87
"9908","V0493","R006",2.64
"9909","V0493","R039",4.73
"9910","V0493","R011",2.02
"9911","V0493","R021",3.19
"9912","V0493","R050",4.3
"9913","V0493","R038",2.79
"9914","V0493","R012",3.02
"9915","V0493","R009",0.86
"9916","V0493","R036",3.87
"9917","V0493","R004",1.39
"9918","V0493","R044",1.34
"9919","V0493","R032",4.13
"9920","V0494","R016",3.74
"9921","V0494","R038",4.4
"9922","V0494","R027",3.95
"9923","V0494","R021",1.65
"9924","V0494","R023",3.04
"9925","V0494","R050",3.63
"9926","V0494","R037",1.94
"9927","V0494","R024",4.84
"9928","V0494","R026",3
"9929","V0494","R049",2.33
"9930","V0494","R034",3.74
"9931","V0494","R043",4.02
"9932","V0494","R042",4.43
"9933","V0494","R045",2.67
"9934","V0494","R035",4.35
"9935","V0494","R003",4.43
"9936","V0494","R009",3.4
"9937","V0494","R002",4.2
"9938","V0494","R019",2.75
"9939","V0494","R028",1.51
"9940","V0494","R011",4.19
"9941","V0494","R030",2.82
"9942","V0494","R020",5.91
"9943","V0494","R010",5.17
"9944","V0494","R004",4.8
"9945","V0495","R026",5.18
"9946","V0495","R041",5.4
"9947","V0495","R032",6.31
"9948","V0495","R005",6.02
"9949","V0495","R031",6.07
"9950","V0495","R038",4.52
"9951","V0495","R046",4.93
"9952","V0495","R018",5.51
"9953","V0495","R007",5.63
"9954","V0495","R039",5.02
"9955","V0495","R047",3.44
"9956","V0495","R035",5.03
"9957","V0495","R036",3.63
"9958","V0495","R040",5.72
"9959","V0495","R003",6.94
"9960","V0495","R014",4.38
"9961","V0495","R048",4.5
"9962","V0495","R030",4.13
"9963","V0495","R042",4.39
"9964","V0495","R019",4.02
"9965","V0495","R008",2.68
"9966","V0496","R014",4.87
"9967","V0496","R007",3.68
"9968","V0496","R023",4.63
"9969","V0496","R027",3.5
"9970","V0496","R021",3.87
"9971","V0496","R025",3.88
"9972","V0496","R048",3.42
"9973","V0496","R032",2.67
"9974","V0496","R009",3.72
"9975","V0496","R012",3.13
"9976","V0496","R006",4.98
"9977","V0496","R041",5.03
"9978","V0496","R040",5.58
"9979","V0496","R045",2.85
"9980","V0496","R049",2.04
"9981","V0496","R047",6.26
"9982","V0496","R001",4.17
"9983","V0496","R030",3.88
"9984","V0496","R022",3.1
"9985","V0496","R046",2.63
"9986","V0496","R003",3.88
"9987","V0496","R010",3.4
"9988","V0496","R015",2.47
"9989","V0496","R002",3.33
"9990","V0496","R020",6.09
"9991","V0496","R017",4.15
"9992","V0496","R011",3.82
"9993","V0497","R037",4.23
"9994","V0497","R044",3.98
"9995","V0497","R031",2.83
"9996","V0497","R017",2.15
"9997","V0497","R006",3.01
"9998","V0497","R021",2.25
"9999","V0497","R015",1.37
"10000","V0497","R013",3.66
"10001","V0497","R016",2.89
"10002","V0497","R007",4.76
"10003","V0497","R005",2.63
"10004","V0498","R038",2.96
"10005","V0498","R005",3.58
"10006","V0498","R006",2.93
"10007","V0498","R013",2.3
"10008","V0498","R048",5.02
"10009","V0498","R042",2.64
"10010","V0498","R022",3.65
"10011","V0498","R004",3.95
"10012","V0498","R019",2.11
"10013","V0498","R035",3.55
"10014","V0498","R003",1.78
"10015","V0498","R016",4.75
"10016","V0498","R014",3.51
"10017","V0498","R045",1.19
"10018","V0498","R050",4.15
"10019","V0498","R023",3.76
"10020","V0498","R029",3.02
"10021","V0498","R031",3.91
"10022","V0498","R017",4.31
"10023","V0498","R039",2.66
"10024","V0498","R026",2.25
"10025","V0498","R047",1.81
"10026","V0498","R009",2.62
"10027","V0498","R049",3.53
"10028","V0498","R030",2.47
"10029","V0498","R021",2.19
"10030","V0498","R046",2.83
"10031","V0498","R008",1.49
"10032","V0499","R021",1.7
"10033","V0499","R001",1.61
"10034","V0499","R017",4.63
"10035","V0499","R015",2.59
"10036","V0499","R041",2.68
"10037","V0499","R025",0.95
"10038","V0499","R046",1.63
"10039","V0499","R027",2.78
"10040","V0499","R039",2.86
"10041","V0499","R006",2.67
"10042","V0499","R012",2.83
"10043","V0499","R035",1.03
"10044","V0499","R011",2.32
"10045","V0499","R042",2.55
"10046","V0500","R012",3.3
"10047","V0500","R023",4.47
"10048","V0500","R019",3.71
"10049","V0500","R037",3.32
"10050","V0500","R049",2.94
"10051","V0500","R003",5.51
"10052","V0500","R038",4.97
"10053","V0500","R006",2.83
"10054","V0500","R014",2.38
"10055","V0500","R013",4.53
"10056","V0500","R040",2.61
"10057","V0500","R025",3.52
"10058","V0500","R008",2.94
"10059","V0500","R046",3.37
"10060","V0500","R004",5.03
"10061","V0500","R039",2.68
"10062","V0500","R024",4.06
"10063","V0500","R034",2.17
"10064","V0501","R028",2.33
"10065","V0501","R039",0.62
"10066","V0501","R016",2.73
"10067","V0501","R027",2.16
"10068","V0501","R038",3
"10069","V0501","R020",3.04
"10070","V0501","R006",4.01
"10071","V0501","R019",2.7
"10072","V0501","R007",3.57
"10073","V0501","R014",3.98
"10074","V0501","R012",2.64
"10075","V0501","R015",2.61
"10076","V0501","R032",2.22
"10077","V0501","R042",2.85
"10078","V0501","R011",1.47
"10079","V0501","R008",2.11
"10080","V0501","R041",3.1
"10081","V0501","R009",3.93
"10082","V0502","R033",4.22
"10083","V0502","R047",1.92
"10084","V0502","R006",3.45
"10085","V0502","R011",5.16
"10086","V0502","R027",4.09
"10087","V0502","R001",5.49
"10088","V0502","R026",4.26
"10089","V0502","R009",4.86
"10090","V0502","R040",4.24
"10091","V0502","R035",4.59
"10092","V0502","R041",5.39
"10093","V0503","R029",3.34
"10094","V0503","R012",4.2
"10095","V0503","R017",3.73
"10096","V0503","R046",3.81
"10097","V0503","R003",2.97
"10098","V0503","R040",3.37
"10099","V0503","R021",4.12
"10100","V0503","R006",4.44
"10101","V0503","R044",4.33
"10102","V0503","R007",5.81
"10103","V0503","R019",1.66
"10104","V0503","R026",4.85
"10105","V0503","R045",1.59
"10106","V0503","R036",2.42
"10107","V0503","R034",4.06
"10108","V0503","R005",3.63
"10109","V0503","R013",4.44
"10110","V0503","R037",1.81
"10111","V0503","R016",4.95
"10112","V0503","R049",4.93
"10113","V0503","R018",6.7
"10114","V0503","R011",5.06
"10115","V0503","R009",3.63
"10116","V0503","R030",4.41
"10117","V0503","R033",5.61
"10118","V0503","R022",3.63
"10119","V0503","R050",3.42
"10120","V0503","R015",2.62
"10121","V0503","R043",4.47
"10122","V0503","R039",2.7
"10123","V0504","R041",2.48
"10124","V0504","R006",4.56
"10125","V0504","R029",2.21
"10126","V0504","R021",2.24
"10127","V0504","R046",1.46
"10128","V0504","R019",2.07
"10129","V0504","R050",3.5
"10130","V0504","R033",2.65
"10131","V0504","R028",1.19
"10132","V0504","R005",3.67
"10133","V0504","R039",1.86
"10134","V0504","R010",3.58
"10135","V0504","R026",3.91
"10136","V0504","R004",2.67
"10137","V0504","R027",3.8
"10138","V0504","R036",1.57
"10139","V0504","R043",3.21
"10140","V0504","R002",3.56
"10141","V0505","R032",5.44
"10142","V0505","R023",3.97
"10143","V0505","R016",6.14
"10144","V0505","R007",4.45
"10145","V0505","R045",3.32
"10146","V0505","R050",3.93
"10147","V0505","R003",6.21
"10148","V0505","R011",3.33
"10149","V0505","R008",3.79
"10150","V0505","R037",3.44
"10151","V0505","R038",3.91
"10152","V0505","R040",2.37
"10153","V0505","R049",4.71
"10154","V0506","R049",4.89
"10155","V0506","R044",5.47
"10156","V0506","R050",4.5
"10157","V0506","R012",3.98
"10158","V0506","R046",6.71
"10159","V0506","R020",4.74
"10160","V0506","R001",4.03
"10161","V0506","R045",2.58
"10162","V0506","R018",6.21
"10163","V0506","R003",3.52
"10164","V0506","R043",4.81
"10165","V0506","R005",6.35
"10166","V0506","R023",2.15
"10167","V0506","R015",3.15
"10168","V0506","R025",4.94
"10169","V0506","R047",3.05
"10170","V0506","R010",2.23
"10171","V0506","R039",3.07
"10172","V0506","R004",4.86
"10173","V0506","R019",3.3
"10174","V0507","R049",2.83
"10175","V0507","R014",4.69
"10176","V0507","R010",3.99
"10177","V0507","R035",3.16
"10178","V0507","R047",4.61
"10179","V0507","R046",3.52
"10180","V0507","R038",3.32
"10181","V0507","R025",4.52
"10182","V0507","R018",2.83
"10183","V0507","R009",2.77
"10184","V0507","R040",2.62
"10185","V0507","R033",4.61
"10186","V0507","R028",4.27
"10187","V0507","R007",3.51
"10188","V0507","R039",2.61
"10189","V0507","R005",3.73
"10190","V0507","R037",4.17
"10191","V0507","R048",2.08
"10192","V0507","R050",3.16
"10193","V0507","R034",3.86
"10194","V0507","R004",2.77
"10195","V0508","R041",3.66
"10196","V0508","R045",1.38
"10197","V0508","R047",4.54
"10198","V0508","R020",4.99
"10199","V0508","R022",2.74
"10200","V0508","R019",5.24
"10201","V0508","R036",4.03
"10202","V0508","R008",4.28
"10203","V0508","R012",5.75
"10204","V0508","R017",4.5
"10205","V0508","R018",6.42
"10206","V0508","R046",6.65
"10207","V0508","R014",5.61
"10208","V0508","R027",5.86
"10209","V0508","R007",3.55
"10210","V0508","R016",3.91
"10211","V0508","R035",5.27
"10212","V0508","R037",3.55
"10213","V0509","R024",5.26
"10214","V0509","R018",4.33
"10215","V0509","R042",3.7
"10216","V0509","R010",4.39
"10217","V0509","R034",2.59
"10218","V0509","R001",3.01
"10219","V0509","R036",5.41
"10220","V0509","R043",3.4
"10221","V0509","R002",2.86
"10222","V0509","R048",3.57
"10223","V0509","R035",3.93
"10224","V0509","R046",3.62
"10225","V0509","R040",5.39
"10226","V0509","R011",3.69
"10227","V0509","R029",5.01
"10228","V0509","R041",3.74
"10229","V0509","R050",5.2
"10230","V0509","R025",4.41
"10231","V0509","R015",2.02
"10232","V0509","R038",3.62
"10233","V0509","R012",6.81
"10234","V0509","R017",3.64
"10235","V0509","R032",2.63
"10236","V0509","R021",3.65
"10237","V0509","R044",2.9
"10238","V0509","R005",5.67
"10239","V0509","R039",4.34
"10240","V0509","R016",3.91
"10241","V0510","R003",4.18
"10242","V0510","R001",4.03
"10243","V0510","R044",6.22
"10244","V0510","R017",4.81
"10245","V0510","R008",4.86
"10246","V0510","R020",3.61
"10247","V0510","R007",5.62
"10248","V0510","R009",2.39
"10249","V0510","R014",3.65
"10250","V0510","R004",3.09
"10251","V0510","R046",3.11
"10252","V0511","R039",5.64
"10253","V0511","R022",4.13
"10254","V0511","R008",2.67
"10255","V0511","R021",4.05
"10256","V0511","R026",2.82
"10257","V0511","R032",4.19
"10258","V0511","R017",3.83
"10259","V0511","R047",3.41
"10260","V0511","R015",2.6
"10261","V0511","R016",3.09
"10262","V0511","R018",4.85
"10263","V0511","R049",5.56
"10264","V0511","R025",1.27
"10265","V0512","R018",3.82
"10266","V0512","R033",4.35
"10267","V0512","R004",6.05
"10268","V0512","R039",4.27
"10269","V0512","R001",4.61
"10270","V0512","R026",3.2
"10271","V0512","R024",3.91
"10272","V0512","R019",4.74
"10273","V0512","R025",4.62
"10274","V0512","R036",5.89
"10275","V0512","R022",3.48
"10276","V0512","R038",5.68
"10277","V0512","R044",4.34
"10278","V0512","R048",3.42
"10279","V0512","R028",3.94
"10280","V0512","R015",3.48
"10281","V0512","R017",3.02
"10282","V0512","R003",5.15
"10283","V0512","R020",5.1
"10284","V0512","R006",6.21
"10285","V0513","R022",1.7
"10286","V0513","R047",3.76
"10287","V0513","R045",2.74
"10288","V0513","R034",3.01
"10289","V0513","R021",1.67
"10290","V0513","R002",2.32
"10291","V0513","R040",4.06
"10292","V0513","R010",5.16
"10293","V0513","R013",2.69
"10294","V0513","R050",4.1
"10295","V0513","R014",5.84
"10296","V0513","R049",3.9
"10297","V0513","R023",4.42
"10298","V0513","R024",4.81
"10299","V0513","R019",3.05
"10300","V0513","R017",3.04
"10301","V0513","R033",4.1
"10302","V0513","R016",3.73
"10303","V0513","R018",4.22
"10304","V0513","R036",3.38
"10305","V0514","R022",3.85
"10306","V0514","R027",3.49
"10307","V0514","R043",3.39
"10308","V0514","R031",3.84
"10309","V0514","R006",3.5
"10310","V0514","R047",3.19
"10311","V0514","R045",0.47
"10312","V0514","R005",3.81
"10313","V0514","R021",1.91
"10314","V0514","R036",4.1
"10315","V0514","R016",4.17
"10316","V0514","R019",1.75
"10317","V0514","R040",1.51
"10318","V0514","R023",0.94
"10319","V0514","R041",4.02
"10320","V0514","R044",2.94
"10321","V0514","R038",4.15
"10322","V0515","R001",4.77
"10323","V0515","R020",4.99
"10324","V0515","R016",3.86
"10325","V0515","R027",3.92
"10326","V0515","R042",2.43
"10327","V0515","R043",3.57
"10328","V0515","R008",4.71
"10329","V0515","R044",3.95
"10330","V0515","R025",4.45
"10331","V0515","R023",5.36
"10332","V0515","R018",4.32
"10333","V0515","R013",2.9
"10334","V0515","R034",4.39
"10335","V0515","R011",4.73
"10336","V0515","R006",3.53
"10337","V0515","R050",3.96
"10338","V0515","R031",5.15
"10339","V0515","R047",2.33
"10340","V0515","R015",3.67
"10341","V0515","R040",2.18
"10342","V0515","R036",1.63
"10343","V0515","R002",3.63
"10344","V0515","R003",3.88
"10345","V0515","R049",1.91
"10346","V0515","R033",3.26
"10347","V0515","R035",4.19
"10348","V0515","R005",3.79
"10349","V0516","R034",2.86
"10350","V0516","R029",5.51
"10351","V0516","R004",4.3
"10352","V0516","R021",2.72
"10353","V0516","R049",1.98
"10354","V0516","R006",3.22
"10355","V0516","R007",3.09
"10356","V0516","R018",5.04
"10357","V0516","R044",4.64
"10358","V0516","R048",4.25
"10359","V0516","R045",1.84
"10360","V0516","R033",4.74
"10361","V0516","R042",1.64
"10362","V0516","R039",2.05
"10363","V0516","R041",4.63
"10364","V0516","R005",4.07
"10365","V0516","R013",1.6
"10366","V0516","R010",3.07
"10367","V0516","R040",3.95
"10368","V0517","R031",2.9
"10369","V0517","R040",4.28
"10370","V0517","R042",4.53
"10371","V0517","R044",3.56
"10372","V0517","R032",2.63
"10373","V0517","R029",1.45
"10374","V0517","R046",3.65
"10375","V0517","R020",4.36
"10376","V0517","R030",3.43
"10377","V0517","R004",4.64
"10378","V0517","R014",3.97
"10379","V0517","R023",4.37
"10380","V0517","R018",3.54
"10381","V0517","R016",5.51
"10382","V0517","R026",1.31
"10383","V0517","R008",4.23
"10384","V0517","R002",2.07
"10385","V0517","R050",3.99
"10386","V0517","R006",3.24
"10387","V0517","R034",4.49
"10388","V0517","R036",3.63
"10389","V0517","R010",3.81
"10390","V0517","R011",4.35
"10391","V0517","R021",2.88
"10392","V0517","R019",3.47
"10393","V0518","R046",3.53
"10394","V0518","R019",4.9
"10395","V0518","R049",4.54
"10396","V0518","R021",2.58
"10397","V0518","R001",5.84
"10398","V0518","R039",4.14
"10399","V0518","R047",3.88
"10400","V0518","R029",4.74
"10401","V0518","R008",2.58
"10402","V0518","R003",4.88
"10403","V0518","R017",5.05
"10404","V0518","R018",5.08
"10405","V0518","R035",4.25
"10406","V0518","R045",4.41
"10407","V0518","R033",3.29
"10408","V0518","R011",3.74
"10409","V0518","R009",2.82
"10410","V0518","R028",5.06
"10411","V0518","R042",3.95
"10412","V0518","R023",3.85
"10413","V0519","R022",2.44
"10414","V0519","R050",4.86
"10415","V0519","R047",1.89
"10416","V0519","R006",2.93
"10417","V0519","R026",4.3
"10418","V0519","R003",3.25
"10419","V0519","R007",2.8
"10420","V0519","R020",4.39
"10421","V0519","R008",4.77
"10422","V0519","R012",4.4
"10423","V0519","R045",4.55
"10424","V0519","R036",2.87
"10425","V0519","R023",2.64
"10426","V0519","R029",3.04
"10427","V0519","R009",4.4
"10428","V0520","R044",2.95
"10429","V0520","R034",3.02
"10430","V0520","R008",2.38
"10431","V0520","R009",4.92
"10432","V0520","R012",3.31
"10433","V0520","R014",2.57
"10434","V0520","R023",1.08
"10435","V0520","R040",5.36
"10436","V0520","R024",5.48
"10437","V0520","R021",3.55
"10438","V0520","R007",3.93
"10439","V0520","R028",2.68
"10440","V0520","R027",1.31
"10441","V0520","R030",1.54
"10442","V0520","R003",1.61
"10443","V0520","R049",3.26
"10444","V0520","R031",3.04
"10445","V0520","R013",1.68
"10446","V0520","R042",3.25
"10447","V0521","R004",5.07
"10448","V0521","R016",4.05
"10449","V0521","R034",3.87
"10450","V0521","R040",1
"10451","V0521","R041",2.37
"10452","V0521","R049",2.26
"10453","V0521","R020",2.79
"10454","V0521","R035",3.11
"10455","V0521","R029",3.7
"10456","V0521","R022",2.85
"10457","V0521","R010",2.27
"10458","V0521","R023",3.88
"10459","V0521","R003",4.62
"10460","V0521","R015",3.56
"10461","V0521","R002",3.3
"10462","V0521","R006",2.31
"10463","V0521","R007",2.64
"10464","V0521","R025",3.79
"10465","V0521","R042",2.91
"10466","V0521","R005",4.81
"10467","V0521","R014",4.8
"10468","V0521","R037",3.46
"10469","V0521","R001",2.59
"10470","V0521","R047",1.7
"10471","V0521","R009",2.71
"10472","V0521","R028",2.82
"10473","V0522","R007",3.09
"10474","V0522","R002",2.5
"10475","V0522","R035",2.01
"10476","V0522","R025",2.07
"10477","V0522","R021",3.16
"10478","V0522","R029",2.62
"10479","V0522","R049",2.23
"10480","V0522","R040",2.76
"10481","V0522","R037",3.16
"10482","V0522","R046",5.17
"10483","V0522","R026",1.83
"10484","V0522","R013",2.08
"10485","V0522","R019",3.1
"10486","V0522","R014",4.3
"10487","V0522","R030",3.35
"10488","V0522","R036",1.81
"10489","V0523","R041",4.94
"10490","V0523","R018",3.75
"10491","V0523","R036",3.67
"10492","V0523","R003",5.15
"10493","V0523","R006",4.19
"10494","V0523","R037",5.95
"10495","V0523","R049",4.5
"10496","V0523","R020",3.19
"10497","V0523","R007",3.93
"10498","V0523","R016",4.44
"10499","V0523","R030",3.47
"10500","V0523","R044",4.07
"10501","V0523","R001",3.3
"10502","V0523","R019",3.82
"10503","V0523","R022",3.6
"10504","V0523","R050",6.82
"10505","V0523","R011",4.96
"10506","V0523","R047",3.7
"10507","V0523","R010",3.79
"10508","V0523","R002",7.66
"10509","V0523","R004",6.71
"10510","V0523","R008",4.14
"10511","V0523","R028",3.16
"10512","V0523","R042",5.59
"10513","V0523","R029",3.35
"10514","V0523","R026",3.49
"10515","V0523","R017",5
"10516","V0523","R009",5.17
"10517","V0523","R038",3.92
"10518","V0524","R017",3.32
"10519","V0524","R045",3.55
"10520","V0524","R021",0.92
"10521","V0524","R037",2.02
"10522","V0524","R047",2.76
"10523","V0524","R044",5.22
"10524","V0524","R027",3.91
"10525","V0524","R038",2.94
"10526","V0524","R004",3.01
"10527","V0524","R048",1.62
"10528","V0524","R005",2.33
"10529","V0524","R013",3.26
"10530","V0524","R006",1.44
"10531","V0524","R001",1.68
"10532","V0524","R030",2.45
"10533","V0524","R020",3.17
"10534","V0524","R036",4.01
"10535","V0524","R032",3.38
"10536","V0524","R046",3.16
"10537","V0524","R019",1.45
"10538","V0524","R029",2.9
"10539","V0525","R025",4.61
"10540","V0525","R047",4.08
"10541","V0525","R006",3.04
"10542","V0525","R039",2.94
"10543","V0525","R009",2.75
"10544","V0525","R007",3.68
"10545","V0525","R022",1.27
"10546","V0525","R036",2.96
"10547","V0525","R016",3.89
"10548","V0525","R024",3.53
"10549","V0525","R014",3.55
"10550","V0525","R005",4.93
"10551","V0525","R012",2.26
"10552","V0525","R049",3.29
"10553","V0525","R017",2.91
"10554","V0525","R034",2.26
"10555","V0525","R013",1.68
"10556","V0525","R035",4.27
"10557","V0525","R011",3.91
"10558","V0526","R026",6.01
"10559","V0526","R008",3.12
"10560","V0526","R033",3.7
"10561","V0526","R002",4.18
"10562","V0526","R034",2.66
"10563","V0526","R049",2.91
"10564","V0526","R001",3.93
"10565","V0526","R006",4.94
"10566","V0526","R025",4.48
"10567","V0526","R003",4.68
"10568","V0526","R027",3.66
"10569","V0526","R029",3.97
"10570","V0526","R044",5.42
"10571","V0527","R023",4.99
"10572","V0527","R016",3.91
"10573","V0527","R005",1.19
"10574","V0527","R039",2.87
"10575","V0527","R045",3.1
"10576","V0527","R046",3.71
"10577","V0527","R008",3.15
"10578","V0527","R044",2.71
"10579","V0527","R043",3.35
"10580","V0527","R010",1.82
"10581","V0527","R019",1.37
"10582","V0527","R041",4.17
"10583","V0527","R011",5.65
"10584","V0527","R021",2.56
"10585","V0527","R026",3.93
"10586","V0527","R028",3.71
"10587","V0527","R018",3.55
"10588","V0527","R027",6.06
"10589","V0527","R032",2.08
"10590","V0527","R006",3.36
"10591","V0527","R047",4.09
"10592","V0527","R024",2.92
"10593","V0527","R035",4.47
"10594","V0527","R034",2.32
"10595","V0527","R030",2.8
"10596","V0528","R044",3.37
"10597","V0528","R003",3.44
"10598","V0528","R008",2.85
"10599","V0528","R012",3.34
"10600","V0528","R046",3.76
"10601","V0528","R028",2.88
"10602","V0528","R022",2.54
"10603","V0528","R034",2.21
"10604","V0528","R019",2.25
"10605","V0528","R040",0.23
"10606","V0528","R026",2.02
"10607","V0528","R006",1.17
"10608","V0528","R020",4.29
"10609","V0528","R016",1.6
"10610","V0528","R013",2.71
"10611","V0528","R015",1.17
"10612","V0528","R033",2.66
"10613","V0528","R037",3.79
"10614","V0528","R007",1.54
"10615","V0528","R024",1.22
"10616","V0528","R035",2.96
"10617","V0528","R050",3.68
"10618","V0528","R001",1.73
"10619","V0528","R009",2.05
"10620","V0528","R002",1.41
"10621","V0528","R027",2.36
"10622","V0528","R010",2.4
"10623","V0529","R036",4.32
"10624","V0529","R011",2.3
"10625","V0529","R009",5.65
"10626","V0529","R005",4.23
"10627","V0529","R024",4.89
"10628","V0529","R003",2.71
"10629","V0529","R014",3.7
"10630","V0529","R033",4.25
"10631","V0529","R023",2.43
"10632","V0529","R002",3.23
"10633","V0529","R030",3.55
"10634","V0529","R032",3.7
"10635","V0529","R025",4.38
"10636","V0529","R041",4.75
"10637","V0529","R042",4.39
"10638","V0529","R028",1.14
"10639","V0530","R030",1.37
"10640","V0530","R027",3.74
"10641","V0530","R034",3.46
"10642","V0530","R038",4
"10643","V0530","R047",3.43
"10644","V0530","R002",2.88
"10645","V0530","R044",5.85
"10646","V0530","R049",4.19
"10647","V0530","R021",6.41
"10648","V0530","R025",4.58
"10649","V0530","R009",2.54
"10650","V0530","R014",5.23
"10651","V0530","R001",4.75
"10652","V0530","R039",2.79
"10653","V0530","R040",4.99
"10654","V0530","R035",3.64
"10655","V0530","R032",4.19
"10656","V0530","R026",4.33
"10657","V0530","R015",3.28
"10658","V0530","R045",2.42
"10659","V0530","R028",2.95
"10660","V0530","R046",3.83
"10661","V0530","R005",4.42
"10662","V0531","R041",3.32
"10663","V0531","R034",2.37
"10664","V0531","R007",5.08
"10665","V0531","R012",3.04
"10666","V0531","R048",4.34
"10667","V0531","R036",2.47
"10668","V0531","R033",3.55
"10669","V0531","R004",5.06
"10670","V0531","R049",1.85
"10671","V0531","R003",2.51
"10672","V0532","R008",2.62
"10673","V0532","R026",4.53
"10674","V0532","R030",2.89
"10675","V0532","R046",4.55
"10676","V0532","R009",2.35
"10677","V0532","R036",0.92
"10678","V0532","R042",3.4
"10679","V0532","R033",3.94
"10680","V0532","R005",2.99
"10681","V0532","R038",3.2
"10682","V0532","R029",3.1
"10683","V0532","R002",2.45
"10684","V0532","R019",2.7
"10685","V0532","R001",2.08
"10686","V0532","R043",3.13
"10687","V0532","R006",4.63
"10688","V0532","R028",3.05
"10689","V0532","R037",3.28
"10690","V0532","R044",3.37
"10691","V0532","R021",3.45
"10692","V0532","R017",3.76
"10693","V0532","R016",4.09
"10694","V0532","R032",3.74
"10695","V0532","R011",3.17
"10696","V0532","R040",2.61
"10697","V0532","R049",1.64
"10698","V0532","R031",3.8
"10699","V0532","R003",6.19
"10700","V0533","R018",2.05
"10701","V0533","R006",3.85
"10702","V0533","R001",4
"10703","V0533","R047",3.81
"10704","V0533","R011",1.25
"10705","V0533","R030",4.43
"10706","V0533","R013",3.81
"10707","V0533","R008",3.55
"10708","V0533","R035",4.25
"10709","V0533","R046",4
"10710","V0533","R005",2.28
"10711","V0533","R033",3.92
"10712","V0533","R038",4.7
"10713","V0534","R044",5.1
"10714","V0534","R013",4.38
"10715","V0534","R019",6.89
"10716","V0534","R042",3.99
"10717","V0534","R020",6.64
"10718","V0534","R046",6.25
"10719","V0534","R034",3.44
"10720","V0534","R050",4.9
"10721","V0534","R003",5.55
"10722","V0534","R029",2.52
"10723","V0534","R014",6.67
"10724","V0534","R035",4.34
"10725","V0534","R008",5.18
"10726","V0534","R021",2.89
"10727","V0535","R018",2.46
"10728","V0535","R005",3.41
"10729","V0535","R040",3.45
"10730","V0535","R020",3.11
"10731","V0535","R027",2.52
"10732","V0535","R043",3.1
"10733","V0535","R003",4.14
"10734","V0535","R007",4.2
"10735","V0535","R019",1.51
"10736","V0535","R048",4
"10737","V0535","R049",3.32
"10738","V0535","R006",3.02
"10739","V0535","R028",2.44
"10740","V0535","R013",3.23
"10741","V0535","R026",3.4
"10742","V0535","R041",4.62
"10743","V0535","R032",3.45
"10744","V0535","R037",4.22
"10745","V0535","R039",3.47
"10746","V0535","R031",4.72
"10747","V0535","R011",4.17
"10748","V0535","R021",1.85
"10749","V0535","R009",4.41
"10750","V0535","R001",2.97
"10751","V0535","R022",2.74
"10752","V0535","R030",1.24
"10753","V0535","R010",2.49
"10754","V0535","R050",3.77
"10755","V0536","R010",2.7
"10756","V0536","R041",3.34
"10757","V0536","R042",5.4
"10758","V0536","R043",4.17
"10759","V0536","R046",3.18
"10760","V0536","R015",4.07
"10761","V0536","R038",2.99
"10762","V0536","R048",2
"10763","V0536","R036",2.81
"10764","V0536","R021",2.81
"10765","V0536","R045",1.72
"10766","V0536","R022",3.55
"10767","V0536","R006",2.66
"10768","V0536","R019",4.75
"10769","V0536","R007",4.82
"10770","V0536","R009",3.3
"10771","V0536","R020",5.31
"10772","V0536","R039",4.07
"10773","V0537","R003",3.74
"10774","V0537","R019",3.38
"10775","V0537","R012",5.02
"10776","V0537","R046",2.07
"10777","V0537","R013",2.82
"10778","V0537","R034",4.08
"10779","V0537","R032",3.48
"10780","V0537","R010",4.5
"10781","V0537","R048",3.39
"10782","V0537","R042",4.4
"10783","V0537","R029",3.25
"10784","V0537","R045",1.66
"10785","V0537","R025",3.96
"10786","V0537","R024",4.37
"10787","V0537","R005",3.47
"10788","V0537","R017",2.96
"10789","V0537","R030",5.59
"10790","V0537","R043",2.2
"10791","V0537","R020",4.16
"10792","V0537","R041",4.03
"10793","V0537","R015",3.25
"10794","V0537","R028",3.31
"10795","V0537","R006",3.69
"10796","V0537","R011",3.04
"10797","V0537","R027",4.45
"10798","V0537","R016",4.83
"10799","V0537","R022",2.16
"10800","V0537","R008",3.86
"10801","V0537","R002",6.14
"10802","V0537","R026",1.69
"10803","V0538","R018",2.42
"10804","V0538","R012",4.31
"10805","V0538","R022",0.36
"10806","V0538","R036",3.42
"10807","V0538","R014",3.74
"10808","V0538","R023",4.94
"10809","V0538","R004",4.89
"10810","V0538","R037",5.3
"10811","V0538","R027",3.18
"10812","V0538","R007",3.7
"10813","V0538","R030",4.77
"10814","V0538","R011",2.55
"10815","V0538","R009",2.7
"10816","V0538","R016",3.79
"10817","V0538","R026",3.73
"10818","V0538","R035",2.46
"10819","V0538","R048",4.9
"10820","V0538","R044",3.8
"10821","V0539","R020",6.34
"10822","V0539","R008",4.9
"10823","V0539","R017",4.99
"10824","V0539","R005",3.97
"10825","V0539","R023",6.52
"10826","V0539","R019",4.78
"10827","V0539","R034",5.58
"10828","V0539","R039",4.13
"10829","V0539","R014",5.18
"10830","V0539","R030",3.64
"10831","V0539","R036",4.95
"10832","V0539","R025",5.95
"10833","V0539","R027",6.41
"10834","V0539","R045",4.95
"10835","V0539","R042",4.06
"10836","V0539","R032",3.82
"10837","V0539","R006",4.92
"10838","V0539","R048",3.3
"10839","V0539","R004",5.49
"10840","V0539","R009",4.64
"10841","V0539","R050",4.21
"10842","V0539","R002",5.74
"10843","V0539","R028",4.75
"10844","V0540","R021",0.96
"10845","V0540","R029",2.17
"10846","V0540","R016",3.19
"10847","V0540","R011",3.26
"10848","V0540","R024",5.63
"10849","V0540","R017",5.04
"10850","V0540","R046",2.88
"10851","V0540","R026",3.28
"10852","V0540","R043",2.31
"10853","V0540","R041",3.85
"10854","V0540","R050",4.07
"10855","V0540","R033",2.99
"10856","V0540","R019",2.56
"10857","V0541","R026",3.16
"10858","V0541","R031",3.16
"10859","V0541","R001",3.76
"10860","V0541","R028",3.61
"10861","V0541","R037",2.85
"10862","V0541","R020",5.13
"10863","V0541","R015",2.97
"10864","V0541","R034",2.45
"10865","V0541","R039",2.11
"10866","V0541","R041",4.24
"10867","V0541","R048",3.91
"10868","V0541","R008",2.24
"10869","V0541","R040",3.04
"10870","V0541","R023",0.65
"10871","V0541","R017",2.77
"10872","V0541","R043",1.54
"10873","V0541","R006",2.01
"10874","V0541","R010",3.62
"10875","V0541","R030",1.64
"10876","V0541","R009",3.41
"10877","V0541","R047",1.27
"10878","V0541","R024",2.38
"10879","V0541","R033",2.72
"10880","V0541","R050",2.8
"10881","V0541","R016",2.67
"10882","V0541","R005",3.89
"10883","V0541","R044",1.43
"10884","V0541","R036",4.23
"10885","V0541","R019",0
"10886","V0541","R027",1.67
"10887","V0542","R036",2.01
"10888","V0542","R031",3.39
"10889","V0542","R007",3.63
"10890","V0542","R035",6.24
"10891","V0542","R026",2.74
"10892","V0542","R040",2.81
"10893","V0542","R004",2.71
"10894","V0542","R024",3.74
"10895","V0542","R029",3.62
"10896","V0542","R038",5.47
"10897","V0542","R016",3.63
"10898","V0542","R014",5.58
"10899","V0542","R030",3.36
"10900","V0542","R048",2.5
"10901","V0542","R047",1.85
"10902","V0542","R044",2.98
"10903","V0542","R037",4.44
"10904","V0542","R009",2.71
"10905","V0542","R020",4.11
"10906","V0542","R045",3.12
"10907","V0542","R032",4.96
"10908","V0542","R008",1.86
"10909","V0542","R021",2.05
"10910","V0543","R017",4.7
"10911","V0543","R005",5
"10912","V0543","R016",2.41
"10913","V0543","R038",3.71
"10914","V0543","R050",3.97
"10915","V0543","R029",4.74
"10916","V0543","R013",4.77
"10917","V0543","R030",2.62
"10918","V0543","R022",1.91
"10919","V0543","R002",2.44
"10920","V0543","R018",5.67
"10921","V0543","R014",2.69
"10922","V0543","R033",5.42
"10923","V0543","R035",5.04
"10924","V0544","R024",3.73
"10925","V0544","R027",3.47
"10926","V0544","R017",1.75
"10927","V0544","R039",2.59
"10928","V0544","R023",1.89
"10929","V0544","R031",4.7
"10930","V0544","R018",4.56
"10931","V0544","R048",2.93
"10932","V0544","R036",3.89
"10933","V0544","R021",1.45
"10934","V0544","R046",2.64
"10935","V0544","R035",4.23
"10936","V0545","R042",5.07
"10937","V0545","R025",4.81
"10938","V0545","R021",2.97
"10939","V0545","R029",4.95
"10940","V0545","R008",2.67
"10941","V0545","R015",1.81
"10942","V0545","R032",4.38
"10943","V0545","R018",5.37
"10944","V0545","R009",3.51
"10945","V0545","R045",4.78
"10946","V0545","R031",7.39
"10947","V0545","R006",4.71
"10948","V0545","R030",3.56
"10949","V0545","R050",4.11
"10950","V0545","R012",5.4
"10951","V0545","R003",3.93
"10952","V0545","R041",5.74
"10953","V0545","R004",5.17
"10954","V0545","R038",4.45
"10955","V0545","R024",0.65
"10956","V0545","R020",6.87
"10957","V0545","R014",6.75
"10958","V0545","R013",5.26
"10959","V0545","R028",2.56
"10960","V0545","R034",4.04
"10961","V0545","R011",4.29
"10962","V0546","R003",4.7
"10963","V0546","R042",3.43
"10964","V0546","R045",3.47
"10965","V0546","R032",6.39
"10966","V0546","R007",3.28
"10967","V0546","R019",2.61
"10968","V0546","R035",4.45
"10969","V0546","R047",3.52
"10970","V0546","R049",4.04
"10971","V0546","R005",1.99
"10972","V0546","R009",2.19
"10973","V0546","R031",3.46
"10974","V0547","R040",4.83
"10975","V0547","R031",4.46
"10976","V0547","R010",4.04
"10977","V0547","R048",3.44
"10978","V0547","R021",3.51
"10979","V0547","R005",3.36
"10980","V0547","R004",3.58
"10981","V0547","R046",1.96
"10982","V0547","R039",2.96
"10983","V0547","R042",4.22
"10984","V0547","R001",2.82
"10985","V0547","R035",3.96
"10986","V0547","R050",5.12
"10987","V0547","R023",3.49
"10988","V0547","R049",2.22
"10989","V0547","R041",5.1
"10990","V0547","R009",2.84
"10991","V0547","R022",3.1
"10992","V0547","R003",3.82
"10993","V0547","R032",3.34
"10994","V0547","R047",3.08
"10995","V0547","R028",2.24
"10996","V0547","R017",4.01
"10997","V0547","R033",3.84
"10998","V0547","R044",1.75
"10999","V0547","R011",5.35
"11000","V0547","R015",3.32
"11001","V0547","R002",4.22
"11002","V0547","R036",2.63
"11003","V0548","R039",5.32
"11004","V0548","R027",4.92
"11005","V0548","R042",3.52
"11006","V0548","R031",6.79
"11007","V0548","R035",2.49
"11008","V0548","R037",1.9
"11009","V0548","R041",5.37
"11010","V0548","R043",5.02
"11011","V0548","R015",4.42
"11012","V0548","R040",3.87
"11013","V0549","R029",1.54
"11014","V0549","R036",3.65
"11015","V0549","R032",1.99
"11016","V0549","R044",3.13
"11017","V0549","R035",3.02
"11018","V0549","R047",2.03
"11019","V0549","R046",5.26
"11020","V0549","R002",1.58
"11021","V0549","R050",2.74
"11022","V0549","R043",3.42
"11023","V0549","R041",4.11
"11024","V0549","R023",3.15
"11025","V0549","R009",2.63
"11026","V0549","R034",2.94
"11027","V0549","R006",1.09
"11028","V0549","R018",1.99
"11029","V0550","R023",5.57
"11030","V0550","R004",4.58
"11031","V0550","R022",1.41
"11032","V0550","R041",4.66
"11033","V0550","R018",5.58
"11034","V0550","R013",1.66
"11035","V0550","R014",5.02
"11036","V0550","R024",5.44
"11037","V0550","R008",3.95
"11038","V0550","R003",3.96
"11039","V0550","R019",3.26
"11040","V0550","R020",5.83
"11041","V0550","R043",3.98
"11042","V0550","R031",5.09
"11043","V0550","R006",5.71
"11044","V0550","R033",5.81
"11045","V0550","R007",5.15
"11046","V0550","R011",4.12
"11047","V0550","R048",4.79
"11048","V0550","R005",6.29
"11049","V0550","R036",3.68
"11050","V0550","R029",4.89
"11051","V0551","R023",4.42
"11052","V0551","R050",3.49
"11053","V0551","R009",2.29
"11054","V0551","R006",2.19
"11055","V0551","R047",3.59
"11056","V0551","R029",3.17
"11057","V0551","R025",3.31
"11058","V0551","R005",2.15
"11059","V0551","R038",1.31
"11060","V0551","R017",4.17
"11061","V0551","R013",3.39
"11062","V0551","R019",5.13
"11063","V0551","R021",3.36
"11064","V0551","R024",4.33
"11065","V0551","R002",3.81
"11066","V0551","R015",1.71
"11067","V0551","R044",3.58
"11068","V0551","R032",4.13
"11069","V0551","R034",3.79
"11070","V0551","R031",5.32
"11071","V0551","R004",2.78
"11072","V0551","R007",4.05
"11073","V0551","R042",1.97
"11074","V0551","R046",3.83
"11075","V0551","R028",3.23
"11076","V0551","R018",2.1
"11077","V0551","R008",2.4
"11078","V0551","R003",3.82
"11079","V0551","R035",4.97
"11080","V0551","R016",2.44
"11081","V0552","R008",1.88
"11082","V0552","R009",2.69
"11083","V0552","R041",2.81
"11084","V0552","R040",4.32
"11085","V0552","R026",1.82
"11086","V0552","R002",3.22
"11087","V0552","R038",2.9
"11088","V0552","R029",3.89
"11089","V0552","R018",4.19
"11090","V0552","R005",4.11
"11091","V0553","R027",4.2
"11092","V0553","R023",3.72
"11093","V0553","R050",2.86
"11094","V0553","R016",1.92
"11095","V0553","R029",3.03
"11096","V0553","R033",4.09
"11097","V0553","R049",2.44
"11098","V0553","R026",3.09
"11099","V0553","R009",2.2
"11100","V0553","R015",4.47
"11101","V0553","R008",3.33
"11102","V0553","R012",3.61
"11103","V0553","R038",4.82
"11104","V0553","R004",4.24
"11105","V0553","R019",3.89
"11106","V0553","R001",3.79
"11107","V0553","R021",4.28
"11108","V0553","R011",3.88
"11109","V0553","R036",2.07
"11110","V0553","R047",3.34
"11111","V0553","R020",3.94
"11112","V0553","R035",3.2
"11113","V0553","R018",3.08
"11114","V0553","R043",2.59
"11115","V0553","R014",3.45
"11116","V0554","R042",5.1
"11117","V0554","R024",1.5
"11118","V0554","R027",6.12
"11119","V0554","R019",2.45
"11120","V0554","R033",5.6
"11121","V0554","R023",4.42
"11122","V0554","R002",2.25
"11123","V0554","R041",3.52
"11124","V0554","R037",3.91
"11125","V0554","R016",4.06
"11126","V0554","R001",6.33
"11127","V0554","R005",2.42
"11128","V0554","R028",0.63
"11129","V0554","R014",3.53
"11130","V0554","R031",5.68
"11131","V0554","R015",1.92
"11132","V0555","R026",3.23
"11133","V0555","R003",3.49
"11134","V0555","R046",1.87
"11135","V0555","R023",2.73
"11136","V0555","R022",2.8
"11137","V0555","R032",2.25
"11138","V0555","R048",1.2
"11139","V0555","R049",3.61
"11140","V0555","R016",5.39
"11141","V0555","R020",2.72
"11142","V0555","R019",2.56
"11143","V0555","R042",2.31
"11144","V0555","R027",5.18
"11145","V0555","R036",2.69
"11146","V0555","R008",1.72
"11147","V0555","R050",3.21
"11148","V0555","R034",1.61
"11149","V0555","R002",3.4
"11150","V0555","R035",2.59
"11151","V0556","R020",2.2
"11152","V0556","R046",0.46
"11153","V0556","R048",2.04
"11154","V0556","R015",3.06
"11155","V0556","R040",2.88
"11156","V0556","R002",0
"11157","V0556","R017",1.72
"11158","V0556","R026",1.49
"11159","V0556","R016",2.08
"11160","V0556","R043",2.9
"11161","V0556","R033",0.05
"11162","V0556","R050",2.03
"11163","V0556","R042",1.58
"11164","V0556","R011",2.66
"11165","V0556","R005",3.96
"11166","V0556","R024",2.9
"11167","V0556","R013",2.08
"11168","V0556","R029",1.02
"11169","V0556","R044",3.43
"11170","V0556","R030",2.07
"11171","V0556","R035",0.98
"11172","V0556","R008",2.61
"11173","V0556","R006",1.71
"11174","V0556","R041",3.49
"11175","V0556","R028",1.97
"11176","V0556","R049",2.6
"11177","V0556","R007",2.16
"11178","V0556","R019",2.89
"11179","V0556","R036",3.13
"11180","V0557","R004",4.14
"11181","V0557","R029",3.94
"11182","V0557","R025",3.86
"11183","V0557","R007",4.86
"11184","V0557","R018",3.38
"11185","V0557","R050",3.72
"11186","V0557","R008",3.34
"11187","V0557","R047",2.14
"11188","V0557","R005",2.51
"11189","V0557","R037",3.58
"11190","V0557","R031",4.83
"11191","V0557","R049",3.09
"11192","V0557","R017",3.77
"11193","V0557","R033",3.82
"11194","V0557","R002",3.14
"11195","V0558","R021",3.96
"11196","V0558","R012",5
"11197","V0558","R003",5.48
"11198","V0558","R047",3.02
"11199","V0558","R016",6.55
"11200","V0558","R033",3.69
"11201","V0558","R048",3.69
"11202","V0558","R041",4.86
"11203","V0558","R031",5.49
"11204","V0558","R043",3.99
"11205","V0558","R036",2.65
"11206","V0558","R042",3.56
"11207","V0558","R006",4.74
"11208","V0558","R002",4.81
"11209","V0558","R020",4.23
"11210","V0558","R046",4.18
"11211","V0558","R023",4.64
"11212","V0558","R044",5.96
"11213","V0558","R029",2.57
"11214","V0558","R008",5.43
"11215","V0558","R009",2.6
"11216","V0558","R034",4.01
"11217","V0558","R050",4.18
"11218","V0558","R032",4.4
"11219","V0558","R005",5.01
"11220","V0558","R019",3.69
"11221","V0558","R026",3.86
"11222","V0558","R013",2.83
"11223","V0559","R017",5.31
"11224","V0559","R016",4.82
"11225","V0559","R026",3.46
"11226","V0559","R035",2.86
"11227","V0559","R025",2.55
"11228","V0559","R014",3.75
"11229","V0559","R034",2.71
"11230","V0559","R015",1.75
"11231","V0559","R050",3.85
"11232","V0559","R028",1.45
"11233","V0559","R021",2.12
"11234","V0559","R018",5.13
"11235","V0559","R001",5.13
"11236","V0559","R022",2.97
"11237","V0559","R013",4
"11238","V0559","R019",3.7
"11239","V0559","R044",1.82
"11240","V0559","R011",3.49
"11241","V0559","R024",3.42
"11242","V0559","R032",4.48
"11243","V0559","R003",2.4
"11244","V0559","R037",2.87
"11245","V0559","R038",3.31
"11246","V0559","R009",3.7
"11247","V0559","R048",3.31
"11248","V0559","R012",2.41
"11249","V0559","R004",1.12
"11250","V0559","R031",4.75
"11251","V0559","R040",4.16
"11252","V0560","R028",2.52
"11253","V0560","R005",3.78
"11254","V0560","R041",4.25
"11255","V0560","R044",3.09
"11256","V0560","R046",4.02
"11257","V0560","R043",5.01
"11258","V0560","R030",4.01
"11259","V0560","R022",2.14
"11260","V0560","R035",4.64
"11261","V0560","R002",1.91
"11262","V0560","R021",3.89
"11263","V0561","R047",4.61
"11264","V0561","R048",5.22
"11265","V0561","R043",5.16
"11266","V0561","R018",3.8
"11267","V0561","R040",3.44
"11268","V0561","R039",4.02
"11269","V0561","R022",2.1
"11270","V0561","R011",3.33
"11271","V0561","R029",2.63
"11272","V0561","R036",2.02
"11273","V0561","R020",4.28
"11274","V0561","R041",4.97
"11275","V0561","R003",5.35
"11276","V0561","R030",4.98
"11277","V0561","R049",5.43
"11278","V0561","R006",3.36
"11279","V0561","R035",2.98
"11280","V0561","R044",4.5
"11281","V0561","R015",2.89
"11282","V0561","R019",4.04
"11283","V0561","R027",3.82
"11284","V0561","R016",3.88
"11285","V0561","R050",6.2
"11286","V0561","R010",3.24
"11287","V0561","R007",4.65
"11288","V0561","R031",3.42
"11289","V0561","R021",3.28
"11290","V0561","R009",5.27
"11291","V0561","R012",5.16
"11292","V0562","R040",1.68
"11293","V0562","R002",0.25
"11294","V0562","R042",2.48
"11295","V0562","R026",3.33
"11296","V0562","R010",3.69
"11297","V0562","R038",2.89
"11298","V0562","R018",3.41
"11299","V0562","R022",1.62
"11300","V0562","R014",3.04
"11301","V0562","R049",1.97
"11302","V0562","R048",2.14
"11303","V0562","R032",3.84
"11304","V0562","R011",3.71
"11305","V0562","R033",4.39
"11306","V0562","R044",3
"11307","V0562","R004",4.63
"11308","V0562","R041",1.97
"11309","V0562","R030",2.77
"11310","V0562","R016",2.56
"11311","V0562","R028",0.88
"11312","V0562","R025",3.07
"11313","V0562","R036",2.72
"11314","V0562","R013",1.43
"11315","V0562","R001",3.15
"11316","V0562","R019",2.69
"11317","V0562","R024",3.83
"11318","V0562","R017",0.86
"11319","V0562","R007",3.76
"11320","V0562","R003",2.83
"11321","V0562","R039",3.29
"11322","V0563","R042",4.69
"11323","V0563","R004",4.32
"11324","V0563","R014",6.09
"11325","V0563","R043",5.53
"11326","V0563","R049",4.7
"11327","V0563","R034",4.69
"11328","V0563","R018",3.82
"11329","V0563","R047",3.06
"11330","V0563","R038",4.32
"11331","V0563","R050",5.98
"11332","V0563","R045",2.36
"11333","V0563","R027",5.21
"11334","V0563","R029",5.21
"11335","V0563","R005",3.86
"11336","V0563","R035",4.33
"11337","V0563","R011",5.74
"11338","V0563","R033",7.04
"11339","V0563","R006",5.5
"11340","V0563","R017",5.13
"11341","V0563","R007",6.63
"11342","V0563","R044",5.1
"11343","V0563","R010",5.8
"11344","V0563","R048",5.16
"11345","V0563","R024",7.18
"11346","V0563","R012",4.57
"11347","V0563","R028",2.86
"11348","V0564","R006",2.31
"11349","V0564","R045",3.44
"11350","V0564","R011",3.56
"11351","V0564","R029",3.91
"11352","V0564","R031",3.24
"11353","V0564","R016",2.41
"11354","V0564","R041",1.94
"11355","V0564","R034",5.2
"11356","V0564","R005",2.28
"11357","V0564","R042",3.06
"11358","V0564","R024",3.92
"11359","V0564","R014",2.47
"11360","V0564","R001",5.15
"11361","V0564","R035",2.11
"11362","V0564","R013",3.27
"11363","V0564","R047",2.74
"11364","V0565","R025",3.48
"11365","V0565","R008",3.03
"11366","V0565","R012",3.96
"11367","V0565","R032",4.29
"11368","V0565","R038",5.25
"11369","V0565","R015",3.82
"11370","V0565","R005",4.51
"11371","V0565","R031",5.62
"11372","V0565","R050",5.24
"11373","V0565","R024",6.14
"11374","V0565","R020",2.95
"11375","V0565","R004",6.08
"11376","V0565","R016",4.92
"11377","V0565","R048",3.75
"11378","V0566","R032",4.43
"11379","V0566","R005",5.67
"11380","V0566","R008",4.9
"11381","V0566","R015",3.02
"11382","V0566","R034",5.39
"11383","V0566","R037",3.98
"11384","V0566","R021",5.24
"11385","V0566","R038",4.52
"11386","V0566","R031",6
"11387","V0566","R029",3.19
"11388","V0566","R013",4.2
"11389","V0566","R022",3.48
"11390","V0566","R050",5.8
"11391","V0566","R023",6.49
"11392","V0566","R046",5.78
"11393","V0566","R012",6.64
"11394","V0566","R024",6.3
"11395","V0566","R049",6.71
"11396","V0566","R044",6.87
"11397","V0566","R027",4.79
"11398","V0566","R042",4.44
"11399","V0566","R017",5.6
"11400","V0567","R001",3.65
"11401","V0567","R015",2.89
"11402","V0567","R031",5.21
"11403","V0567","R041",4.46
"11404","V0567","R032",5.64
"11405","V0567","R043",4.05
"11406","V0567","R012",4.38
"11407","V0567","R044",4.16
"11408","V0567","R011",3.74
"11409","V0567","R020",6
"11410","V0567","R040",5.46
"11411","V0567","R028",1.81
"11412","V0567","R007",4.66
"11413","V0567","R048",3.36
"11414","V0567","R033",2.59
"11415","V0567","R019",2.36
"11416","V0567","R036",1.07
"11417","V0567","R024",2.56
"11418","V0567","R049",5.68
"11419","V0567","R035",1.32
"11420","V0567","R046",3.11
"11421","V0567","R042",3.94
"11422","V0568","R050",4.72
"11423","V0568","R014",3.88
"11424","V0568","R022",1.84
"11425","V0568","R031",5.28
"11426","V0568","R041",4.8
"11427","V0568","R040",4.54
"11428","V0568","R001",4.42
"11429","V0568","R017",4.58
"11430","V0568","R024",3.68
"11431","V0568","R025",3.68
"11432","V0568","R012",5.26
"11433","V0568","R019",1.19
"11434","V0568","R029",3.94
"11435","V0568","R028",3.65
"11436","V0568","R044",3.09
"11437","V0568","R013",1.96
"11438","V0568","R006",2.4
"11439","V0568","R021",3.99
"11440","V0568","R026",3.91
"11441","V0568","R027",3.67
"11442","V0568","R015",3.28
"11443","V0568","R036",1.51
"11444","V0568","R048",3.64
"11445","V0568","R016",4.8
"11446","V0568","R034",4.71
"11447","V0568","R002",2.95
"11448","V0568","R009",2.38
"11449","V0568","R004",5.26
"11450","V0568","R043",2.57
"11451","V0568","R018",4.16
"11452","V0569","R023",3.36
"11453","V0569","R001",4.3
"11454","V0569","R028",1.93
"11455","V0569","R032",3.47
"11456","V0569","R024",2.88
"11457","V0569","R022",1.67
"11458","V0569","R039",2.75
"11459","V0569","R009",3.5
"11460","V0569","R004",1.56
"11461","V0569","R038",4.24
"11462","V0569","R018",3.15
"11463","V0569","R050",2.1
"11464","V0569","R006",3.44
"11465","V0569","R025",2.95
"11466","V0569","R011",2.66
"11467","V0569","R013",2.19
"11468","V0569","R005",2.95
"11469","V0569","R012",2.53
"11470","V0569","R019",2.25
"11471","V0569","R017",2.95
"11472","V0569","R040",3.55
"11473","V0569","R014",3.39
"11474","V0570","R032",2.92
"11475","V0570","R020",2.68
"11476","V0570","R004",4.49
"11477","V0570","R007",3.29
"11478","V0570","R028",5.32
"11479","V0570","R021",4.36
"11480","V0570","R029",2.18
"11481","V0570","R009",2.21
"11482","V0570","R008",1.46
"11483","V0570","R049",3.52
"11484","V0570","R013",3.96
"11485","V0570","R045",2.42
"11486","V0570","R031",4.42
"11487","V0570","R017",4.48
"11488","V0570","R015",3.79
"11489","V0570","R035",2.42
"11490","V0570","R039",0.93
"11491","V0570","R024",0.75
"11492","V0570","R041",2
"11493","V0570","R002",4.1
"11494","V0570","R018",4.18
"11495","V0571","R012",4.48
"11496","V0571","R014",3.42
"11497","V0571","R022",3.16
"11498","V0571","R037",4.04
"11499","V0571","R021",3.44
"11500","V0571","R029",1.57
"11501","V0571","R019",2.48
"11502","V0571","R001",3
"11503","V0571","R018",5.4
"11504","V0571","R035",2.34
"11505","V0571","R027",3.29
"11506","V0571","R042",3.23
"11507","V0571","R034",2.05
"11508","V0571","R031",3.62
"11509","V0571","R008",2.62
"11510","V0571","R023",5.47
"11511","V0571","R003",1.28
"11512","V0571","R017",1.3
"11513","V0571","R026",0.42
"11514","V0571","R030",3.94
"11515","V0571","R048",4.62
"11516","V0571","R007",3.25
"11517","V0571","R028",2.04
"11518","V0571","R033",3.16
"11519","V0571","R040",4.96
"11520","V0571","R041",4.72
"11521","V0571","R010",4.26
"11522","V0572","R042",2.18
"11523","V0572","R007",2.41
"11524","V0572","R033",3.71
"11525","V0572","R015",1.29
"11526","V0572","R037",2.8
"11527","V0572","R034",1.66
"11528","V0572","R026",3.07
"11529","V0572","R038",1.89
"11530","V0572","R004",4.21
"11531","V0572","R040",4.12
"11532","V0572","R012",6.41
"11533","V0572","R024",3.49
"11534","V0572","R050",3.17
"11535","V0572","R003",2.97
"11536","V0572","R014",2.81
"11537","V0572","R022",3.06
"11538","V0573","R016",6.51
"11539","V0573","R008",4.39
"11540","V0573","R003",5.89
"11541","V0573","R033",4.11
"11542","V0573","R036",3.17
"11543","V0573","R038",5.28
"11544","V0573","R032",5.26
"11545","V0573","R025",4.64
"11546","V0573","R011",3.16
"11547","V0573","R042",3.87
"11548","V0573","R024",5.05
"11549","V0573","R022",3
"11550","V0573","R002",4.11
"11551","V0573","R012",5.26
"11552","V0573","R039",5.16
"11553","V0573","R044",5.18
"11554","V0573","R021",5.37
"11555","V0573","R014",4.91
"11556","V0573","R047",4.58
"11557","V0573","R041",3.65
"11558","V0573","R035",4.29
"11559","V0573","R029",4.49
"11560","V0573","R020",6.36
"11561","V0573","R004",6.21
"11562","V0573","R023",5.55
"11563","V0574","R040",3
"11564","V0574","R002",2.95
"11565","V0574","R042",4.2
"11566","V0574","R014",3.83
"11567","V0574","R021",1.79
"11568","V0574","R017",2.89
"11569","V0574","R012",3.66
"11570","V0574","R047",3.24
"11571","V0574","R035",3.54
"11572","V0574","R049",3.4
"11573","V0574","R026",2.91
"11574","V0574","R025",3.88
"11575","V0574","R038",3.72
"11576","V0574","R023",4.58
"11577","V0574","R022",1.5
"11578","V0574","R031",4.5
"11579","V0574","R007",4.31
"11580","V0574","R020",3.16
"11581","V0574","R036",2.03
"11582","V0574","R009",2.5
"11583","V0574","R048",3.91
"11584","V0574","R003",1.62
"11585","V0574","R004",3.27
"11586","V0574","R011",4.21
"11587","V0574","R015",2.91
"11588","V0574","R043",4.89
"11589","V0574","R005",3.08
"11590","V0574","R001",3.3
"11591","V0574","R028",1.62
"11592","V0575","R043",1.82
"11593","V0575","R002",4.65
"11594","V0575","R018",3.37
"11595","V0575","R045",1.61
"11596","V0575","R023",1.25
"11597","V0575","R031",2.82
"11598","V0575","R014",2.14
"11599","V0575","R049",2.57
"11600","V0575","R012",2.26
"11601","V0575","R015",2.65
"11602","V0575","R019",3.57
"11603","V0575","R033",4.14
"11604","V0575","R026",3.74
"11605","V0575","R046",3.17
"11606","V0575","R010",2.56
"11607","V0575","R029",1.79
"11608","V0575","R047",0.88
"11609","V0575","R016",3.8
"11610","V0575","R048",2.32
"11611","V0575","R007",1.41
"11612","V0575","R024",3
"11613","V0575","R013",3.32
"11614","V0575","R009",3.78
"11615","V0575","R001",4.31
"11616","V0575","R020",2.69
"11617","V0575","R039",2.29
"11618","V0575","R041",2.15
"11619","V0575","R004",2.62
"11620","V0575","R017",2.59
"11621","V0575","R028",2.73
"11622","V0576","R016",3.34
"11623","V0576","R001",3.81
"11624","V0576","R039",3.98
"11625","V0576","R047",3.96
"11626","V0576","R012",2.88
"11627","V0576","R029",4.5
"11628","V0576","R024",4.82
"11629","V0576","R013",6.94
"11630","V0576","R008",6.17
"11631","V0576","R040",3.47
"11632","V0576","R005",5.22
"11633","V0576","R049",4.04
"11634","V0576","R028",2.75
"11635","V0576","R019",3.65
"11636","V0576","R010",5.09
"11637","V0576","R002",5.57
"11638","V0576","R041",4.64
"11639","V0577","R016",1.25
"11640","V0577","R030",3.01
"11641","V0577","R007",5.62
"11642","V0577","R047",2.53
"11643","V0577","R042",2.26
"11644","V0577","R003",4.91
"11645","V0577","R021",1.98
"11646","V0577","R005",3.24
"11647","V0577","R026",3.88
"11648","V0577","R036",2.97
"11649","V0577","R028",3.74
"11650","V0577","R029",3.89
"11651","V0577","R013",3.42
"11652","V0578","R042",3.35
"11653","V0578","R022",3.41
"11654","V0578","R029",2.2
"11655","V0578","R032",1.84
"11656","V0578","R009",3.17
"11657","V0578","R040",2.03
"11658","V0578","R023",4.35
"11659","V0578","R010",2.34
"11660","V0578","R025",3.08
"11661","V0578","R006",2.42
"11662","V0578","R031",3.97
"11663","V0578","R044",4.35
"11664","V0578","R043",5
"11665","V0578","R011",3.54
"11666","V0578","R013",4.67
"11667","V0578","R014",4.88
"11668","V0578","R041",3.93
"11669","V0578","R037",3.73
"11670","V0578","R036",2.12
"11671","V0578","R021",3.07
"11672","V0578","R019",6
"11673","V0578","R024",3.63
"11674","V0578","R018",3.43
"11675","V0578","R030",3.61
"11676","V0578","R035",3.95
"11677","V0578","R048",3.59
"11678","V0578","R026",3.78
"11679","V0579","R025",2.12
"11680","V0579","R035",5.64
"11681","V0579","R021",2.34
"11682","V0579","R050",6.65
"11683","V0579","R039",3.55
"11684","V0579","R046",4.79
"11685","V0579","R010",5.85
"11686","V0579","R043",5.62
"11687","V0579","R001",4.71
"11688","V0579","R007",6.65
"11689","V0579","R028",3.22
"11690","V0579","R015",4.87
"11691","V0579","R018",4.64
"11692","V0579","R037",4.05
"11693","V0579","R048",4.77
"11694","V0579","R030",2.82
"11695","V0579","R016",5.49
"11696","V0579","R041",3.46
"11697","V0579","R003",6.33
"11698","V0579","R038",4.8
"11699","V0579","R029",5.29
"11700","V0579","R009",4
"11701","V0579","R026",4.82
"11702","V0579","R036",2.41
"11703","V0579","R008",5.14
"11704","V0579","R034",4.71
"11705","V0579","R033",5.68
"11706","V0579","R023",5.22
"11707","V0580","R017",4.71
"11708","V0580","R050",6
"11709","V0580","R005",3
"11710","V0580","R023",5.31
"11711","V0580","R006",6.47
"11712","V0580","R030",4.22
"11713","V0580","R047",3.04
"11714","V0580","R008",5.32
"11715","V0580","R039",3.16
"11716","V0580","R041",1.83
"11717","V0580","R032",3.76
"11718","V0580","R048",4.37
"11719","V0580","R034",2.82
"11720","V0580","R018",4.86
"11721","V0580","R011",3.1
"11722","V0580","R013",2.86
"11723","V0580","R036",2.46
"11724","V0580","R015",3.84
"11725","V0580","R026",4.61
"11726","V0580","R002",3.36
"11727","V0580","R012",4.67
"11728","V0580","R035",4.95
"11729","V0580","R007",5.08
"11730","V0581","R031",3.4
"11731","V0581","R022",1.62
"11732","V0581","R002",5.17
"11733","V0581","R021",3.37
"11734","V0581","R009",3.16
"11735","V0581","R003",4.21
"11736","V0581","R045",4.53
"11737","V0581","R044",4.67
"11738","V0581","R026",4.28
"11739","V0581","R010",4.71
"11740","V0581","R039",3.93
"11741","V0581","R004",6.11
"11742","V0581","R025",7.12
"11743","V0581","R015",2.32
"11744","V0581","R016",1.5
"11745","V0581","R005",3.55
"11746","V0581","R038",5.12
"11747","V0582","R031",4.26
"11748","V0582","R039",0.74
"11749","V0582","R009",3.65
"11750","V0582","R022",1.88
"11751","V0582","R012",4.71
"11752","V0582","R049",4.69
"11753","V0582","R021",3.53
"11754","V0582","R032",4.82
"11755","V0582","R040",3.4
"11756","V0582","R010",3.07
"11757","V0582","R015",2.15
"11758","V0582","R044",3.34
"11759","V0582","R048",2.24
"11760","V0582","R046",4.03
"11761","V0582","R038",3.1
"11762","V0582","R003",3.85
"11763","V0582","R028",4.1
"11764","V0582","R035",5.65
"11765","V0582","R017",2.69
"11766","V0582","R014",4.06
"11767","V0582","R005",3.03
"11768","V0582","R034",2.02
"11769","V0582","R041",1.68
"11770","V0582","R013",3.35
"11771","V0582","R001",3.58
"11772","V0582","R011",3.63
"11773","V0582","R025",3.27
"11774","V0582","R029",2.36
"11775","V0582","R045",2.46
"11776","V0582","R016",3.5
"11777","V0583","R046",5.43
"11778","V0583","R031",4.05
"11779","V0583","R048",3.11
"11780","V0583","R007",2.32
"11781","V0583","R040",3.18
"11782","V0583","R008",2.22
"11783","V0583","R035",2.41
"11784","V0583","R025",3.76
"11785","V0583","R044",3.26
"11786","V0583","R013",4.71
"11787","V0583","R022",3.04
"11788","V0583","R004",3.73
"11789","V0583","R030",3.71
"11790","V0583","R034",5.24
"11791","V0583","R041",4.07
"11792","V0584","R018",4.6
"11793","V0584","R029",2.84
"11794","V0584","R002",3.74
"11795","V0584","R030",3.82
"11796","V0584","R043",4.36
"11797","V0584","R036",3.31
"11798","V0584","R040",1.5
"11799","V0584","R022",3.68
"11800","V0584","R039",3.11
"11801","V0584","R017",3.52
"11802","V0584","R045",3.3
"11803","V0584","R047",2.18
"11804","V0584","R001",4.91
"11805","V0585","R005",2.76
"11806","V0585","R021",2.61
"11807","V0585","R013",1.71
"11808","V0585","R038",3.64
"11809","V0585","R022",4.82
"11810","V0585","R016",5.28
"11811","V0585","R018",5.39
"11812","V0585","R004",1.85
"11813","V0585","R034",3.47
"11814","V0585","R027",3.88
"11815","V0585","R014",3.13
"11816","V0585","R046",2.93
"11817","V0585","R029",2.86
"11818","V0585","R019",2.08
"11819","V0586","R007",3.07
"11820","V0586","R039",1.2
"11821","V0586","R003",1.56
"11822","V0586","R030",1.32
"11823","V0586","R001",3.83
"11824","V0586","R050",3.22
"11825","V0586","R011",3.37
"11826","V0586","R043",4.67
"11827","V0586","R029",2.59
"11828","V0586","R006",3.37
"11829","V0586","R028",2.32
"11830","V0586","R012",5.43
"11831","V0586","R014",3.26
"11832","V0586","R023",3.16
"11833","V0586","R044",2.68
"11834","V0586","R033",4.06
"11835","V0586","R036",5.01
"11836","V0586","R021",0
"11837","V0586","R010",3.51
"11838","V0586","R009",0.87
"11839","V0586","R013",4.04
"11840","V0587","R011",4.98
"11841","V0587","R034",4.88
"11842","V0587","R043",3.12
"11843","V0587","R016",2.51
"11844","V0587","R045",1.85
"11845","V0587","R027",4.54
"11846","V0587","R017",4.75
"11847","V0587","R008",6.06
"11848","V0587","R003",2.3
"11849","V0587","R002",5.26
"11850","V0587","R031",3.09
"11851","V0587","R046",1.79
"11852","V0587","R044",3.32
"11853","V0587","R042",3.88
"11854","V0587","R025",4.82
"11855","V0588","R007",2.88
"11856","V0588","R027",3.27
"11857","V0588","R006",3.38
"11858","V0588","R042",2.37
"11859","V0588","R028",2.72
"11860","V0588","R025",4.03
"11861","V0588","R018",4.61
"11862","V0588","R001",5.52
"11863","V0588","R011",3.63
"11864","V0588","R023",4.07
"11865","V0588","R039",3.3
"11866","V0588","R014",3.79
"11867","V0588","R048",3.73
"11868","V0588","R050",2.69
"11869","V0588","R024",1.84
"11870","V0588","R022",1.01
"11871","V0588","R036",4.07
"11872","V0588","R049",3.51
"11873","V0588","R004",3.21
"11874","V0588","R034",4.26
"11875","V0588","R008",4.97
"11876","V0588","R043",2.32
"11877","V0588","R026",3.08
"11878","V0588","R032",3.81
"11879","V0588","R029",3.1
"11880","V0588","R003",4.22
"11881","V0589","R029",2.67
"11882","V0589","R043",5.2
"11883","V0589","R036",2.55
"11884","V0589","R022",2.9
"11885","V0589","R021",2
"11886","V0589","R048",1.85
"11887","V0589","R039",2.31
"11888","V0589","R002",3.52
"11889","V0589","R017",4.08
"11890","V0589","R001",4.7
"11891","V0589","R019",2.77
"11892","V0589","R028",5.08
"11893","V0589","R023",5.06
"11894","V0589","R013",3.03
"11895","V0589","R005",1.88
"11896","V0589","R020",4.8
"11897","V0589","R016",4.65
"11898","V0589","R041",2.77
"11899","V0589","R046",3.14
"11900","V0589","R014",3.85
"11901","V0589","R042",2.65
"11902","V0589","R006",3.29
"11903","V0589","R007",1.7
"11904","V0589","R027",4.71
"11905","V0589","R038",3.93
"11906","V0590","R018",3.63
"11907","V0590","R028",3.18
"11908","V0590","R046",5.63
"11909","V0590","R031",4.2
"11910","V0590","R026",4.59
"11911","V0590","R029",3.13
"11912","V0590","R036",4.84
"11913","V0590","R032",4.59
"11914","V0590","R005",4.11
"11915","V0590","R006",2.63
"11916","V0590","R050",4.27
"11917","V0590","R042",3.12
"11918","V0590","R039",4.28
"11919","V0590","R004",5.23
"11920","V0590","R034",4.83
"11921","V0590","R011",5.5
"11922","V0590","R043",3.65
"11923","V0590","R016",3.57
"11924","V0590","R002",5.16
"11925","V0590","R037",3.41
"11926","V0590","R023",6.01
"11927","V0590","R009",3.03
"11928","V0591","R041",1.7
"11929","V0591","R047",4.35
"11930","V0591","R002",2.36
"11931","V0591","R009",3.35
"11932","V0591","R005",2.66
"11933","V0591","R012",4.59
"11934","V0591","R030",3.95
"11935","V0591","R028",2.51
"11936","V0591","R025",2.59
"11937","V0591","R015",2.39
"11938","V0591","R024",2.3
"11939","V0591","R037",3.46
"11940","V0591","R048",2.87
"11941","V0591","R017",2.57
"11942","V0591","R020",4.2
"11943","V0591","R010",1.73
"11944","V0591","R035",4.3
"11945","V0591","R006",4.02
"11946","V0591","R036",1.36
"11947","V0591","R019",2.29
"11948","V0591","R018",5.27
"11949","V0591","R044",5.21
"11950","V0591","R001",4.16
"11951","V0591","R011",3.52
"11952","V0591","R021",1.38
"11953","V0591","R022",2.34
"11954","V0591","R003",3.94
"11955","V0592","R035",5.34
"11956","V0592","R008",4.17
"11957","V0592","R005",4.02
"11958","V0592","R004",5.95
"11959","V0592","R018",4.88
"11960","V0592","R003",3.75
"11961","V0592","R012",7.04
"11962","V0592","R011",4.99
"11963","V0592","R017",5.08
"11964","V0592","R007",7.28
"11965","V0592","R016",6.59
"11966","V0592","R050",6.48
"11967","V0592","R025",5.95
"11968","V0592","R042",4.7
"11969","V0592","R020",4.03
"11970","V0592","R024",3.64
"11971","V0593","R001",3.31
"11972","V0593","R014",2.89
"11973","V0593","R006",3.39
"11974","V0593","R048",4.21
"11975","V0593","R029",1.22
"11976","V0593","R050",3.56
"11977","V0593","R045",3.56
"11978","V0593","R024",3.58
"11979","V0593","R043",3.12
"11980","V0593","R046",3.92
"11981","V0593","R044",4.88
"11982","V0593","R005",3.74
"11983","V0593","R049",5.21
"11984","V0593","R015",1.33
"11985","V0593","R039",2.31
"11986","V0593","R040",2.58
"11987","V0593","R031",2.99
"11988","V0593","R033",4.12
"11989","V0593","R023",4.47
"11990","V0593","R019",4.51
"11991","V0593","R020",4.51
"11992","V0593","R017",4.4
"11993","V0593","R009",1.98
"11994","V0593","R010",4.32
"11995","V0593","R030",2.37
"11996","V0593","R042",2.51
"11997","V0593","R037",3.32
"11998","V0593","R008",3.03
"11999","V0593","R021",1.05
"12000","V0594","R032",5.2
"12001","V0594","R050",5.21
"12002","V0594","R049",2.9
"12003","V0594","R029",4.35
"12004","V0594","R037",2.78
"12005","V0594","R027",3.64
"12006","V0594","R031",5.13
"12007","V0594","R040",3.12
"12008","V0594","R034",4.11
"12009","V0594","R044",3.78
"12010","V0594","R018",5.22
"12011","V0594","R006",3.88
"12012","V0594","R016",3.24
"12013","V0594","R001",3.67
"12014","V0594","R019",3.04
"12015","V0594","R035",3.71
"12016","V0594","R004",4.4
"12017","V0594","R021",4.37
"12018","V0594","R045",3.09
"12019","V0594","R046",3.62
"12020","V0594","R042",4.87
"12021","V0594","R014",2.37
"12022","V0594","R026",3.16
"12023","V0595","R039",2.48
"12024","V0595","R002",1.7
"12025","V0595","R006",2.61
"12026","V0595","R038",1.95
"12027","V0595","R022",1.8
"12028","V0595","R044",2.28
"12029","V0595","R045",5.1
"12030","V0595","R048",1.79
"12031","V0595","R032",3.02
"12032","V0595","R010",1.88
"12033","V0595","R036",2.39
"12034","V0595","R005",2.87
"12035","V0595","R028",3.38
"12036","V0595","R001",2.67
"12037","V0595","R042",3.3
"12038","V0595","R046",2.92
"12039","V0595","R019",1.86
"12040","V0595","R016",1.96
"12041","V0595","R013",3.1
"12042","V0595","R041",4.33
"12043","V0595","R012",4.15
"12044","V0595","R023",2.6
"12045","V0595","R047",3.42
"12046","V0596","R005",5.51
"12047","V0596","R017",4.11
"12048","V0596","R048",3.21
"12049","V0596","R015",4.72
"12050","V0596","R013",2.79
"12051","V0596","R018",1.06
"12052","V0596","R047",1.89
"12053","V0596","R033",4.88
"12054","V0596","R038",4.21
"12055","V0596","R029",3.84
"12056","V0596","R044",4.31
"12057","V0596","R003",3.82
"12058","V0596","R035",4.57
"12059","V0596","R040",4.11
"12060","V0596","R049",3.12
"12061","V0596","R050",2.67
"12062","V0596","R026",3.49
"12063","V0596","R004",5.47
"12064","V0596","R016",4.64
"12065","V0596","R011",4.86
"12066","V0596","R008",2.09
"12067","V0596","R006",4.29
"12068","V0596","R022",3.46
"12069","V0596","R031",4.09
"12070","V0596","R009",3.19
"12071","V0596","R043",4.07
"12072","V0596","R036",1.22
"12073","V0596","R012",4.31
"12074","V0597","R001",3.65
"12075","V0597","R014",3.78
"12076","V0597","R041",3.44
"12077","V0597","R040",2.72
"12078","V0597","R028",2.43
"12079","V0597","R048",3.18
"12080","V0597","R010",3.32
"12081","V0597","R045",2.86
"12082","V0597","R017",0
"12083","V0597","R021",3.25
"12084","V0597","R050",2.87
"12085","V0597","R020",3.2
"12086","V0597","R006",3.9
"12087","V0597","R027",4.17
"12088","V0597","R002",2.89
"12089","V0597","R011",1.9
"12090","V0597","R007",2.02
"12091","V0597","R026",2.62
"12092","V0598","R022",3.14
"12093","V0598","R012",4.28
"12094","V0598","R043",2.8
"12095","V0598","R019",4.22
"12096","V0598","R049",3.43
"12097","V0598","R001",4.89
"12098","V0598","R030",1.81
"12099","V0598","R018",3.48
"12100","V0598","R009",2.32
"12101","V0598","R037",5.23
"12102","V0598","R003",3.52
"12103","V0598","R005",3.45
"12104","V0598","R008",0.84
"12105","V0598","R007",1.42
"12106","V0598","R014",3.24
"12107","V0598","R029",2.58
"12108","V0598","R041",3.76
"12109","V0598","R042",3.38
"12110","V0598","R034",3.72
"12111","V0598","R039",3.51
"12112","V0598","R026",3.58
"12113","V0598","R031",3.73
"12114","V0598","R048",3.98
"12115","V0598","R040",2.94
"12116","V0598","R028",3.13
"12117","V0598","R036",3.19
"12118","V0598","R016",1.46
"12119","V0598","R013",2.99
"12120","V0599","R016",3.5
"12121","V0599","R034",3.16
"12122","V0599","R035",3.2
"12123","V0599","R045",2.55
"12124","V0599","R025",4.69
"12125","V0599","R042",1.73
"12126","V0599","R050",2.58
"12127","V0599","R049",3.38
"12128","V0599","R041",2.83
"12129","V0599","R021",2.54
"12130","V0599","R002",2.36
"12131","V0599","R038",3.53
"12132","V0599","R015",2.36
"12133","V0599","R020",4.1
"12134","V0599","R032",2.08
"12135","V0599","R030",3.57
"12136","V0600","R030",3.43
"12137","V0600","R015",4.69
"12138","V0600","R024",2.01
"12139","V0600","R045",2.11
"12140","V0600","R022",1.69
"12141","V0600","R048",3.74
"12142","V0600","R034",1.83
"12143","V0600","R036",4.63
"12144","V0600","R011",4.07
"12145","V0600","R041",2.95
"12146","V0600","R001",5.14
"12147","V0600","R042",2.56
"12148","V0600","R026",4.01
"12149","V0600","R009",3.15
"12150","V0600","R043",4.4
"12151","V0600","R013",1.82
"12152","V0601","R045",3.77
"12153","V0601","R025",4.08
"12154","V0601","R048",5.35
"12155","V0601","R015",4.42
"12156","V0601","R027",3.67
"12157","V0601","R046",3.63
"12158","V0601","R024",3.39
"12159","V0601","R030",3.96
"12160","V0601","R014",4.27
"12161","V0601","R033",3.95
"12162","V0601","R002",6.93
"12163","V0601","R026",5.09
"12164","V0602","R038",3.88
"12165","V0602","R048",4.51
"12166","V0602","R022",1.72
"12167","V0602","R021",2.65
"12168","V0602","R030",5.05
"12169","V0602","R008",2.96
"12170","V0602","R009",4.19
"12171","V0602","R034",3.5
"12172","V0602","R002",3.21
"12173","V0602","R036",1.81
"12174","V0602","R024",3.45
"12175","V0602","R001",1.74
"12176","V0602","R041",3.79
"12177","V0602","R016",4.86
"12178","V0602","R017",3.78
"12179","V0602","R029",2.24
"12180","V0602","R023",1.99
"12181","V0602","R005",2.17
"12182","V0603","R013",3.45
"12183","V0603","R021",2.2
"12184","V0603","R025",3.76
"12185","V0603","R003",4.03
"12186","V0603","R016",3.16
"12187","V0603","R018",3.53
"12188","V0603","R035",3.15
"12189","V0603","R015",3.71
"12190","V0603","R027",3
"12191","V0603","R024",2.51
"12192","V0603","R045",2.73
"12193","V0603","R028",1.54
"12194","V0603","R049",2.2
"12195","V0603","R047",1.47
"12196","V0603","R002",1.21
"12197","V0603","R012",3.23
"12198","V0603","R014",2.9
"12199","V0603","R043",3.13
"12200","V0603","R001",5.63
"12201","V0603","R038",2.7
"12202","V0603","R011",3.96
"12203","V0604","R032",3.69
"12204","V0604","R003",2.54
"12205","V0604","R049",1.75
"12206","V0604","R043",3.84
"12207","V0604","R036",4.17
"12208","V0604","R044",3.09
"12209","V0604","R035",3.28
"12210","V0604","R015",3.3
"12211","V0604","R026",4.33
"12212","V0604","R013",4.57
"12213","V0604","R037",3.97
"12214","V0604","R007",3.01
"12215","V0604","R018",3.52
"12216","V0604","R021",2.59
"12217","V0604","R034",4.73
"12218","V0604","R002",1.65
"12219","V0604","R029",3.62
"12220","V0604","R022",2.94
"12221","V0604","R028",3.11
"12222","V0605","R012",3.48
"12223","V0605","R025",3.82
"12224","V0605","R014",4.97
"12225","V0605","R007",3.6
"12226","V0605","R023",5.16
"12227","V0605","R003",5.54
"12228","V0605","R044",3.91
"12229","V0605","R047",3.51
"12230","V0605","R046",4.87
"12231","V0605","R034",2.13
"12232","V0605","R038",3.64
"12233","V0605","R027",2.54
"12234","V0605","R019",3.45
"12235","V0605","R026",5.19
"12236","V0605","R006",3.01
"12237","V0605","R045",4.68
"12238","V0605","R020",4.31
"12239","V0605","R015",3.03
"12240","V0605","R036",3.65
"12241","V0605","R022",3.48
"12242","V0605","R040",3.57
"12243","V0605","R030",3.43
"12244","V0605","R013",4.28
"12245","V0605","R043",4.51
"12246","V0605","R002",3.68
"12247","V0606","R032",4.25
"12248","V0606","R023",5.41
"12249","V0606","R016",5.8
"12250","V0606","R036",2.42
"12251","V0606","R012",3.59
"12252","V0606","R028",3.14
"12253","V0606","R015",1.84
"12254","V0606","R021",3.03
"12255","V0606","R041",2.68
"12256","V0606","R008",3.49
"12257","V0606","R039",2.08
"12258","V0606","R011",4.71
"12259","V0606","R049",4.73
"12260","V0606","R006",5.47
"12261","V0606","R047",4.16
"12262","V0606","R004",6.23
"12263","V0606","R009",5.1
"12264","V0606","R001",4.53
"12265","V0606","R013",4.28
"12266","V0606","R010",3.66
"12267","V0606","R014",4.76
"12268","V0606","R005",3.4
"12269","V0607","R015",0.92
"12270","V0607","R031",2.53
"12271","V0607","R013",1.27
"12272","V0607","R001",1.55
"12273","V0607","R037",3.25
"12274","V0607","R050",2.46
"12275","V0607","R018",2.01
"12276","V0607","R043",2.54
"12277","V0607","R019",1.1
"12278","V0607","R049",3.8
"12279","V0607","R027",3.73
"12280","V0608","R035",2.32
"12281","V0608","R040",2.76
"12282","V0608","R018",1.43
"12283","V0608","R044",2.28
"12284","V0608","R028",1.57
"12285","V0608","R050",2.94
"12286","V0608","R037",2.23
"12287","V0608","R032",5.02
"12288","V0608","R046",2.79
"12289","V0608","R041",3.7
"12290","V0608","R012",4.84
"12291","V0608","R003",3.31
"12292","V0608","R043",4.19
"12293","V0608","R004",4.73
"12294","V0608","R001",3.3
"12295","V0608","R033",2.13
"12296","V0608","R009",4.24
"12297","V0608","R034",2.2
"12298","V0608","R017",4
"12299","V0608","R016",4.91
"12300","V0608","R048",1.55
"12301","V0608","R045",3.37
"12302","V0609","R017",4.6
"12303","V0609","R005",2.37
"12304","V0609","R022",2.23
"12305","V0609","R044",4.31
"12306","V0609","R015",3.03
"12307","V0609","R011",4.22
"12308","V0609","R008",3.62
"12309","V0609","R042",2.65
"12310","V0609","R035",2.01
"12311","V0609","R028",2.87
"12312","V0609","R020",5.72
"12313","V0609","R033",3.89
"12314","V0609","R039",3.96
"12315","V0609","R009",3.33
"12316","V0609","R045",4.19
"12317","V0609","R023",3.34
"12318","V0609","R007",2.16
"12319","V0609","R018",4.9
"12320","V0609","R001",5.41
"12321","V0609","R010",3.4
"12322","V0609","R025",5.35
"12323","V0609","R037",3.67
"12324","V0609","R029",4.71
"12325","V0609","R048",3.6
"12326","V0609","R012",6.53
"12327","V0609","R004",5.22
"12328","V0609","R050",4.58
"12329","V0609","R034",3.88
"12330","V0610","R021",3
"12331","V0610","R007",5.72
"12332","V0610","R040",3.71
"12333","V0610","R001",3.92
"12334","V0610","R032",4.48
"12335","V0610","R033",6.19
"12336","V0610","R037",5.68
"12337","V0610","R020",4.53
"12338","V0610","R022",3.85
"12339","V0610","R041",6.4
"12340","V0610","R012",5.37
"12341","V0610","R050",5.79
"12342","V0610","R003",5.98
"12343","V0610","R034",4.78
"12344","V0610","R010",4.53
"12345","V0610","R039",4.62
"12346","V0610","R035",5.11
"12347","V0611","R011",3.44
"12348","V0611","R046",3.89
"12349","V0611","R018",4.6
"12350","V0611","R048",6.75
"12351","V0611","R033",3.84
"12352","V0611","R021",2.68
"12353","V0611","R040",4.85
"12354","V0611","R005",3.53
"12355","V0611","R038",4.14
"12356","V0611","R004",4.9
"12357","V0611","R010",3.84
"12358","V0611","R026",3.48
"12359","V0611","R022",1.27
"12360","V0611","R029",3.08
"12361","V0611","R042",2.75
"12362","V0611","R043",4.6
"12363","V0612","R007",5.11
"12364","V0612","R049",3.54
"12365","V0612","R005",4.09
"12366","V0612","R017",3.17
"12367","V0612","R039",4.13
"12368","V0612","R024",3.98
"12369","V0612","R002",3.17
"12370","V0612","R019",2.78
"12371","V0612","R037",3.8
"12372","V0612","R036",2.5
"12373","V0612","R035",1.98
"12374","V0612","R026",2.7
"12375","V0612","R030",3.02
"12376","V0612","R003",3.05
"12377","V0613","R046",3.51
"12378","V0613","R002",4.33
"12379","V0613","R008",4.6
"12380","V0613","R028",3.26
"12381","V0613","R013",2.15
"12382","V0613","R041",3.42
"12383","V0613","R032",5.01
"12384","V0613","R049",4.92
"12385","V0613","R016",4.3
"12386","V0613","R001",4.71
"12387","V0613","R006",2.83
"12388","V0614","R022",2.86
"12389","V0614","R027",2.63
"12390","V0614","R012",3.95
"12391","V0614","R041",3.36
"12392","V0614","R050",3.68
"12393","V0614","R049",1.73
"12394","V0614","R045",3.76
"12395","V0614","R016",4.01
"12396","V0614","R047",1.76
"12397","V0614","R018",4.92
"12398","V0614","R001",2.98
"12399","V0614","R028",4.23
"12400","V0614","R037",3.59
"12401","V0614","R011",3.32
"12402","V0614","R046",5.56
"12403","V0614","R007",5.69
"12404","V0614","R034",4.74
"12405","V0614","R029",3.25
"12406","V0614","R035",4.29
"12407","V0614","R006",3.13
"12408","V0614","R008",5.27
"12409","V0614","R048",3.99
"12410","V0614","R043",4.14
"12411","V0614","R044",6.34
"12412","V0614","R039",5.66
"12413","V0614","R021",2.64
"12414","V0615","R025",4.26
"12415","V0615","R050",2.85
"12416","V0615","R022",3.6
"12417","V0615","R003",4.86
"12418","V0615","R019",5.28
"12419","V0615","R012",6.3
"12420","V0615","R015",3.43
"12421","V0615","R013",2.18
"12422","V0615","R040",3.39
"12423","V0615","R035",3.69
"12424","V0615","R033",4.37
"12425","V0615","R016",2.61
"12426","V0615","R044",4.2
"12427","V0615","R042",3.33
"12428","V0615","R005",4.47
"12429","V0615","R006",5.88
"12430","V0615","R014",4.65
"12431","V0615","R031",6.88
"12432","V0615","R018",4.96
"12433","V0615","R041",4.66
"12434","V0615","R029",3.8
"12435","V0615","R007",5.75
"12436","V0615","R021",4.25
"12437","V0615","R039",3.01
"12438","V0616","R049",4.91
"12439","V0616","R017",4.64
"12440","V0616","R048",2.01
"12441","V0616","R035",5.61
"12442","V0616","R004",5.66
"12443","V0616","R001",6.4
"12444","V0616","R031",4.09
"12445","V0616","R041",4.08
"12446","V0616","R040",3.74
"12447","V0616","R029",2.81
"12448","V0616","R042",4.54
"12449","V0616","R007",4.3
"12450","V0616","R043",2.99
"12451","V0616","R002",3.13
"12452","V0616","R036",3.31
"12453","V0616","R045",3.49
"12454","V0616","R028",3.21
"12455","V0616","R016",6.57
"12456","V0616","R024",4.71
"12457","V0616","R018",4.11
"12458","V0616","R003",4.45
"12459","V0616","R033",4.29
"12460","V0616","R030",4.07
"12461","V0616","R020",6.27
"12462","V0616","R011",3.37
"12463","V0616","R037",3.42
"12464","V0616","R047",3.9
"12465","V0617","R005",6.1
"12466","V0617","R004",4.85
"12467","V0617","R028",3.19
"12468","V0617","R042",2.71
"12469","V0617","R018",3.37
"12470","V0617","R014",5.93
"12471","V0617","R048",3.18
"12472","V0617","R021",4.44
"12473","V0617","R012",5.43
"12474","V0617","R039",4.04
"12475","V0617","R024",6.4
"12476","V0617","R044",5.93
"12477","V0617","R045",3.12
"12478","V0617","R036",3.18
"12479","V0617","R038",3.43
"12480","V0617","R035",2.61
"12481","V0617","R041",3.73
"12482","V0617","R015",6.01
"12483","V0617","R025",3.34
"12484","V0617","R001",4.78
"12485","V0617","R046",4.17
"12486","V0617","R033",6.43
"12487","V0618","R018",4.13
"12488","V0618","R013",4.07
"12489","V0618","R031",5.73
"12490","V0618","R046",4.14
"12491","V0618","R028",2.66
"12492","V0618","R008",5.09
"12493","V0618","R036",3.62
"12494","V0618","R039",4.45
"12495","V0618","R040",3.29
"12496","V0618","R004",3.19
"12497","V0618","R009",4.73
"12498","V0618","R037",2.08
"12499","V0618","R006",3.78
"12500","V0619","R030",4.49
"12501","V0619","R011",1.92
"12502","V0619","R032",3.59
"12503","V0619","R025",3.22
"12504","V0619","R031",4.87
"12505","V0619","R006",4.79
"12506","V0619","R048",4.44
"12507","V0619","R026",3.68
"12508","V0619","R036",2.08
"12509","V0619","R014",2.55
"12510","V0619","R049",2.42
"12511","V0619","R001",2.84
"12512","V0619","R028",2.93
"12513","V0619","R024",1.88
"12514","V0619","R018",4.65
"12515","V0620","R047",2.7
"12516","V0620","R033",5.41
"12517","V0620","R015",4.05
"12518","V0620","R001",5.97
"12519","V0620","R039",4.91
"12520","V0620","R020",4.87
"12521","V0620","R021",3.66
"12522","V0620","R037",5.88
"12523","V0620","R017",4.57
"12524","V0620","R013",3.05
"12525","V0620","R023",3.78
"12526","V0620","R025",5.26
"12527","V0621","R018",3.34
"12528","V0621","R031",4.83
"12529","V0621","R008",2.9
"12530","V0621","R040",4.91
"12531","V0621","R033",1.7
"12532","V0621","R030",2.84
"12533","V0621","R041",3.55
"12534","V0621","R009",2.21
"12535","V0621","R049",3.47
"12536","V0621","R022",3.05
"12537","V0621","R034",2.08
"12538","V0621","R036",3.27
"12539","V0621","R012",3.34
"12540","V0621","R026",2.17
"12541","V0621","R048",1.72
"12542","V0621","R037",2.39
"12543","V0621","R013",0.86
"12544","V0621","R025",3.79
"12545","V0621","R027",3.19
"12546","V0622","R031",3.47
"12547","V0622","R018",2.26
"12548","V0622","R035",3.31
"12549","V0622","R012",4.64
"12550","V0622","R048",2.79
"12551","V0622","R042",2.36
"12552","V0622","R005",1.51
"12553","V0622","R038",2.83
"12554","V0622","R021",2.93
"12555","V0622","R008",2.63
"12556","V0622","R022",2.32
"12557","V0622","R047",1.29
"12558","V0622","R020",3.28
"12559","V0622","R030",5.05
"12560","V0622","R026",3.8
"12561","V0622","R046",3.39
"12562","V0622","R009",4.19
"12563","V0622","R032",2.54
"12564","V0622","R010",3.48
"12565","V0622","R049",3.77
"12566","V0622","R034",2.44
"12567","V0622","R001",3.51
"12568","V0623","R016",0.18
"12569","V0623","R017",2.49
"12570","V0623","R009",3.22
"12571","V0623","R032",1.57
"12572","V0623","R003",2.44
"12573","V0623","R030",2.42
"12574","V0623","R031",2.86
"12575","V0623","R021",0.95
"12576","V0623","R034",2.45
"12577","V0623","R028",0.82
"12578","V0623","R045",1.75
"12579","V0624","R026",3.53
"12580","V0624","R022",4.8
"12581","V0624","R043",4.24
"12582","V0624","R035",2.32
"12583","V0624","R018",2.15
"12584","V0624","R038",4.58
"12585","V0624","R009",2.89
"12586","V0624","R042",4.83
"12587","V0624","R007",3.79
"12588","V0624","R012",4.49
"12589","V0624","R041",3.93
"12590","V0624","R039",2.81
"12591","V0625","R011",4.05
"12592","V0625","R034",2.61
"12593","V0625","R009",3.74
"12594","V0625","R047",4.81
"12595","V0625","R040",3.89
"12596","V0625","R021",3.96
"12597","V0625","R003",2.95
"12598","V0625","R039",3.83
"12599","V0625","R033",3.96
"12600","V0625","R018",2.5
"12601","V0625","R042",3.87
"12602","V0625","R025",5.17
"12603","V0625","R037",3.24
"12604","V0625","R019",1.89
"12605","V0625","R012",6.38
"12606","V0625","R041",2.87
"12607","V0625","R046",5.22
"12608","V0625","R030",4.5
"12609","V0626","R010",2.25
"12610","V0626","R019",2.96
"12611","V0626","R041",0.92
"12612","V0626","R030",4.37
"12613","V0626","R027",3.32
"12614","V0626","R050",2.22
"12615","V0626","R039",2.34
"12616","V0626","R034",3.69
"12617","V0626","R043",3.67
"12618","V0626","R040",3.52
"12619","V0626","R045",2.48
"12620","V0626","R047",0
"12621","V0626","R005",1.65
"12622","V0626","R032",2.08
"12623","V0626","R013",3.27
"12624","V0626","R048",2.45
"12625","V0626","R022",2.41
"12626","V0626","R018",3.18
"12627","V0626","R004",3.89
"12628","V0626","R036",2.08
"12629","V0626","R042",3.12
"12630","V0626","R006",1.85
"12631","V0626","R023",3.43
"12632","V0626","R012",1.93
"12633","V0626","R007",1.4
"12634","V0626","R037",1.96
"12635","V0626","R029",1.9
"12636","V0626","R035",2.21
"12637","V0626","R021",3.27
"12638","V0627","R008",4.81
"12639","V0627","R016",5.96
"12640","V0627","R040",6.73
"12641","V0627","R005",7.72
"12642","V0627","R018",2.35
"12643","V0627","R045",3.92
"12644","V0627","R023",4.95
"12645","V0627","R001",6.49
"12646","V0627","R031",5.82
"12647","V0627","R021",5.22
"12648","V0627","R014",6.07
"12649","V0627","R044",4.07
"12650","V0627","R036",2.55
"12651","V0627","R011",5.59
"12652","V0627","R032",8.1
"12653","V0627","R010",6.48
"12654","V0627","R024",5.24
"12655","V0627","R006",5.63
"12656","V0627","R015",4.39
"12657","V0627","R009",5.5
"12658","V0627","R047",5.55
"12659","V0627","R007",8.48
"12660","V0627","R033",5
"12661","V0627","R019",3.36
"12662","V0627","R034",5.51
"12663","V0627","R042",3.42
"12664","V0627","R025",6.49
"12665","V0627","R050",5.99
"12666","V0627","R041",8.88
"12667","V0627","R028",4.05
"12668","V0628","R005",4.4
"12669","V0628","R002",3.47
"12670","V0628","R016",3.61
"12671","V0628","R037",2.95
"12672","V0628","R023",1.81
"12673","V0628","R008",3.69
"12674","V0628","R009",3.13
"12675","V0628","R036",0.8
"12676","V0628","R032",3.73
"12677","V0628","R026",3.38
"12678","V0628","R018",0.95
"12679","V0628","R043",3.33
"12680","V0628","R021",2.74
"12681","V0628","R039",1.97
"12682","V0628","R031",3.84
"12683","V0628","R046",1.43
"12684","V0628","R010",1.52
"12685","V0628","R048",3.31
"12686","V0628","R030",2.72
"12687","V0628","R029",2.74
"12688","V0628","R015",2.69
"12689","V0628","R028",2.2
"12690","V0628","R041",3
"12691","V0628","R025",2.98
"12692","V0629","R006",2.75
"12693","V0629","R044",1.08
"12694","V0629","R045",2.82
"12695","V0629","R038",2.01
"12696","V0629","R024",3.79
"12697","V0629","R041",5.09
"12698","V0629","R031",2.76
"12699","V0629","R009",3.69
"12700","V0629","R020",3.51
"12701","V0629","R019",3.6
"12702","V0629","R047",4.62
"12703","V0629","R007",3.3
"12704","V0629","R014",3.18
"12705","V0629","R048",4.08
"12706","V0629","R017",2.28
"12707","V0629","R013",3.19
"12708","V0629","R036",1.3
"12709","V0629","R037",3.72
"12710","V0630","R025",4.04
"12711","V0630","R015",2.85
"12712","V0630","R016",2.4
"12713","V0630","R031",5.03
"12714","V0630","R040",3.59
"12715","V0630","R019",0
"12716","V0630","R045",3.05
"12717","V0630","R036",1.88
"12718","V0630","R009",3.34
"12719","V0630","R034",4.96
"12720","V0630","R017",2.33
"12721","V0630","R005",2.78
"12722","V0630","R011",3.68
"12723","V0630","R006",2.46
"12724","V0630","R050",2.17
"12725","V0630","R018",2.82
"12726","V0630","R042",4.6
"12727","V0630","R027",3.04
"12728","V0630","R029",3.31
"12729","V0630","R043",4.35
"12730","V0630","R013",3.88
"12731","V0630","R001",5.99
"12732","V0630","R020",4.84
"12733","V0630","R030",4.14
"12734","V0630","R003",4.15
"12735","V0631","R014",2.72
"12736","V0631","R002",3.93
"12737","V0631","R016",2.77
"12738","V0631","R050",3.5
"12739","V0631","R020",4.46
"12740","V0631","R045",3.31
"12741","V0631","R036",3.21
"12742","V0631","R030",2.39
"12743","V0631","R023",1.78
"12744","V0631","R034",3.3
"12745","V0631","R006",4.79
"12746","V0631","R012",5.4
"12747","V0631","R025",3.8
"12748","V0631","R035",5.57
"12749","V0631","R021",2.87
"12750","V0631","R017",2.13
"12751","V0631","R015",3.63
"12752","V0631","R013",2.38
"12753","V0631","R019",3.73
"12754","V0631","R028",3.39
"12755","V0631","R042",2.24
"12756","V0631","R011",3.18
"12757","V0632","R020",3.67
"12758","V0632","R022",1.88
"12759","V0632","R011",3.49
"12760","V0632","R004",2.55
"12761","V0632","R048",0.95
"12762","V0632","R029",3.38
"12763","V0632","R046",2.38
"12764","V0632","R021",0.69
"12765","V0632","R014",2.46
"12766","V0632","R050",3.33
"12767","V0632","R006",3.27
"12768","V0632","R015",3.91
"12769","V0633","R002",3.95
"12770","V0633","R005",2.93
"12771","V0633","R049",4
"12772","V0633","R030",3.34
"12773","V0633","R010",5.1
"12774","V0633","R013",4.31
"12775","V0633","R012",3.48
"12776","V0633","R036",2.85
"12777","V0633","R025",4.4
"12778","V0633","R028",4.53
"12779","V0633","R018",5.21
"12780","V0633","R034",3.54
"12781","V0633","R038",3.73
"12782","V0633","R050",3.9
"12783","V0633","R011",4.24
"12784","V0633","R037",1.91
"12785","V0633","R031",3.77
"12786","V0633","R039",4.36
"12787","V0633","R014",4.86
"12788","V0633","R023",5.3
"12789","V0633","R044",3.19
"12790","V0633","R016",4.02
"12791","V0634","R018",3.31
"12792","V0634","R026",4.88
"12793","V0634","R004",4.67
"12794","V0634","R024",3.42
"12795","V0634","R019",1.89
"12796","V0634","R036",3.09
"12797","V0634","R012",4.16
"12798","V0634","R042",1.51
"12799","V0634","R029",2.63
"12800","V0634","R017",2.71
"12801","V0634","R048",1.2
"12802","V0634","R040",2.63
"12803","V0634","R033",3.07
"12804","V0634","R043",3.13
"12805","V0634","R015",3.74
"12806","V0634","R050",3.53
"12807","V0634","R005",2.41
"12808","V0634","R031",4.81
"12809","V0634","R001",3.41
"12810","V0634","R013",2.25
"12811","V0634","R008",2.41
"12812","V0634","R023",3.25
"12813","V0634","R002",4.42
"12814","V0634","R041",5.19
"12815","V0634","R030",2.52
"12816","V0634","R047",4.07
"12817","V0634","R046",3.35
"12818","V0634","R039",1.26
"12819","V0634","R007",4.12
"12820","V0634","R037",2.15
"12821","V0635","R043",3.33
"12822","V0635","R007",3.35
"12823","V0635","R041",4.45
"12824","V0635","R032",3.1
"12825","V0635","R028",3.11
"12826","V0635","R024",4.06
"12827","V0635","R018",3.34
"12828","V0635","R008",4.71
"12829","V0635","R048",3.5
"12830","V0635","R010",4.92
"12831","V0635","R012",3.36
"12832","V0635","R046",4.8
"12833","V0636","R045",1.53
"12834","V0636","R021",4.06
"12835","V0636","R038",4.83
"12836","V0636","R042",3.7
"12837","V0636","R050",2.44
"12838","V0636","R028",1.39
"12839","V0636","R022",3.31
"12840","V0636","R043",3.11
"12841","V0636","R025",2.23
"12842","V0636","R005",4.94
"12843","V0636","R048",2.93
"12844","V0636","R004",4.22
"12845","V0636","R011",4.38
"12846","V0636","R013",4.61
"12847","V0636","R041",5.14
"12848","V0636","R010",3.98
"12849","V0636","R012",3.04
"12850","V0636","R037",3.3
"12851","V0636","R040",3.82
"12852","V0636","R027",1.77
"12853","V0636","R039",0.95
"12854","V0636","R001",5.1
"12855","V0636","R007",3.87
"12856","V0636","R030",4.01
"12857","V0636","R017",3.31
"12858","V0636","R016",3.12
"12859","V0636","R035",2.99
"12860","V0636","R002",6.35
"12861","V0637","R023",5.3
"12862","V0637","R049",3.18
"12863","V0637","R020",6.52
"12864","V0637","R032",3.84
"12865","V0637","R028",4.3
"12866","V0637","R005",6.64
"12867","V0637","R007",4.2
"12868","V0637","R046",4.35
"12869","V0637","R021",3.9
"12870","V0637","R002",3.72
"12871","V0637","R015",4.18
"12872","V0637","R019",3.5
"12873","V0637","R018",6.25
"12874","V0637","R039",3.2
"12875","V0637","R044",6.51
"12876","V0637","R030",4.29
"12877","V0637","R043",4.21
"12878","V0637","R038",5.24
"12879","V0637","R047",2.48
"12880","V0637","R027",6.04
"12881","V0637","R026",3.65
"12882","V0637","R031",5.71
"12883","V0637","R004",4.92
"12884","V0637","R008",3.51
"12885","V0637","R025",6.65
"12886","V0637","R036",3.04
"12887","V0637","R037",3.78
"12888","V0638","R028",2.54
"12889","V0638","R023",4.73
"12890","V0638","R020",4.5
"12891","V0638","R036",3.16
"12892","V0638","R044",5.19
"12893","V0638","R022",2.31
"12894","V0638","R035",3.47
"12895","V0638","R034",2.38
"12896","V0638","R024",4.08
"12897","V0638","R046",2.64
"12898","V0638","R008",3.14
"12899","V0638","R029",4.43
"12900","V0638","R045",5.45
"12901","V0638","R004",5.58
"12902","V0639","R012",2.21
"12903","V0639","R013",1.35
"12904","V0639","R043",4.44
"12905","V0639","R045",3.91
"12906","V0639","R019",2.83
"12907","V0639","R020",4.78
"12908","V0639","R042",3.37
"12909","V0639","R015",5.96
"12910","V0639","R044",4.29
"12911","V0639","R022",2.57
"12912","V0639","R011",4.03
"12913","V0639","R017",2.96
"12914","V0639","R003",2.69
"12915","V0639","R009",4.25
"12916","V0639","R004",4.59
"12917","V0640","R008",3.36
"12918","V0640","R010",2.9
"12919","V0640","R049",2.1
"12920","V0640","R039",4.14
"12921","V0640","R009",3.66
"12922","V0640","R029",2.71
"12923","V0640","R015",3.43
"12924","V0640","R016",3.35
"12925","V0640","R031",3.05
"12926","V0640","R011",3.87
"12927","V0640","R035",4.06
"12928","V0640","R025",5.25
"12929","V0640","R044",2.67
"12930","V0641","R023",4.17
"12931","V0641","R021",3.31
"12932","V0641","R024",5.39
"12933","V0641","R042",1.74
"12934","V0641","R001",4.18
"12935","V0641","R006",6.64
"12936","V0641","R039",4.04
"12937","V0641","R035",2.17
"12938","V0641","R032",4.79
"12939","V0641","R004",3.39
"12940","V0641","R030",5.54
"12941","V0641","R040",3.63
"12942","V0641","R016",5.64
"12943","V0641","R033",2.18
"12944","V0641","R014",4.9
"12945","V0641","R038",3.15
"12946","V0641","R005",5.15
"12947","V0641","R027",3.03
"12948","V0641","R003",3.74
"12949","V0641","R025",3.36
"12950","V0641","R047",3.41
"12951","V0641","R009",2.96
"12952","V0641","R043",4.95
"12953","V0641","R034",3.72
"12954","V0642","R027",3.26
"12955","V0642","R032",1.97
"12956","V0642","R001",3.58
"12957","V0642","R036",0.76
"12958","V0642","R023",4.58
"12959","V0642","R048",2.77
"12960","V0642","R017",3.76
"12961","V0642","R037",2.48
"12962","V0642","R019",1.87
"12963","V0642","R050",1.85
"12964","V0642","R003",1.72
"12965","V0642","R028",2.27
"12966","V0642","R020",3.06
"12967","V0642","R021",1.03
"12968","V0643","R009",2.04
"12969","V0643","R029",2.01
"12970","V0643","R033",2.72
"12971","V0643","R007",1.8
"12972","V0643","R004",3.32
"12973","V0643","R050",3.93
"12974","V0643","R046",2.05
"12975","V0643","R045",3.1
"12976","V0643","R042",1.53
"12977","V0643","R035",2.63
"12978","V0643","R043",2.72
"12979","V0643","R014",1.65
"12980","V0643","R024",4.25
"12981","V0643","R032",1.93
"12982","V0643","R011",4.78
"12983","V0643","R016",0.8
"12984","V0643","R020",2.8
"12985","V0643","R015",0.39
"12986","V0643","R021",2.73
"12987","V0644","R026",3.74
"12988","V0644","R004",4.04
"12989","V0644","R049",3.33
"12990","V0644","R006",6.07
"12991","V0644","R010",4.1
"12992","V0644","R034",4.67
"12993","V0644","R001",5.74
"12994","V0644","R047",3.35
"12995","V0644","R018",3.34
"12996","V0644","R005",4.14
"12997","V0644","R025",5.17
"12998","V0644","R024",3.05
"12999","V0644","R019",2.98
"13000","V0644","R011",4.01
"13001","V0644","R042",4.41
"13002","V0644","R030",4.61
"13003","V0644","R032",5.25
"13004","V0644","R012",3.64
"13005","V0644","R027",4.49
"13006","V0644","R021",4.31
"13007","V0644","R015",3.77
"13008","V0644","R048",5.95
"13009","V0645","R018",1.88
"13010","V0645","R007",5.8
"13011","V0645","R031",3.65
"13012","V0645","R016",1.84
"13013","V0645","R028",2.62
"13014","V0645","R036",2.42
"13015","V0645","R011",1.7
"13016","V0645","R008",4.38
"13017","V0645","R004",4.39
"13018","V0645","R039",4.43
"13019","V0646","R041",2.97
"13020","V0646","R038",2.89
"13021","V0646","R016",2.78
"13022","V0646","R033",3.92
"13023","V0646","R037",1.26
"13024","V0646","R035",3.37
"13025","V0646","R032",1.8
"13026","V0646","R018",3.94
"13027","V0646","R050",2.89
"13028","V0646","R015",0
"13029","V0646","R019",3.66
"13030","V0646","R040",2.76
"13031","V0646","R002",2.3
"13032","V0646","R043",1.14
"13033","V0646","R044",3.06
"13034","V0646","R031",2.43
"13035","V0646","R028",1.83
"13036","V0646","R003",2.15
"13037","V0647","R012",2.51
"13038","V0647","R016",5.19
"13039","V0647","R010",2.54
"13040","V0647","R013",2.28
"13041","V0647","R019",3.87
"13042","V0647","R020",3.8
"13043","V0647","R025",4.21
"13044","V0647","R037",3.37
"13045","V0647","R035",3.56
"13046","V0647","R041",4.72
"13047","V0647","R021",3.38
"13048","V0647","R005",4.32
"13049","V0647","R028",2.89
"13050","V0647","R049",3.8
"13051","V0647","R001",2.35
"13052","V0647","R034",3.75
"13053","V0647","R008",2.25
"13054","V0647","R045",2.73
"13055","V0647","R009",2.19
"13056","V0647","R022",2.05
"13057","V0647","R002",3.06
"13058","V0647","R031",1.84
"13059","V0647","R040",2.29
"13060","V0647","R043",3.67
"13061","V0647","R018",4.5
"13062","V0647","R030",3.71
"13063","V0648","R023",3.76
"13064","V0648","R046",1.87
"13065","V0648","R025",3.2
"13066","V0648","R044",3.3
"13067","V0648","R030",4.28
"13068","V0648","R009",3.65
"13069","V0648","R012",2.75
"13070","V0648","R005",2.48
"13071","V0648","R037",3.91
"13072","V0648","R032",4.85
"13073","V0648","R008",3.92
"13074","V0648","R019",0.95
"13075","V0648","R010",4.42
"13076","V0648","R003",4.8
"13077","V0648","R038",3.28
"13078","V0648","R016",5.19
"13079","V0648","R022",3.78
"13080","V0648","R049",1.25
"13081","V0648","R002",3.4
"13082","V0648","R043",3.21
"13083","V0648","R028",0
"13084","V0648","R035",3.1
"13085","V0648","R031",5.06
"13086","V0648","R017",3.37
"13087","V0648","R014",3.98
"13088","V0648","R040",3.77
"13089","V0648","R047",4.54
"13090","V0648","R033",4.27
"13091","V0648","R042",3.38
"13092","V0648","R018",4.23
"13093","V0649","R032",4.67
"13094","V0649","R020",3.98
"13095","V0649","R017",3.31
"13096","V0649","R029",2.56
"13097","V0649","R038",3.87
"13098","V0649","R047",1.29
"13099","V0649","R042",2.84
"13100","V0649","R044",5.16
"13101","V0649","R001",5.63
"13102","V0649","R016",5.36
"13103","V0649","R046",3.98
"13104","V0650","R045",4.22
"13105","V0650","R034",4.49
"13106","V0650","R035",2.5
"13107","V0650","R008",4.83
"13108","V0650","R011",3.05
"13109","V0650","R005",5.85
"13110","V0650","R032",2.89
"13111","V0650","R048",3.28
"13112","V0650","R026",3.56
"13113","V0650","R044",3.88
"13114","V0650","R033",3.16
"13115","V0650","R042",3.72
"13116","V0650","R020",3.41
"13117","V0650","R050",3.65
"13118","V0650","R037",3.26
"13119","V0650","R049",3.81
"13120","V0650","R039",3.98
"13121","V0651","R014",3.92
"13122","V0651","R001",4.25
"13123","V0651","R031",6.43
"13124","V0651","R025",3.86
"13125","V0651","R044",4.47
"13126","V0651","R023",3.26
"13127","V0651","R028",1.44
"13128","V0651","R032",3.56
"13129","V0651","R010",3.38
"13130","V0651","R020",3.91
"13131","V0651","R024",3.21
"13132","V0651","R050",3.51
"13133","V0651","R030",3.08
"13134","V0651","R013",3.55
"13135","V0651","R038",2.07
"13136","V0651","R022",3.64
"13137","V0651","R016",4.66
"13138","V0651","R026",4.42
"13139","V0651","R006",2.61
"13140","V0651","R021",1.37
"13141","V0651","R047",5.3
"13142","V0652","R017",4.24
"13143","V0652","R018",3.81
"13144","V0652","R045",3.57
"13145","V0652","R040",3.12
"13146","V0652","R037",1.4
"13147","V0652","R038",2.72
"13148","V0652","R016",2.79
"13149","V0652","R046",4.12
"13150","V0652","R011",3.67
"13151","V0652","R044",2.57
"13152","V0652","R034",3.01
"13153","V0652","R023",1.57
"13154","V0652","R019",2.99
"13155","V0652","R028",2.66
"13156","V0652","R027",3.93
"13157","V0652","R008",4.29
"13158","V0652","R039",5.5
"13159","V0652","R026",5.05
"13160","V0652","R043",2.78
"13161","V0652","R004",2.98
"13162","V0652","R022",1.95
"13163","V0652","R033",2.03
"13164","V0652","R024",1.49
"13165","V0652","R021",2.88
"13166","V0652","R020",3.47
"13167","V0652","R006",2.07
"13168","V0652","R014",1.8
"13169","V0652","R048",3.28
"13170","V0653","R040",3.69
"13171","V0653","R041",2.89
"13172","V0653","R047",3.07
"13173","V0653","R049",1.75
"13174","V0653","R005",3.14
"13175","V0653","R009",5.03
"13176","V0653","R029",4.62
"13177","V0653","R003",4.38
"13178","V0653","R006",3.67
"13179","V0653","R034",3.29
"13180","V0653","R048",2.52
"13181","V0653","R008",1.43
"13182","V0653","R015",2.96
"13183","V0653","R044",1.86
"13184","V0653","R012",2.82
"13185","V0653","R004",3.88
"13186","V0653","R010",2.02
"13187","V0653","R019",4
"13188","V0653","R038",1.92
"13189","V0653","R036",2.42
"13190","V0653","R023",1.59
"13191","V0653","R013",2.98
"13192","V0653","R014",2.73
"13193","V0653","R030",2.06
"13194","V0653","R037",2.7
"13195","V0653","R016",3.06
"13196","V0653","R031",2.11
"13197","V0653","R027",2.55
"13198","V0653","R011",2.91
"13199","V0654","R041",3.52
"13200","V0654","R037",0.81
"13201","V0654","R016",3.04
"13202","V0654","R018",1.82
"13203","V0654","R014",2.47
"13204","V0654","R027",3
"13205","V0654","R030",3.1
"13206","V0654","R040",3.37
"13207","V0654","R039",2.29
"13208","V0654","R017",3.07
"13209","V0654","R004",2.75
"13210","V0654","R050",2.02
"13211","V0654","R021",2.09
"13212","V0654","R025",3.62
"13213","V0654","R024",3.42
"13214","V0654","R047",3.39
"13215","V0654","R049",3.57
"13216","V0654","R007",3.13
"13217","V0654","R044",2.39
"13218","V0654","R045",4.43
"13219","V0654","R032",3.49
"13220","V0654","R022",3.04
"13221","V0654","R019",2.56
"13222","V0655","R022",2.87
"13223","V0655","R039",1.48
"13224","V0655","R049",4.05
"13225","V0655","R013",4.11
"13226","V0655","R032",4.82
"13227","V0655","R012",4.67
"13228","V0655","R011",5.07
"13229","V0655","R030",4.45
"13230","V0655","R028",1.06
"13231","V0655","R046",4.24
"13232","V0655","R003",2.54
"13233","V0655","R044",3.35
"13234","V0655","R029",3.65
"13235","V0655","R042",2.1
"13236","V0655","R001",5.16
"13237","V0655","R009",3.42
"13238","V0655","R016",5.98
"13239","V0655","R040",4.22
"13240","V0655","R021",3.02
"13241","V0655","R008",3.79
"13242","V0655","R043",4.24
"13243","V0655","R023",4.38
"13244","V0655","R010",4.28
"13245","V0656","R012",2.22
"13246","V0656","R049",4.06
"13247","V0656","R037",2.6
"13248","V0656","R023",2.69
"13249","V0656","R006",4.85
"13250","V0656","R041",3.75
"13251","V0656","R026",2.22
"13252","V0656","R035",3.83
"13253","V0656","R018",3.62
"13254","V0656","R004",2.89
"13255","V0656","R050",2.04
"13256","V0656","R001",3.23
"13257","V0656","R038",3.75
"13258","V0656","R015",4.91
"13259","V0656","R008",2.9
"13260","V0656","R009",2.92
"13261","V0656","R034",4.54
"13262","V0656","R042",2.3
"13263","V0657","R020",3.27
"13264","V0657","R017",4.17
"13265","V0657","R035",3.56
"13266","V0657","R040",4.06
"13267","V0657","R025",2.51
"13268","V0657","R048",4.83
"13269","V0657","R007",4.81
"13270","V0657","R010",4.06
"13271","V0657","R026",4.31
"13272","V0657","R002",3.89
"13273","V0657","R019",3.29
"13274","V0657","R012",5.29
"13275","V0657","R014",4.7
"13276","V0657","R004",5.34
"13277","V0657","R009",4.18
"13278","V0657","R049",3.42
"13279","V0658","R049",3.31
"13280","V0658","R024",2.56
"13281","V0658","R041",4.43
"13282","V0658","R007",3.23
"13283","V0658","R016",2.87
"13284","V0658","R040",2.83
"13285","V0658","R019",0.55
"13286","V0658","R032",1.21
"13287","V0658","R036",2.76
"13288","V0658","R010",2.69
"13289","V0658","R033",3.46
"13290","V0658","R026",3.95
"13291","V0658","R031",0.66
"13292","V0658","R029",1.26
"13293","V0659","R028",4.22
"13294","V0659","R013",3.04
"13295","V0659","R048",4.46
"13296","V0659","R040",2.87
"13297","V0659","R009",3.8
"13298","V0659","R006",3.73
"13299","V0659","R001",2.95
"13300","V0659","R029",4.66
"13301","V0659","R041",2.92
"13302","V0659","R018",6.34
"13303","V0659","R025",3.93
"13304","V0660","R019",4.11
"13305","V0660","R014",4.52
"13306","V0660","R025",4.69
"13307","V0660","R045",4.09
"13308","V0660","R048",3.34
"13309","V0660","R046",4.01
"13310","V0660","R044",2.92
"13311","V0660","R050",2.33
"13312","V0660","R034",3.22
"13313","V0660","R020",3.74
"13314","V0660","R037",3.41
"13315","V0660","R007",4.21
"13316","V0660","R032",3.51
"13317","V0660","R018",4.99
"13318","V0660","R036",2.43
"13319","V0660","R035",4.42
"13320","V0660","R011",3.18
"13321","V0660","R023",4.97
"13322","V0661","R041",3.47
"13323","V0661","R043",4.37
"13324","V0661","R031",4.9
"13325","V0661","R016",2.75
"13326","V0661","R042",3.7
"13327","V0661","R036",2.85
"13328","V0661","R001",5.69
"13329","V0661","R017",4.03
"13330","V0661","R034",4.28
"13331","V0661","R028",2.26
"13332","V0661","R048",4.32
"13333","V0661","R038",4.02
"13334","V0661","R005",4.56
"13335","V0661","R024",4.03
"13336","V0661","R050",3.09
"13337","V0661","R002",3.76
"13338","V0661","R020",4.54
"13339","V0661","R025",5.05
"13340","V0661","R004",3.98
"13341","V0661","R029",3.59
"13342","V0661","R045",3.34
"13343","V0661","R033",3.45
"13344","V0661","R047",1.85
"13345","V0661","R015",2.85
"13346","V0661","R035",4.63
"13347","V0661","R023",3.26
"13348","V0662","R032",5.48
"13349","V0662","R033",3.37
"13350","V0662","R017",4.83
"13351","V0662","R044",3.9
"13352","V0662","R003",2.92
"13353","V0662","R038",4.41
"13354","V0662","R021",3.68
"13355","V0662","R024",1.75
"13356","V0662","R029",3.08
"13357","V0662","R019",1.62
"13358","V0662","R028",3.74
"13359","V0662","R047",2.2
"13360","V0662","R007",4.62
"13361","V0662","R012",6.08
"13362","V0662","R027",4.67
"13363","V0662","R010",3.32
"13364","V0663","R047",3.11
"13365","V0663","R024",2.34
"13366","V0663","R025",1.48
"13367","V0663","R009",2.46
"13368","V0663","R007",3.99
"13369","V0663","R045",3.64
"13370","V0663","R031",3.99
"13371","V0663","R015",1.58
"13372","V0663","R048",2.45
"13373","V0663","R017",2.11
"13374","V0663","R037",3.34
"13375","V0663","R016",4.79
"13376","V0663","R012",5.07
"13377","V0663","R019",1.54
"13378","V0663","R003",3.1
"13379","V0663","R001",3.71
"13380","V0664","R032",1.03
"13381","V0664","R009",2.41
"13382","V0664","R029",2.46
"13383","V0664","R014",3.99
"13384","V0664","R015",3.71
"13385","V0664","R020",6.45
"13386","V0664","R030",3
"13387","V0664","R050",2.34
"13388","V0664","R047",3.08
"13389","V0664","R002",6.23
"13390","V0664","R016",5.73
"13391","V0664","R004",4.78
"13392","V0664","R046",3.29
"13393","V0664","R042",3.81
"13394","V0664","R045",3.63
"13395","V0664","R001",3.02
"13396","V0664","R023",3.64
"13397","V0664","R041",3.73
"13398","V0664","R019",3.14
"13399","V0664","R013",2.4
"13400","V0664","R018",5.1
"13401","V0664","R008",5.53
"13402","V0664","R033",3.3
"13403","V0665","R042",3.12
"13404","V0665","R040",4.38
"13405","V0665","R033",2.16
"13406","V0665","R036",1.81
"13407","V0665","R025",7.08
"13408","V0665","R019",2.85
"13409","V0665","R021",2
"13410","V0665","R037",4.42
"13411","V0665","R044",3.9
"13412","V0665","R049",4.76
"13413","V0665","R034",6.33
"13414","V0665","R010",3.92
"13415","V0665","R009",2.18
"13416","V0665","R035",3.01
"13417","V0665","R030",1.04
"13418","V0665","R008",4.91
"13419","V0665","R002",3.45
"13420","V0665","R014",6.4
"13421","V0665","R005",3.43
"13422","V0665","R026",3.89
"13423","V0665","R028",5.18
"13424","V0665","R006",4.11
"13425","V0665","R024",4.28
"13426","V0665","R001",5.23
"13427","V0665","R015",2.21
"13428","V0665","R046",2.49
"13429","V0665","R003",4.98
"13430","V0665","R007",3.81
"13431","V0665","R031",3.77
"13432","V0666","R049",3.82
"13433","V0666","R015",1.3
"13434","V0666","R022",4.26
"13435","V0666","R033",1.46
"13436","V0666","R045",0
"13437","V0666","R030",3.14
"13438","V0666","R023",2.93
"13439","V0666","R017",3.54
"13440","V0666","R029",3.69
"13441","V0666","R018",3.04
"13442","V0666","R032",3.65
"13443","V0666","R012",3.66
"13444","V0666","R037",2.58
"13445","V0666","R042",1.53
"13446","V0666","R031",2.51
"13447","V0666","R047",2.38
"13448","V0666","R007",2.07
"13449","V0666","R024",2.24
"13450","V0666","R025",3.42
"13451","V0666","R014",2.48
"13452","V0666","R009",2.92
"13453","V0666","R038",2.6
"13454","V0666","R026",3.6
"13455","V0666","R008",5.12
"13456","V0666","R019",4.52
"13457","V0666","R004",2.71
"13458","V0666","R002",3.64
"13459","V0666","R020",3.46
"13460","V0667","R045",3.78
"13461","V0667","R025",3.5
"13462","V0667","R026",4.41
"13463","V0667","R028",1.47
"13464","V0667","R003",4.2
"13465","V0667","R016",4.72
"13466","V0667","R001",5.23
"13467","V0667","R004",4.73
"13468","V0667","R022",3.27
"13469","V0667","R018",4.04
"13470","V0667","R006",4.72
"13471","V0667","R037",3.9
"13472","V0667","R007",5.21
"13473","V0667","R046",3.81
"13474","V0667","R027",6.16
"13475","V0667","R014",5.19
"13476","V0667","R035",5.7
"13477","V0667","R043",4.95
"13478","V0667","R020",4.22
"13479","V0667","R041",5.17
"13480","V0667","R010",5.83
"13481","V0667","R040",4.99
"13482","V0667","R038",4.55
"13483","V0667","R044",5.61
"13484","V0667","R050",4.39
"13485","V0667","R030",3.46
"13486","V0667","R008",2.5
"13487","V0667","R047",3.88
"13488","V0668","R029",5.12
"13489","V0668","R023",4.7
"13490","V0668","R037",4.77
"13491","V0668","R019",3.51
"13492","V0668","R017",3.5
"13493","V0668","R044",2.86
"13494","V0668","R030",5.37
"13495","V0668","R046",5.79
"13496","V0668","R048",4.53
"13497","V0668","R011",4.32
"13498","V0668","R042",4.59
"13499","V0668","R028",3.23
"13500","V0668","R025",5.13
"13501","V0668","R007",5.74
"13502","V0668","R041",4.4
"13503","V0668","R012",5.92
"13504","V0668","R038",2.58
"13505","V0668","R027",2.51
"13506","V0668","R036",1.07
"13507","V0668","R002",4.32
"13508","V0668","R005",4.1
"13509","V0668","R003",3.96
"13510","V0668","R004",4.77
"13511","V0668","R020",5.81
"13512","V0668","R047",4.26
"13513","V0668","R009",3.57
"13514","V0669","R005",2.8
"13515","V0669","R028",2.59
"13516","V0669","R003",2.39
"13517","V0669","R045",2.17
"13518","V0669","R007",1.8
"13519","V0669","R011",4.26
"13520","V0669","R049",2.89
"13521","V0669","R020",1.5
"13522","V0669","R013",2.77
"13523","V0669","R009",2.26
"13524","V0669","R041",5.3
"13525","V0669","R018",4.16
"13526","V0669","R012",2.29
"13527","V0669","R023",0.46
"13528","V0669","R021",2.86
"13529","V0669","R037",3.3
"13530","V0669","R026",2.64
"13531","V0669","R008",3.57
"13532","V0669","R015",1.24
"13533","V0669","R006",3.17
"13534","V0669","R027",1.87
"13535","V0670","R021",3.6
"13536","V0670","R003",6.95
"13537","V0670","R037",6.35
"13538","V0670","R039",5.51
"13539","V0670","R044",5.41
"13540","V0670","R025",6.91
"13541","V0670","R019",3.76
"13542","V0670","R041",6.75
"13543","V0670","R032",4.62
"13544","V0670","R038",5
"13545","V0670","R011",5.11
"13546","V0670","R022",3.19
"13547","V0670","R001",5.59
"13548","V0670","R006",5.91
"13549","V0670","R010",6.35
"13550","V0670","R023",6.55
"13551","V0670","R035",5.53
"13552","V0670","R026",7.18
"13553","V0670","R007",7.56
"13554","V0670","R049",6.02
"13555","V0671","R044",2.91
"13556","V0671","R031",1.82
"13557","V0671","R002",0.74
"13558","V0671","R025",0.57
"13559","V0671","R043",2.24
"13560","V0671","R022",2.75
"13561","V0671","R005",0.71
"13562","V0671","R014",2.05
"13563","V0671","R032",0.92
"13564","V0671","R001",3.1
"13565","V0671","R011",2.49
"13566","V0671","R015",1.4
"13567","V0671","R034",3.98
"13568","V0671","R035",0.47
"13569","V0671","R010",2.13
"13570","V0671","R038",3.59
"13571","V0671","R046",2.74
"13572","V0671","R004",1.63
"13573","V0671","R047",1.46
"13574","V0671","R026",2.42
"13575","V0671","R037",3.45
"13576","V0671","R045",3.77
"13577","V0671","R008",2.45
"13578","V0671","R013",1.95
"13579","V0671","R007",1.44
"13580","V0671","R021",3.36
"13581","V0671","R006",1.64
"13582","V0672","R031",4.96
"13583","V0672","R033",4.65
"13584","V0672","R049",3.4
"13585","V0672","R039",5.51
"13586","V0672","R045",3.05
"13587","V0672","R007",5.11
"13588","V0672","R038",4.34
"13589","V0672","R043",4.3
"13590","V0672","R022",4.2
"13591","V0672","R048",3.21
"13592","V0672","R037",4.92
"13593","V0672","R026",3.5
"13594","V0672","R028",2.46
"13595","V0672","R044",4.04
"13596","V0672","R020",3.91
"13597","V0672","R011",4.59
"13598","V0672","R027",3.87
"13599","V0672","R006",3.73
"13600","V0672","R012",4.27
"13601","V0672","R005",4.49
"13602","V0672","R004",3.27
"13603","V0672","R016",4.57
"13604","V0672","R009",5.45
"13605","V0672","R046",3.14
"13606","V0673","R014",4.17
"13607","V0673","R020",3.14
"13608","V0673","R006",4.35
"13609","V0673","R011",3.34
"13610","V0673","R034",4.73
"13611","V0673","R040",2.16
"13612","V0673","R044",4.17
"13613","V0673","R045",3.73
"13614","V0673","R001",3
"13615","V0673","R025",1.4
"13616","V0673","R032",4.09
"13617","V0673","R008",3.54
"13618","V0673","R049",3.93
"13619","V0673","R021",2.51
"13620","V0673","R026",3.41
"13621","V0674","R043",2.68
"13622","V0674","R007",3.89
"13623","V0674","R033",3.36
"13624","V0674","R026",3.45
"13625","V0674","R012",5.58
"13626","V0674","R009",2.91
"13627","V0674","R004",2.16
"13628","V0674","R015",3.28
"13629","V0674","R011",5.31
"13630","V0674","R016",2.91
"13631","V0674","R023",3.84
"13632","V0674","R028",1.87
"13633","V0674","R034",3.44
"13634","V0674","R050",3.08
"13635","V0674","R014",3.97
"13636","V0674","R041",4.37
"13637","V0674","R045",3.07
"13638","V0674","R021",3.27
"13639","V0674","R047",4.65
"13640","V0674","R025",5.19
"13641","V0674","R002",2.99
"13642","V0674","R017",4.62
"13643","V0674","R044",4.42
"13644","V0674","R020",4.87
"13645","V0675","R013",2.83
"13646","V0675","R026",2.08
"13647","V0675","R019",2.19
"13648","V0675","R041",5.23
"13649","V0675","R002",2.29
"13650","V0675","R023",2.99
"13651","V0675","R048",2.83
"13652","V0675","R012",4.04
"13653","V0675","R004",3.51
"13654","V0675","R050",2.91
"13655","V0675","R011",4.32
"13656","V0675","R037",0.73
"13657","V0675","R045",2.98
"13658","V0675","R009",4.16
"13659","V0675","R034",3.66
"13660","V0675","R005",4.08
"13661","V0675","R038",2.32
"13662","V0675","R029",1.12
"13663","V0675","R007",3.63
"13664","V0675","R020",1.55
"13665","V0675","R027",2.74
"13666","V0676","R001",4.99
"13667","V0676","R029",2.44
"13668","V0676","R049",3.23
"13669","V0676","R014",3.05
"13670","V0676","R016",4.37
"13671","V0676","R015",1.36
"13672","V0676","R019",2.32
"13673","V0676","R011",4.97
"13674","V0676","R020",3.9
"13675","V0676","R028",2.59
"13676","V0676","R004",4.85
"13677","V0676","R037",3.29
"13678","V0676","R048",1.86
"13679","V0676","R007",4.19
"13680","V0676","R012",5.47
"13681","V0676","R009",2.74
"13682","V0676","R044",3.7
"13683","V0676","R036",3.59
"13684","V0676","R027",3.01
"13685","V0676","R046",2.51
"13686","V0676","R010",4.68
"13687","V0676","R006",4.18
"13688","V0676","R038",5.22
"13689","V0676","R025",5.4
"13690","V0676","R018",2.66
"13691","V0676","R039",1.06
"13692","V0676","R042",3.56
"13693","V0676","R045",3.06
"13694","V0676","R017",4.28
"13695","V0677","R010",3.74
"13696","V0677","R025",2.67
"13697","V0677","R011",3.66
"13698","V0677","R012",3.81
"13699","V0677","R022",0.65
"13700","V0677","R050",3.19
"13701","V0677","R043",1.98
"13702","V0677","R007",1.93
"13703","V0677","R040",1.53
"13704","V0677","R014",2.71
"13705","V0677","R046",2
"13706","V0677","R039",1.51
"13707","V0677","R029",2.71
"13708","V0677","R018",2.79
"13709","V0677","R005",2.43
"13710","V0677","R033",4.07
"13711","V0677","R020",2.73
"13712","V0677","R036",2.99
"13713","V0677","R006",3.49
"13714","V0677","R004",4.22
"13715","V0677","R008",3.69
"13716","V0677","R013",2.41
"13717","V0678","R038",1.93
"13718","V0678","R033",3.32
"13719","V0678","R041",4.51
"13720","V0678","R020",4.32
"13721","V0678","R029",3.1
"13722","V0678","R006",4.58
"13723","V0678","R016",4.6
"13724","V0678","R026",1.72
"13725","V0678","R005",4.87
"13726","V0678","R001",4.07
"13727","V0679","R001",5.2
"13728","V0679","R017",3.93
"13729","V0679","R023",6.41
"13730","V0679","R044",3.41
"13731","V0679","R035",5.03
"13732","V0679","R013",3.7
"13733","V0679","R031",3.72
"13734","V0679","R030",2.21
"13735","V0679","R040",2.5
"13736","V0679","R014",1.49
"13737","V0679","R045",3.96
"13738","V0679","R043",4.53
"13739","V0679","R008",5.28
"13740","V0679","R002",4.86
"13741","V0679","R009",1.78
"13742","V0679","R016",5.09
"13743","V0679","R034",4.52
"13744","V0679","R024",6.27
"13745","V0679","R048",3.1
"13746","V0679","R020",6.18
"13747","V0679","R041",3.43
"13748","V0679","R047",2.61
"13749","V0679","R018",2.75
"13750","V0679","R042",2.62
"13751","V0679","R039",2.64
"13752","V0679","R004",5.37
"13753","V0679","R049",4.2
"13754","V0680","R004",3.54
"13755","V0680","R043",5.15
"13756","V0680","R044",5.2
"13757","V0680","R048",3.08
"13758","V0680","R015",2.11
"13759","V0680","R006",5.27
"13760","V0680","R027",5.14
"13761","V0680","R014",4.37
"13762","V0680","R002",3.68
"13763","V0680","R033",4.89
"13764","V0680","R005",4.95
"13765","V0680","R016",3.16
"13766","V0680","R024",2.89
"13767","V0680","R034",3.81
"13768","V0680","R028",3.2
"13769","V0680","R012",5.43
"13770","V0680","R049",2.72
"13771","V0680","R039",2.89
"13772","V0680","R029",6.23
"13773","V0680","R036",3.96
"13774","V0680","R001",4.9
"13775","V0680","R018",4.42
"13776","V0680","R007",3.72
"13777","V0681","R018",3.31
"13778","V0681","R034",3.34
"13779","V0681","R016",2.81
"13780","V0681","R002",3.22
"13781","V0681","R009",3.27
"13782","V0681","R008",3.82
"13783","V0681","R049",3.18
"13784","V0681","R001",4.36
"13785","V0681","R014",3.87
"13786","V0681","R036",4.2
"13787","V0681","R030",2.63
"13788","V0681","R038",3.78
"13789","V0681","R035",4.6
"13790","V0681","R013",2.74
"13791","V0681","R040",7.64
"13792","V0681","R004",3.89
"13793","V0681","R024",4.9
"13794","V0681","R041",3.7
"13795","V0681","R027",3.77
"13796","V0681","R029",3.12
"13797","V0681","R042",3.13
"13798","V0681","R046",2.32
"13799","V0681","R045",4.25
"13800","V0681","R025",5.18
"13801","V0681","R026",4.52
"13802","V0681","R011",3.03
"13803","V0681","R003",3.93
"13804","V0681","R010",4.57
"13805","V0681","R050",5.53
"13806","V0682","R033",3.01
"13807","V0682","R035",5.76
"13808","V0682","R014",3.79
"13809","V0682","R016",5.21
"13810","V0682","R004",3.09
"13811","V0682","R040",3.35
"13812","V0682","R003",2.44
"13813","V0682","R032",3.91
"13814","V0682","R012",3.88
"13815","V0682","R034",4.24
"13816","V0682","R045",2.97
"13817","V0682","R022",3.35
"13818","V0682","R031",3.68
"13819","V0682","R021",3
"13820","V0682","R043",5.36
"13821","V0682","R020",2.32
"13822","V0682","R036",4.84
"13823","V0682","R006",4.82
"13824","V0682","R017",3.64
"13825","V0682","R027",1.16
"13826","V0682","R049",5.21
"13827","V0682","R002",2.76
"13828","V0682","R030",1.95
"13829","V0682","R015",3.16
"13830","V0682","R009",3.03
"13831","V0683","R023",1.52
"13832","V0683","R034",3.64
"13833","V0683","R042",2.25
"13834","V0683","R004",2.56
"13835","V0683","R035",1.31
"13836","V0683","R046",3.99
"13837","V0683","R010",3.67
"13838","V0683","R012",4.2
"13839","V0683","R002",4.43
"13840","V0683","R009",2.52
"13841","V0683","R040",3.26
"13842","V0683","R029",1.98
"13843","V0683","R028",1.22
"13844","V0683","R016",3.68
"13845","V0683","R015",2.15
"13846","V0683","R027",3.12
"13847","V0683","R037",2.09
"13848","V0683","R049",4.29
"13849","V0683","R041",4.5
"13850","V0683","R008",3.65
"13851","V0683","R003",2.97
"13852","V0683","R006",5.01
"13853","V0683","R032",2.5
"13854","V0683","R024",1.48
"13855","V0683","R033",4.63
"13856","V0683","R031",4.88
"13857","V0683","R026",2.49
"13858","V0684","R005",6.53
"13859","V0684","R014",4.7
"13860","V0684","R013",4.21
"13861","V0684","R017",2.69
"13862","V0684","R031",5.91
"13863","V0684","R016",4.67
"13864","V0684","R009",4.91
"13865","V0684","R018",4.97
"13866","V0684","R043",5.14
"13867","V0684","R028",2.97
"13868","V0684","R047",5.81
"13869","V0684","R015",4.9
"13870","V0684","R007",4.98
"13871","V0684","R003",5.19
"13872","V0684","R021",3.42
"13873","V0684","R049",3.82
"13874","V0684","R040",4.97
"13875","V0685","R005",4.72
"13876","V0685","R040",5.11
"13877","V0685","R041",5.08
"13878","V0685","R037",4.98
"13879","V0685","R039",5.59
"13880","V0685","R042",3.73
"13881","V0685","R035",2.93
"13882","V0685","R010",4.79
"13883","V0685","R048",3.8
"13884","V0685","R049",3.13
"13885","V0685","R034",4.55
"13886","V0685","R050",5.4
"13887","V0685","R028",4.38
"13888","V0685","R016",4.36
"13889","V0686","R013",2.41
"13890","V0686","R022",3.27
"13891","V0686","R039",2.48
"13892","V0686","R043",5.42
"13893","V0686","R040",2.92
"13894","V0686","R016",3.43
"13895","V0686","R020",4.64
"13896","V0686","R048",4.15
"13897","V0686","R030",3.4
"13898","V0686","R011",3.91
"13899","V0686","R027",1.48
"13900","V0686","R012",4.08
"13901","V0686","R005",3.8
"13902","V0686","R029",3.09
"13903","V0686","R028",2.61
"13904","V0686","R036",3.76
"13905","V0686","R050",2.74
"13906","V0686","R001",3.74
"13907","V0687","R045",4.2
"13908","V0687","R050",4.77
"13909","V0687","R012",6.1
"13910","V0687","R015",1.84
"13911","V0687","R028",4.86
"13912","V0687","R027",4.27
"13913","V0687","R032",5.05
"13914","V0687","R023",5.21
"13915","V0687","R044",4.39
"13916","V0687","R047",2.92
"13917","V0687","R016",6.04
"13918","V0687","R026",5.51
"13919","V0687","R043",5.74
"13920","V0687","R042",4.23
"13921","V0687","R009",3.28
"13922","V0687","R018",2.88
"13923","V0687","R034",4.54
"13924","V0687","R040",3.84
"13925","V0687","R029",4.86
"13926","V0687","R030",2.93
"13927","V0687","R001",4.52
"13928","V0687","R005",5.3
"13929","V0687","R013",4.18
"13930","V0687","R033",3.79
"13931","V0687","R014",5.75
"13932","V0688","R010",1.93
"13933","V0688","R035",3.91
"13934","V0688","R022",2.13
"13935","V0688","R012",6.29
"13936","V0688","R018",1.74
"13937","V0688","R020",5.17
"13938","V0688","R037",3.27
"13939","V0688","R002",4.27
"13940","V0688","R036",3.47
"13941","V0688","R041",3.39
"13942","V0688","R039",3.54
"13943","V0688","R032",4.89
"13944","V0688","R001",3.24
"13945","V0688","R029",4.32
"13946","V0689","R034",1.82
"13947","V0689","R008",5.25
"13948","V0689","R035",4.56
"13949","V0689","R027",3.93
"13950","V0689","R041",3.23
"13951","V0689","R044",4.75
"13952","V0689","R016",4.33
"13953","V0689","R019",4.11
"13954","V0689","R020",2.93
"13955","V0689","R046",2.08
"13956","V0689","R002",3.63
"13957","V0689","R013",0.92
"13958","V0689","R014",2.82
"13959","V0689","R001",3.95
"13960","V0689","R011",2.83
"13961","V0689","R043",3.3
"13962","V0689","R015",4.2
"13963","V0689","R038",3.38
"13964","V0689","R050",4.91
"13965","V0689","R037",3.91
"13966","V0689","R039",3.26
"13967","V0689","R042",5.76
"13968","V0689","R029",3.61
"13969","V0689","R017",5.88
"13970","V0689","R022",1.99
"13971","V0689","R028",1.66
"13972","V0689","R033",5.02
"13973","V0690","R025",3.31
"13974","V0690","R043",2.79
"13975","V0690","R028",2.56
"13976","V0690","R002",2.78
"13977","V0690","R012",3.2
"13978","V0690","R047",3.05
"13979","V0690","R015",2.25
"13980","V0690","R046",3.13
"13981","V0690","R036",4.58
"13982","V0690","R023",3.51
"13983","V0690","R039",1.82
"13984","V0690","R034",2.05
"13985","V0690","R035",1.58
"13986","V0690","R016",2.9
"13987","V0690","R020",2.83
"13988","V0690","R018",2.65
"13989","V0690","R017",3.41
"13990","V0690","R037",3.75
"13991","V0690","R014",3.06
"13992","V0690","R022",2.63
"13993","V0690","R007",3.12
"13994","V0690","R019",3.23
"13995","V0690","R027",3.73
"13996","V0690","R008",2.92
"13997","V0690","R001",3.19
"13998","V0690","R021",0.23
"13999","V0691","R039",3.87
"14000","V0691","R045",4.01
"14001","V0691","R038",3.96
"14002","V0691","R024",4.16
"14003","V0691","R043",4.06
"14004","V0691","R016",1.97
"14005","V0691","R013",2.7
"14006","V0691","R019",2.53
"14007","V0691","R025",3.49
"14008","V0691","R007",5.28
"14009","V0691","R008",2.81
"14010","V0691","R041",3.59
"14011","V0691","R010",4.17
"14012","V0691","R011",3.45
"14013","V0691","R036",3.51
"14014","V0691","R009",3.85
"14015","V0691","R037",2.14
"14016","V0691","R042",2.52
"14017","V0691","R030",4.92
"14018","V0691","R005",4.05
"14019","V0691","R014",3.98
"14020","V0691","R026",5.16
"14021","V0691","R049",3.05
"14022","V0691","R001",5.37
"14023","V0691","R033",2.99
"14024","V0691","R028",3.36
"14025","V0691","R004",4.11
"14026","V0691","R050",3.07
"14027","V0691","R012",4.14
"14028","V0692","R033",4.55
"14029","V0692","R018",4.13
"14030","V0692","R031",4.77
"14031","V0692","R034",3.27
"14032","V0692","R039",2.28
"14033","V0692","R049",3.74
"14034","V0692","R040",4.55
"14035","V0692","R021",2.45
"14036","V0692","R002",3.76
"14037","V0692","R047",3.36
"14038","V0692","R024",3.95
"14039","V0692","R041",4.03
"14040","V0692","R017",3.68
"14041","V0692","R019",3.98
"14042","V0692","R045",3.42
"14043","V0692","R027",3.37
"14044","V0692","R020",3.16
"14045","V0692","R007",4.8
"14046","V0692","R030",5.17
"14047","V0692","R050",3.67
"14048","V0692","R046",2.72
"14049","V0692","R005",3.23
"14050","V0692","R036",2.51
"14051","V0692","R026",3.06
"14052","V0692","R032",3.71
"14053","V0692","R035",5.34
"14054","V0692","R013",2.5
"14055","V0692","R008",3.19
"14056","V0692","R012",3.84
"14057","V0693","R019",1.79
"14058","V0693","R028",3.19
"14059","V0693","R013",1.83
"14060","V0693","R006",3.92
"14061","V0693","R049",2.99
"14062","V0693","R020",1.74
"14063","V0693","R036",4.52
"14064","V0693","R007",3.16
"14065","V0693","R031",5
"14066","V0693","R038",1.1
"14067","V0693","R042",2.88
"14068","V0693","R014",1.78
"14069","V0693","R044",3.26
"14070","V0693","R030",3.8
"14071","V0693","R046",3.72
"14072","V0693","R029",1.05
"14073","V0693","R024",4.09
"14074","V0693","R041",5.33
"14075","V0693","R011",3.56
"14076","V0694","R033",1.46
"14077","V0694","R030",1.73
"14078","V0694","R036",3.9
"14079","V0694","R037",1.72
"14080","V0694","R011",3.77
"14081","V0694","R016",3.22
"14082","V0694","R025",1.31
"14083","V0694","R032",2.92
"14084","V0694","R029",1.37
"14085","V0694","R038",2.95
"14086","V0694","R023",3.21
"14087","V0694","R005",3.03
"14088","V0694","R020",2.61
"14089","V0694","R031",2.46
"14090","V0694","R028",2.23
"14091","V0694","R043",3.75
"14092","V0694","R024",3.81
"14093","V0694","R012",2.65
"14094","V0694","R027",1.73
"14095","V0694","R049",2.05
"14096","V0694","R050",2.76
"14097","V0694","R042",3.49
"14098","V0694","R003",3.95
"14099","V0694","R018",2.64
"14100","V0694","R022",0.99
"14101","V0694","R001",4.84
"14102","V0695","R011",2.05
"14103","V0695","R031",3.09
"14104","V0695","R007",4.72
"14105","V0695","R049",2.81
"14106","V0695","R038",1.38
"14107","V0695","R018",1.82
"14108","V0695","R014",2.72
"14109","V0695","R028",2.81
"14110","V0695","R026",3.08
"14111","V0695","R002",2.29
"14112","V0695","R021",1.85
"14113","V0695","R048",5.04
"14114","V0695","R033",4.03
"14115","V0696","R045",2.77
"14116","V0696","R047",2.35
"14117","V0696","R024",3.18
"14118","V0696","R033",3.29
"14119","V0696","R013",1.28
"14120","V0696","R018",2.99
"14121","V0696","R037",2.94
"14122","V0696","R006",1.19
"14123","V0696","R030",4.31
"14124","V0696","R023",2.83
"14125","V0696","R009",2.74
"14126","V0696","R028",2.76
"14127","V0696","R027",1.43
"14128","V0696","R002",2.67
"14129","V0696","R007",2.95
"14130","V0697","R027",2.94
"14131","V0697","R021",1.82
"14132","V0697","R039",2.22
"14133","V0697","R035",3.1
"14134","V0697","R014",4.02
"14135","V0697","R032",4.05
"14136","V0697","R015",3.63
"14137","V0697","R049",4.08
"14138","V0697","R047",3.22
"14139","V0697","R044",3.8
"14140","V0697","R026",5.62
"14141","V0697","R022",3.7
"14142","V0697","R020",3.03
"14143","V0697","R016",3.55
"14144","V0697","R008",3.73
"14145","V0697","R029",2.94
"14146","V0697","R004",2.45
"14147","V0697","R005",3.3
"14148","V0697","R017",4.77
"14149","V0697","R040",4.47
"14150","V0698","R002",3.17
"14151","V0698","R014",3.82
"14152","V0698","R042",3.69
"14153","V0698","R034",4.8
"14154","V0698","R039",4.65
"14155","V0698","R018",5.99
"14156","V0698","R007",2.47
"14157","V0698","R019",2.79
"14158","V0698","R017",3.84
"14159","V0698","R050",4.32
"14160","V0698","R023",2.09
"14161","V0698","R030",2.52
"14162","V0698","R015",1.58
"14163","V0698","R006",2.03
"14164","V0698","R010",4.44
"14165","V0698","R044",5.71
"14166","V0698","R033",4.53
"14167","V0699","R004",2.93
"14168","V0699","R005",2.46
"14169","V0699","R040",5.04
"14170","V0699","R044",3.99
"14171","V0699","R013",0.42
"14172","V0699","R019",3.12
"14173","V0699","R032",2.87
"14174","V0699","R010",4.59
"14175","V0699","R033",3.46
"14176","V0699","R039",3.36
"14177","V0699","R043",2.39
"14178","V0699","R036",2.16
"14179","V0699","R029",3.67
"14180","V0699","R048",1.89
"14181","V0700","R043",2.61
"14182","V0700","R032",2.97
"14183","V0700","R019",2.11
"14184","V0700","R004",2.09
"14185","V0700","R035",3.66
"14186","V0700","R010",2.33
"14187","V0700","R045",1.99
"14188","V0700","R022",1.45
"14189","V0700","R017",2.86
"14190","V0700","R036",3.42
"14191","V0701","R009",0.23
"14192","V0701","R001",1.84
"14193","V0701","R022",1.74
"14194","V0701","R025",1.08
"14195","V0701","R041",2
"14196","V0701","R010",1.2
"14197","V0701","R017",3.28
"14198","V0701","R029",1.53
"14199","V0701","R019",0.9
"14200","V0701","R021",0.76
"14201","V0701","R018",1.7
"14202","V0701","R003",2.37
"14203","V0701","R035",2.64
"14204","V0701","R014",3.07
"14205","V0701","R033",2.87
"14206","V0701","R043",1.78
"14207","V0701","R049",2.82
"14208","V0701","R032",2.41
"14209","V0701","R037",0.6
"14210","V0701","R024",0.6
"14211","V0701","R036",2.25
"14212","V0701","R005",1.16
"14213","V0701","R023",1.27
"14214","V0701","R048",3.55
"14215","V0701","R015",0.45
"14216","V0701","R008",1.32
"14217","V0701","R020",2.35
"14218","V0701","R002",0.84
"14219","V0701","R050",2.99
"14220","V0701","R011",2.98
"14221","V0702","R040",2.43
"14222","V0702","R036",1.76
"14223","V0702","R039",3.52
"14224","V0702","R038",3.82
"14225","V0702","R046",3.85
"14226","V0702","R018",3.22
"14227","V0702","R025",3.83
"14228","V0702","R021",2.65
"14229","V0702","R032",3.19
"14230","V0702","R009",3.38
"14231","V0702","R031",3.34
"14232","V0702","R016",3.65
"14233","V0702","R042",2.11
"14234","V0702","R027",1.53
"14235","V0702","R003",1.49
"14236","V0702","R037",2.74
"14237","V0702","R026",3.39
"14238","V0702","R047",3.25
"14239","V0702","R049",2.55
"14240","V0703","R004",5.93
"14241","V0703","R038",3.11
"14242","V0703","R030",3.7
"14243","V0703","R028",4.33
"14244","V0703","R015",3.8
"14245","V0703","R024",2.23
"14246","V0703","R037",3.01
"14247","V0703","R044",3.99
"14248","V0703","R021",3.3
"14249","V0703","R036",3.27
"14250","V0703","R046",3.06
"14251","V0703","R003",5.1
"14252","V0703","R048",2.72
"14253","V0703","R034",2.81
"14254","V0703","R027",5.26
"14255","V0703","R029",2.59
"14256","V0703","R041",4.74
"14257","V0703","R011",3.93
"14258","V0703","R009",3.73
"14259","V0703","R032",5.87
"14260","V0703","R039",3.73
"14261","V0703","R014",3.41
"14262","V0703","R050",4.21
"14263","V0703","R047",3.72
"14264","V0703","R001",6.49
"14265","V0704","R003",1.74
"14266","V0704","R031",2.6
"14267","V0704","R023",2.67
"14268","V0704","R032",3.56
"14269","V0704","R006",3.14
"14270","V0704","R029",1.88
"14271","V0704","R024",2.82
"14272","V0704","R008",3.35
"14273","V0704","R021",2.13
"14274","V0704","R025",4.35
"14275","V0704","R028",1.84
"14276","V0704","R005",2.91
"14277","V0704","R037",2.02
"14278","V0704","R050",2.43
"14279","V0704","R048",3.89
"14280","V0704","R016",4.82
"14281","V0704","R038",3.02
"14282","V0705","R015",2.83
"14283","V0705","R031",5.21
"14284","V0705","R011",2.08
"14285","V0705","R014",3.7
"14286","V0705","R016",4.84
"14287","V0705","R026",4.66
"14288","V0705","R005",4.08
"14289","V0705","R001",3.23
"14290","V0705","R035",4.29
"14291","V0705","R009",2.48
"14292","V0705","R039",5.05
"14293","V0705","R045",3.85
"14294","V0705","R027",2.18
"14295","V0705","R041",5.16
"14296","V0705","R046",4.6
"14297","V0705","R007",4.46
"14298","V0705","R010",4.44
"14299","V0705","R022",2.19
"14300","V0705","R003",2.78
"14301","V0705","R013",3.15
"14302","V0705","R034",4.1
"14303","V0705","R017",2.31
"14304","V0705","R036",3.5
"14305","V0705","R028",1.65
"14306","V0705","R042",3.5
"14307","V0705","R008",4.4
"14308","V0705","R021",2.12
"14309","V0706","R035",5.72
"14310","V0706","R018",8.19
"14311","V0706","R039",2.67
"14312","V0706","R006",5.91
"14313","V0706","R011",4.93
"14314","V0706","R013",5.19
"14315","V0706","R014",5.5
"14316","V0706","R045",4.4
"14317","V0706","R005",4.23
"14318","V0706","R038",4.78
"14319","V0706","R029",5.16
"14320","V0706","R016",5.68
"14321","V0706","R048",3.55
"14322","V0706","R021",4.14
"14323","V0706","R004",5.56
"14324","V0706","R010",4.96
"14325","V0706","R034",3.7
"14326","V0706","R023",5.41
"14327","V0706","R032",3.71
"14328","V0706","R036",3.61
"14329","V0706","R047",3.58
"14330","V0706","R015",4.37
"14331","V0706","R043",6.67
"14332","V0706","R028",3.45
"14333","V0706","R049",4.88
"14334","V0706","R012",6.5
"14335","V0706","R025",4.52
"14336","V0706","R024",3.87
"14337","V0706","R044",4.52
"14338","V0707","R032",3.61
"14339","V0707","R035",1.75
"14340","V0707","R027",2.96
"14341","V0707","R015",0
"14342","V0707","R044",1.84
"14343","V0707","R042",2.1
"14344","V0707","R036",2.69
"14345","V0707","R002",2.41
"14346","V0707","R022",0
"14347","V0707","R039",0.92
"14348","V0707","R009",1.11
"14349","V0707","R024",3.21
"14350","V0707","R028",1.49
"14351","V0707","R046",1.04
"14352","V0707","R013",1.51
"14353","V0707","R026",0.86
"14354","V0707","R050",3.49
"14355","V0707","R004",2.63
"14356","V0707","R031",3.38
"14357","V0707","R001",0.93
"14358","V0707","R008",1.85
"14359","V0707","R037",2.48
"14360","V0707","R045",1.93
"14361","V0707","R012",1.63
"14362","V0707","R025",4.13
"14363","V0707","R016",3.1
"14364","V0707","R003",2.03
"14365","V0707","R018",1.49
"14366","V0707","R048",2.51
"14367","V0708","R039",5.01
"14368","V0708","R028",3.73
"14369","V0708","R008",1.74
"14370","V0708","R032",4.45
"14371","V0708","R041",3.1
"14372","V0708","R027",3.29
"14373","V0708","R033",2.1
"14374","V0708","R024",4.3
"14375","V0708","R009",3.12
"14376","V0708","R014",4.28
"14377","V0708","R001",4.33
"14378","V0708","R047",2.62
"14379","V0709","R014",2.35
"14380","V0709","R038",3.31
"14381","V0709","R010",3.27
"14382","V0709","R018",2.69
"14383","V0709","R005",1.77
"14384","V0709","R027",3.35
"14385","V0709","R009",3.65
"14386","V0709","R036",2.44
"14387","V0709","R013",2.7
"14388","V0709","R003",3.89
"14389","V0709","R026",2.8
"14390","V0709","R048",3.87
"14391","V0710","R045",3.06
"14392","V0710","R044",3.44
"14393","V0710","R038",2.29
"14394","V0710","R012",5.94
"14395","V0710","R020",6.11
"14396","V0710","R047",3.49
"14397","V0710","R039",4.01
"14398","V0710","R043",3.31
"14399","V0710","R050",5.88
"14400","V0710","R030",3.54
"14401","V0710","R048",3.43
"14402","V0710","R037",4.37
"14403","V0710","R024",3.19
"14404","V0710","R002",4.36
"14405","V0710","R041",3.81
"14406","V0710","R003",3.88
"14407","V0710","R017",4.53
"14408","V0710","R022",4.26
"14409","V0710","R009",5.25
"14410","V0710","R040",4.88
"14411","V0710","R027",5.09
"14412","V0711","R031",5.53
"14413","V0711","R028",1.8
"14414","V0711","R036",3.78
"14415","V0711","R041",3.69
"14416","V0711","R037",4.37
"14417","V0711","R035",2.2
"14418","V0711","R021",1.94
"14419","V0711","R025",4.85
"14420","V0711","R040",3.32
"14421","V0711","R038",4.79
"14422","V0711","R050",2.51
"14423","V0711","R029",3.17
"14424","V0711","R042",2.87
"14425","V0711","R044",2.45
"14426","V0711","R018",5.32
"14427","V0711","R020",4.51
"14428","V0711","R049",2.86
"14429","V0711","R013",1.4
"14430","V0711","R019",2.83
"14431","V0711","R001",4.68
"14432","V0711","R005",3.13
"14433","V0711","R033",3.27
"14434","V0711","R045",3.16
"14435","V0711","R024",4.72
"14436","V0711","R032",4.69
"14437","V0711","R043",3.53
"14438","V0711","R026",5.28
"14439","V0711","R016",3.62
"14440","V0712","R010",4.31
"14441","V0712","R048",2.33
"14442","V0712","R039",2.96
"14443","V0712","R029",4.16
"14444","V0712","R041",3.96
"14445","V0712","R043",2.73
"14446","V0712","R044",3.76
"14447","V0712","R014",2.95
"14448","V0712","R004",3.7
"14449","V0712","R028",2.69
"14450","V0712","R032",3.7
"14451","V0712","R024",3.18
"14452","V0712","R047",1.03
"14453","V0712","R040",5.29
"14454","V0713","R027",4.44
"14455","V0713","R002",2.41
"14456","V0713","R034",4.82
"14457","V0713","R033",3.15
"14458","V0713","R036",3.79
"14459","V0713","R028",2.83
"14460","V0713","R007",3.99
"14461","V0713","R005",5.02
"14462","V0713","R009",2.63
"14463","V0713","R029",3.11
"14464","V0713","R047",2.97
"14465","V0713","R040",3.85
"14466","V0713","R041",2.98
"14467","V0713","R023",4.07
"14468","V0713","R019",4.75
"14469","V0714","R011",4.67
"14470","V0714","R004",2.11
"14471","V0714","R006",4.89
"14472","V0714","R035",4.52
"14473","V0714","R012",4.2
"14474","V0714","R039",3.34
"14475","V0714","R027",3.48
"14476","V0714","R024",4.38
"14477","V0714","R032",2.24
"14478","V0714","R003",4.39
"14479","V0714","R042",4.43
"14480","V0714","R001",3.32
"14481","V0714","R009",2.53
"14482","V0714","R034",3.99
"14483","V0714","R038",4.26
"14484","V0714","R020",4.97
"14485","V0715","R049",4.95
"14486","V0715","R022",3.85
"14487","V0715","R043",4.56
"14488","V0715","R042",2.19
"14489","V0715","R036",2.99
"14490","V0715","R018",3.93
"14491","V0715","R031",3.9
"14492","V0715","R010",4.2
"14493","V0715","R001",3.13
"14494","V0715","R011",4.23
"14495","V0715","R035",3.8
"14496","V0715","R023",4.93
"14497","V0715","R012",4.74
"14498","V0715","R026",4.1
"14499","V0715","R009",2.78
"14500","V0715","R038",5.17
"14501","V0715","R046",4.74
"14502","V0715","R005",3.76
"14503","V0715","R037",2.56
"14504","V0715","R050",4.46
"14505","V0715","R047",4.55
"14506","V0715","R044",1.19
"14507","V0716","R026",4.47
"14508","V0716","R036",1.61
"14509","V0716","R023",4.16
"14510","V0716","R050",3.82
"14511","V0716","R043",2.33
"14512","V0716","R027",2.35
"14513","V0716","R006",3.62
"14514","V0716","R011",2.8
"14515","V0716","R031",0.63
"14516","V0716","R039",2.04
"14517","V0716","R017",2.5
"14518","V0716","R046",4.56
"14519","V0716","R034",4.61
"14520","V0716","R047",4.01
"14521","V0716","R045",2.08
"14522","V0716","R044",2.91
"14523","V0716","R001",1.39
"14524","V0716","R015",2.03
"14525","V0716","R022",1.69
"14526","V0717","R050",5.8
"14527","V0717","R017",3.53
"14528","V0717","R006",5.04
"14529","V0717","R046",2.87
"14530","V0717","R015",2.78
"14531","V0717","R022",2.62
"14532","V0717","R011",2.97
"14533","V0717","R012",6.25
"14534","V0717","R010",4.21
"14535","V0717","R032",4.47
"14536","V0717","R033",4.4
"14537","V0717","R044",4.66
"14538","V0717","R034",4.37
"14539","V0717","R028",4.16
"14540","V0717","R002",3.71
"14541","V0717","R023",4.22
"14542","V0717","R030",3.87
"14543","V0717","R041",4.05
"14544","V0717","R042",4.47
"14545","V0717","R018",2.3
"14546","V0717","R019",3.62
"14547","V0717","R025",5.64
"14548","V0717","R040",3.55
"14549","V0717","R009",4.11
"14550","V0717","R026",3.61
"14551","V0717","R048",4.73
"14552","V0717","R005",5.64
"14553","V0717","R043",5.06
"14554","V0717","R045",2.8
"14555","V0718","R012",5.4
"14556","V0718","R028",2.95
"14557","V0718","R010",4.51
"14558","V0718","R024",6.44
"14559","V0718","R029",4.46
"14560","V0718","R017",3.88
"14561","V0718","R001",7.07
"14562","V0718","R026",4.1
"14563","V0718","R022",3.92
"14564","V0718","R048",5.92
"14565","V0718","R004",6.05
"14566","V0718","R007",5.1
"14567","V0718","R011",3.77
"14568","V0718","R002",4.49
"14569","V0718","R041",5.94
"14570","V0718","R039",4.58
"14571","V0718","R047",3.62
"14572","V0718","R031",5.18
"14573","V0718","R032",5.11
"14574","V0718","R013",5.05
"14575","V0718","R036",2.86
"14576","V0718","R006",4.28
"14577","V0718","R038",3.32
"14578","V0718","R016",3.02
"14579","V0718","R035",6.27
"14580","V0718","R003",6.27
"14581","V0719","R004",4.33
"14582","V0719","R031",2.76
"14583","V0719","R033",4.17
"14584","V0719","R024",1.78
"14585","V0719","R038",4.97
"14586","V0719","R009",3.26
"14587","V0719","R023",3.58
"14588","V0719","R027",4.79
"14589","V0719","R043",4.69
"14590","V0719","R030",2.37
"14591","V0719","R039",3.8
"14592","V0719","R007",3.15
"14593","V0719","R006",3.06
"14594","V0719","R011",4.56
"14595","V0719","R018",4.71
"14596","V0719","R042",2.4
"14597","V0719","R017",3.89
"14598","V0719","R005",3.89
"14599","V0719","R037",3.24
"14600","V0719","R047",4.12
"14601","V0719","R001",3.21
"14602","V0719","R015",5.31
"14603","V0719","R040",5.22
"14604","V0719","R002",3.22
"14605","V0719","R021",2.18
"14606","V0719","R050",3.72
"14607","V0719","R049",3.75
"14608","V0719","R036",3.46
"14609","V0719","R003",3.34
"14610","V0720","R016",3.17
"14611","V0720","R028",2.72
"14612","V0720","R047",3.01
"14613","V0720","R027",4.15
"14614","V0720","R012",5.66
"14615","V0720","R050",3.53
"14616","V0720","R019",4.84
"14617","V0720","R017",3.01
"14618","V0720","R009",2.17
"14619","V0720","R025",3.07
"14620","V0720","R005",4.44
"14621","V0720","R039",2.98
"14622","V0720","R004",4.38
"14623","V0720","R013",4.17
"14624","V0720","R046",2.79
"14625","V0720","R011",5.36
"14626","V0720","R049",4.2
"14627","V0720","R014",3.5
"14628","V0720","R043",3.42
"14629","V0720","R033",3.65
"14630","V0720","R038",2.26
"14631","V0720","R008",2.65
"14632","V0720","R015",4.72
"14633","V0720","R020",4.05
"14634","V0720","R024",4.35
"14635","V0721","R032",1.56
"14636","V0721","R039",1.97
"14637","V0721","R026",1.96
"14638","V0721","R037",2.65
"14639","V0721","R036",1.15
"14640","V0721","R018",3.89
"14641","V0721","R010",3.86
"14642","V0721","R028",2.31
"14643","V0721","R040",1.67
"14644","V0721","R024",2.94
"14645","V0721","R033",2.72
"14646","V0721","R021",0
"14647","V0721","R005",3.43
"14648","V0721","R012",3.61
"14649","V0721","R050",3
"14650","V0721","R045",2.17
"14651","V0721","R015",2.25
"14652","V0721","R049",1.92
"14653","V0721","R025",4.05
"14654","V0721","R002",2.66
"14655","V0722","R036",3.12
"14656","V0722","R023",5.28
"14657","V0722","R022",5.34
"14658","V0722","R037",5.03
"14659","V0722","R045",2.96
"14660","V0722","R041",7.26
"14661","V0722","R027",3.02
"14662","V0722","R048",4.03
"14663","V0722","R016",1.4
"14664","V0722","R025",4.49
"14665","V0722","R012",5.51
"14666","V0722","R003",5.36
"14667","V0722","R039",3.02
"14668","V0722","R013",4.69
"14669","V0722","R044",5.81
"14670","V0722","R005",1.51
"14671","V0722","R026",5.24
"14672","V0722","R040",4.14
"14673","V0723","R015",0
"14674","V0723","R010",3.65
"14675","V0723","R028",2.74
"14676","V0723","R021",2.77
"14677","V0723","R002",1.98
"14678","V0723","R013",0.17
"14679","V0723","R037",1.11
"14680","V0723","R041",2.46
"14681","V0723","R047",2.43
"14682","V0723","R036",1.5
"14683","V0723","R003",2.04
"14684","V0723","R040",2.75
"14685","V0723","R050",2.05
"14686","V0723","R025",3.06
"14687","V0723","R001",1.49
"14688","V0723","R038",2.07
"14689","V0724","R041",4.13
"14690","V0724","R050",3.91
"14691","V0724","R010",2.65
"14692","V0724","R009",2.72
"14693","V0724","R008",4.88
"14694","V0724","R032",4.56
"14695","V0724","R006",2.51
"14696","V0724","R027",2.67
"14697","V0724","R021",3.25
"14698","V0724","R011",1.76
"14699","V0724","R002",3.24
"14700","V0724","R007",3.01
"14701","V0724","R023",3.3
"14702","V0724","R004",4.47
"14703","V0724","R028",1.46
"14704","V0724","R012",3.38
"14705","V0724","R042",2.84
"14706","V0724","R003",4.17
"14707","V0725","R012",3.97
"14708","V0725","R008",1.61
"14709","V0725","R032",1.58
"14710","V0725","R038",1.32
"14711","V0725","R036",2.68
"14712","V0725","R040",4.14
"14713","V0725","R006",4.84
"14714","V0725","R025",1.84
"14715","V0725","R021",3.41
"14716","V0725","R050",2.56
"14717","V0725","R031",4.95
"14718","V0725","R037",3.5
"14719","V0725","R004",4.87
"14720","V0725","R017",1.93
"14721","V0725","R041",3.07
"14722","V0725","R048",2.46
"14723","V0725","R003",3.11
"14724","V0725","R026",3.13
"14725","V0725","R015",2.23
"14726","V0725","R027",1.87
"14727","V0725","R028",2.06
"14728","V0725","R019",1.82
"14729","V0725","R044",1.96
"14730","V0725","R029",3.93
"14731","V0725","R046",3.69
"14732","V0726","R043",2.63
"14733","V0726","R020",4.39
"14734","V0726","R024",2.99
"14735","V0726","R008",4.18
"14736","V0726","R021",2.34
"14737","V0726","R039",3.75
"14738","V0726","R046",4.14
"14739","V0726","R003",3.37
"14740","V0726","R037",3.12
"14741","V0726","R035",3.84
"14742","V0726","R044",2.87
"14743","V0726","R005",5.28
"14744","V0726","R014",3.23
"14745","V0726","R007",3.54
"14746","V0726","R025",3.71
"14747","V0726","R023",2.99
"14748","V0726","R036",4.64
"14749","V0726","R049",3.07
"14750","V0726","R018",3.23
"14751","V0726","R033",2.89
"14752","V0726","R013",2.9
"14753","V0726","R050",2.95
"14754","V0726","R016",4.72
"14755","V0727","R013",1.09
"14756","V0727","R033",3.56
"14757","V0727","R050",2.98
"14758","V0727","R012",3.54
"14759","V0727","R034",3.74
"14760","V0727","R009",3.24
"14761","V0727","R043",4.27
"14762","V0727","R027",3.36
"14763","V0727","R029",3.24
"14764","V0727","R025",6.02
"14765","V0727","R044",4.25
"14766","V0727","R011",0.9
"14767","V0727","R037",2.44
"14768","V0727","R023",4.8
"14769","V0727","R001",4.4
"14770","V0727","R015",2.97
"14771","V0727","R041",3.23
"14772","V0727","R039",1.69
"14773","V0727","R048",4.86
"14774","V0727","R042",2.36
"14775","V0727","R010",1.71
"14776","V0727","R005",5.82
"14777","V0727","R020",3.34
"14778","V0727","R022",1.6
"14779","V0728","R044",4.61
"14780","V0728","R035",5.17
"14781","V0728","R009",4.45
"14782","V0728","R021",2.52
"14783","V0728","R042",3.11
"14784","V0728","R019",4.08
"14785","V0728","R039",2.67
"14786","V0728","R014",5.45
"14787","V0728","R017",3.6
"14788","V0728","R038",3.59
"14789","V0729","R002",4.52
"14790","V0729","R023",6.92
"14791","V0729","R013",4.17
"14792","V0729","R033",3.5
"14793","V0729","R030",5.08
"14794","V0729","R027",4.89
"14795","V0729","R034",4.52
"14796","V0729","R044",3.74
"14797","V0729","R025",6.29
"14798","V0729","R005",5.07
"14799","V0729","R021",3.99
"14800","V0729","R016",7.82
"14801","V0729","R029",4.34
"14802","V0729","R050",4.76
"14803","V0729","R009",5.81
"14804","V0730","R016",2.5
"14805","V0730","R020",2.67
"14806","V0730","R049",3.41
"14807","V0730","R019",1.64
"14808","V0730","R026",3.39
"14809","V0730","R035",3.59
"14810","V0730","R021",1.74
"14811","V0730","R039",3.2
"14812","V0730","R006",5.37
"14813","V0730","R001",3.52
"14814","V0730","R029",2.4
"14815","V0730","R009",1.39
"14816","V0730","R015",3.42
"14817","V0730","R030",3.17
"14818","V0730","R011",3.08
"14819","V0730","R032",2.58
"14820","V0730","R025",2.36
"14821","V0730","R043",4.33
"14822","V0730","R008",3.05
"14823","V0730","R007",4.02
"14824","V0730","R013",2.79
"14825","V0730","R033",3.43
"14826","V0730","R002",1.69
"14827","V0730","R045",2.96
"14828","V0731","R014",2.24
"14829","V0731","R035",3.79
"14830","V0731","R005",2.8
"14831","V0731","R048",1.85
"14832","V0731","R031",5
"14833","V0731","R003",3.45
"14834","V0731","R036",2.76
"14835","V0731","R007",5.75
"14836","V0731","R033",1.75
"14837","V0731","R029",3.07
"14838","V0731","R030",4.45
"14839","V0731","R043",4.02
"14840","V0731","R042",3.71
"14841","V0731","R004",5.19
"14842","V0731","R022",3.44
"14843","V0731","R034",3.11
"14844","V0731","R024",3.51
"14845","V0731","R015",1.09
"14846","V0731","R009",1.31
"14847","V0731","R046",4.16
"14848","V0731","R017",1.83
"14849","V0731","R038",4.45
"14850","V0731","R021",3.64
"14851","V0731","R008",2.02
"14852","V0731","R019",3.24
"14853","V0732","R032",3.4
"14854","V0732","R022",3.84
"14855","V0732","R016",5.62
"14856","V0732","R048",2.89
"14857","V0732","R038",3.06
"14858","V0732","R008",3.08
"14859","V0732","R039",1.94
"14860","V0732","R044",4.93
"14861","V0732","R004",3.25
"14862","V0732","R031",3.56
"14863","V0732","R015",3.38
"14864","V0732","R050",3.01
"14865","V0733","R022",2.77
"14866","V0733","R003",4.23
"14867","V0733","R030",0.77
"14868","V0733","R033",2.13
"14869","V0733","R027",4.05
"14870","V0733","R032",3.7
"14871","V0733","R005",2.4
"14872","V0733","R024",4.49
"14873","V0733","R044",3.14
"14874","V0733","R017",2.72
"14875","V0733","R023",3.18
"14876","V0733","R038",2.55
"14877","V0733","R031",5.04
"14878","V0733","R045",3.47
"14879","V0733","R026",1.94
"14880","V0733","R015",1.45
"14881","V0733","R019",3.26
"14882","V0733","R046",5.29
"14883","V0733","R029",3.49
"14884","V0733","R034",2.59
"14885","V0733","R043",4.8
"14886","V0734","R023",3.89
"14887","V0734","R047",2.38
"14888","V0734","R039",5.3
"14889","V0734","R036",2.89
"14890","V0734","R001",6.01
"14891","V0734","R003",3.97
"14892","V0734","R016",2.69
"14893","V0734","R013",2.7
"14894","V0734","R002",4.14
"14895","V0734","R035",2.6
"14896","V0734","R044",2.68
"14897","V0734","R029",3.46
"14898","V0734","R041",2.65
"14899","V0734","R009",1.23
"14900","V0734","R038",2.24
"14901","V0734","R046",2.52
"14902","V0734","R012",4.27
"14903","V0734","R010",3.03
"14904","V0734","R033",3.79
"14905","V0734","R015",3.27
"14906","V0734","R037",2.5
"14907","V0734","R005",3.44
"14908","V0735","R030",3.49
"14909","V0735","R018",3.5
"14910","V0735","R046",4.12
"14911","V0735","R028",3.37
"14912","V0735","R042",3.88
"14913","V0735","R038",2.64
"14914","V0735","R032",4.24
"14915","V0735","R040",3.26
"14916","V0735","R019",3.06
"14917","V0735","R024",4.01
"14918","V0735","R048",3.2
"14919","V0735","R012",6.49
"14920","V0735","R005",3.43
"14921","V0735","R023",4.76
"14922","V0735","R039",4.54
"14923","V0735","R050",4.24
"14924","V0735","R004",5.14
"14925","V0735","R044",3.9
"14926","V0735","R016",4.81
"14927","V0735","R049",3.67
"14928","V0735","R035",5.06
"14929","V0735","R047",3.62
"14930","V0735","R011",5.24
"14931","V0735","R041",5.71
"14932","V0735","R001",4.37
"14933","V0735","R021",2.13
"14934","V0736","R015",5.96
"14935","V0736","R040",5.33
"14936","V0736","R042",3.65
"14937","V0736","R034",5.82
"14938","V0736","R017",3.92
"14939","V0736","R022",3.54
"14940","V0736","R044",4.5
"14941","V0736","R043",7.2
"14942","V0736","R005",3.64
"14943","V0736","R041",5.54
"14944","V0736","R049",4.46
"14945","V0736","R019",3.35
"14946","V0736","R036",4.27
"14947","V0736","R027",4.34
"14948","V0736","R023",4.92
"14949","V0736","R004",3.7
"14950","V0737","R024",4.45
"14951","V0737","R012",6.01
"14952","V0737","R032",4.48
"14953","V0737","R044",4.31
"14954","V0737","R022",2.9
"14955","V0737","R018",4.68
"14956","V0737","R002",4.32
"14957","V0737","R010",3.63
"14958","V0737","R042",2.77
"14959","V0737","R009",4.45
"14960","V0737","R037",3.38
"14961","V0737","R046",5.39
"14962","V0737","R040",5.04
"14963","V0737","R007",5.1
"14964","V0737","R028",4.5
"14965","V0737","R047",3.96
"14966","V0738","R045",3.82
"14967","V0738","R013",3.19
"14968","V0738","R007",4.09
"14969","V0738","R010",4.66
"14970","V0738","R029",2.08
"14971","V0738","R001",2.09
"14972","V0738","R033",4.02
"14973","V0738","R044",2.06
"14974","V0738","R004",4.48
"14975","V0738","R035",3.58
"14976","V0738","R020",2.89
"14977","V0738","R049",3.18
"14978","V0738","R038",4.63
"14979","V0738","R027",3.92
"14980","V0738","R003",2.34
"14981","V0738","R019",3.46
"14982","V0738","R040",2.11
"14983","V0738","R002",3.96
"14984","V0738","R016",4.21
"14985","V0738","R028",2.24
"14986","V0739","R005",4.5
"14987","V0739","R025",3.58
"14988","V0739","R039",2.49
"14989","V0739","R012",4.92
"14990","V0739","R018",2.99
"14991","V0739","R002",3.48
"14992","V0739","R024",6.69
"14993","V0739","R021",3.64
"14994","V0739","R042",1.14
"14995","V0739","R046",2.86
"14996","V0739","R044",2.62
"14997","V0739","R014",4.63
"14998","V0739","R037",4.07
"14999","V0739","R048",2.67
"15000","V0739","R028",3.51
"15001","V0739","R047",1.81
"15002","V0739","R050",3.94
"15003","V0739","R020",5.61
"15004","V0739","R023",4.96
"15005","V0739","R036",2.59
"15006","V0739","R007",6.86
"15007","V0739","R027",3.66
"15008","V0739","R003",4.64
"15009","V0739","R035",3.98
"15010","V0739","R049",4.48
"15011","V0740","R024",4.32
"15012","V0740","R039",2.14
"15013","V0740","R001",3.73
"15014","V0740","R016",2.85
"15015","V0740","R005",1.72
"15016","V0740","R007",2.83
"15017","V0740","R035",1.03
"15018","V0740","R042",1.91
"15019","V0740","R040",4.04
"15020","V0740","R032",1.77
"15021","V0740","R037",2.05
"15022","V0740","R008",3.37
"15023","V0740","R045",1.64
"15024","V0740","R020",3.72
"15025","V0740","R004",3.3
"15026","V0740","R006",2.17
"15027","V0740","R028",2.2
"15028","V0740","R031",4.76
"15029","V0740","R047",2.85
"15030","V0740","R012",4.85
"15031","V0740","R049",2.85
"15032","V0740","R030",3.64
"15033","V0740","R015",4.31
"15034","V0740","R038",3.79
"15035","V0740","R043",4.24
"15036","V0740","R048",3.43
"15037","V0741","R042",4.3
"15038","V0741","R027",2.2
"15039","V0741","R045",3.58
"15040","V0741","R044",3.09
"15041","V0741","R005",5
"15042","V0741","R040",2.58
"15043","V0741","R009",2.23
"15044","V0741","R020",3.64
"15045","V0741","R007",2.29
"15046","V0741","R039",2.31
"15047","V0741","R017",2.29
"15048","V0741","R003",4.08
"15049","V0741","R029",2
"15050","V0741","R036",2.31
"15051","V0741","R050",2.75
"15052","V0741","R043",3.54
"15053","V0742","R008",4.56
"15054","V0742","R040",3.79
"15055","V0742","R033",5.34
"15056","V0742","R015",3.09
"15057","V0742","R034",1.99
"15058","V0742","R018",3.49
"15059","V0742","R026",4.01
"15060","V0742","R028",2.32
"15061","V0742","R004",4.77
"15062","V0742","R002",2.99
"15063","V0742","R022",3.77
"15064","V0742","R001",2.98
"15065","V0742","R013",2.11
"15066","V0742","R036",2.14
"15067","V0742","R014",1.74
"15068","V0742","R011",4.36
"15069","V0742","R030",3.84
"15070","V0742","R003",4.04
"15071","V0742","R012",4.18
"15072","V0743","R046",4.11
"15073","V0743","R007",3.97
"15074","V0743","R019",5.66
"15075","V0743","R048",2.96
"15076","V0743","R045",3.16
"15077","V0743","R050",3.62
"15078","V0743","R004",3.23
"15079","V0743","R006",3.15
"15080","V0743","R028",3.01
"15081","V0743","R031",4.74
"15082","V0743","R017",3.17
"15083","V0743","R008",3.73
"15084","V0743","R011",2.69
"15085","V0743","R029",6.01
"15086","V0744","R034",4.04
"15087","V0744","R022",3.7
"15088","V0744","R012",4.52
"15089","V0744","R008",5.21
"15090","V0744","R027",4.69
"15091","V0744","R019",0.76
"15092","V0744","R047",3.98
"15093","V0744","R011",6.81
"15094","V0744","R016",6.13
"15095","V0744","R023",4.48
"15096","V0744","R020",4.42
"15097","V0744","R007",4.91
"15098","V0744","R044",4.41
"15099","V0745","R035",4.04
"15100","V0745","R039",2.59
"15101","V0745","R011",3.63
"15102","V0745","R029",2.45
"15103","V0745","R027",2.79
"15104","V0745","R028",4.14
"15105","V0745","R009",3.44
"15106","V0745","R010",2.42
"15107","V0745","R003",2.68
"15108","V0745","R048",2.99
"15109","V0745","R008",3.1
"15110","V0745","R005",2.8
"15111","V0745","R007",3.77
"15112","V0745","R001",3.93
"15113","V0745","R017",3.54
"15114","V0745","R042",2.64
"15115","V0745","R040",4.3
"15116","V0745","R047",1.25
"15117","V0745","R034",3.23
"15118","V0746","R002",2.15
"15119","V0746","R034",0.76
"15120","V0746","R042",1.28
"15121","V0746","R030",2.03
"15122","V0746","R044",2.48
"15123","V0746","R028",4.14
"15124","V0746","R014",1.88
"15125","V0746","R004",2.87
"15126","V0746","R011",1.56
"15127","V0746","R012",0.98
"15128","V0746","R015",2.42
"15129","V0746","R019",2.78
"15130","V0746","R021",0.77
"15131","V0746","R033",2.2
"15132","V0746","R037",3.15
"15133","V0746","R010",2.96
"15134","V0746","R022",0.76
"15135","V0747","R014",5.24
"15136","V0747","R038",3.28
"15137","V0747","R013",2.9
"15138","V0747","R021",2.52
"15139","V0747","R004",6.32
"15140","V0747","R008",3.62
"15141","V0747","R049",4.6
"15142","V0747","R005",3.6
"15143","V0747","R043",5.89
"15144","V0747","R024",5.57
"15145","V0747","R012",3.93
"15146","V0747","R025",5.49
"15147","V0747","R030",5.05
"15148","V0747","R040",4.63
"15149","V0747","R050",4.35
"15150","V0747","R031",6.16
"15151","V0747","R048",4.75
"15152","V0747","R022",2.05
"15153","V0747","R037",3.02
"15154","V0747","R001",3.33
"15155","V0747","R028",0.53
"15156","V0747","R034",2.5
"15157","V0747","R017",4.47
"15158","V0747","R019",2.22
"15159","V0748","R030",2.04
"15160","V0748","R017",2.23
"15161","V0748","R027",3
"15162","V0748","R042",3.13
"15163","V0748","R047",3.44
"15164","V0748","R019",2.37
"15165","V0748","R001",3.38
"15166","V0748","R023",2.7
"15167","V0748","R016",4.09
"15168","V0748","R004",2.55
"15169","V0748","R005",3.31
"15170","V0748","R010",1.62
"15171","V0748","R036",1.43
"15172","V0748","R018",2.35
"15173","V0748","R015",1.1
"15174","V0748","R034",2.46
"15175","V0748","R028",1.31
"15176","V0748","R012",2.9
"15177","V0748","R022",3.05
"15178","V0748","R033",3.11
"15179","V0748","R045",1.83
"15180","V0748","R024",3.89
"15181","V0748","R013",1.41
"15182","V0748","R026",3.17
"15183","V0748","R032",3.73
"15184","V0749","R046",2.46
"15185","V0749","R023",1.46
"15186","V0749","R021",1.56
"15187","V0749","R002",2.01
"15188","V0749","R015",2.43
"15189","V0749","R050",3.66
"15190","V0749","R003",2.78
"15191","V0749","R019",1.05
"15192","V0749","R001",3.04
"15193","V0749","R037",2.21
"15194","V0749","R009",3.16
"15195","V0749","R004",3.3
"15196","V0749","R043",4.22
"15197","V0749","R039",1.81
"15198","V0749","R036",2.93
"15199","V0749","R016",3.5
"15200","V0749","R011",3.02
"15201","V0749","R030",4.03
"15202","V0749","R035",2.33
"15203","V0749","R034",3.34
"15204","V0750","R042",2.7
"15205","V0750","R028",1.79
"15206","V0750","R039",4.14
"15207","V0750","R013",3.1
"15208","V0750","R047",3.87
"15209","V0750","R049",2.58
"15210","V0750","R026",1.47
"15211","V0750","R037",3.87
"15212","V0750","R038",3.59
"15213","V0750","R014",3.05
"15214","V0750","R006",5.2
"15215","V0750","R021",2.24
"15216","V0750","R010",5.58
"15217","V0750","R001",3.84
"15218","V0751","R010",3.38
"15219","V0751","R019",0.87
"15220","V0751","R024",1.4
"15221","V0751","R003",3.64
"15222","V0751","R014",2.47
"15223","V0751","R004",4.13
"15224","V0751","R041",1.9
"15225","V0751","R039",2.21
"15226","V0751","R028",1.9
"15227","V0751","R037",2.5
"15228","V0751","R005",1.98
"15229","V0751","R009",3.37
"15230","V0751","R002",4.41
"15231","V0751","R029",2.03
"15232","V0751","R016",2.82
"15233","V0751","R023",4.81
"15234","V0751","R011",5.27
"15235","V0751","R035",3.93
"15236","V0752","R042",3.03
"15237","V0752","R003",3.44
"15238","V0752","R025",2.21
"15239","V0752","R026",3.1
"15240","V0752","R031",3.66
"15241","V0752","R009",2.75
"15242","V0752","R034",1.33
"15243","V0752","R040",5.29
"15244","V0752","R001",1.76
"15245","V0752","R048",1.65
"15246","V0752","R014",2.44
"15247","V0752","R023",1.41
"15248","V0752","R030",0.87
"15249","V0752","R036",2.08
"15250","V0752","R010",1.12
"15251","V0752","R039",2.37
"15252","V0752","R011",2.65
"15253","V0752","R012",2.25
"15254","V0752","R043",3.13
"15255","V0752","R021",2.8
"15256","V0752","R006",3.3
"15257","V0752","R027",2.19
"15258","V0752","R035",1.49
"15259","V0752","R038",3.1
"15260","V0753","R005",5.57
"15261","V0753","R025",4.16
"15262","V0753","R046",4.21
"15263","V0753","R030",3.58
"15264","V0753","R031",4.74
"15265","V0753","R007",3.69
"15266","V0753","R034",4
"15267","V0753","R016",3.47
"15268","V0753","R033",4.49
"15269","V0753","R010",1.57
"15270","V0753","R022",3.14
"15271","V0753","R013",2.91
"15272","V0753","R027",3.29
"15273","V0753","R039",2.63
"15274","V0753","R017",3.84
"15275","V0753","R011",4.31
"15276","V0753","R032",4.82
"15277","V0753","R019",5.54
"15278","V0753","R049",3.72
"15279","V0753","R018",4.29
"15280","V0753","R042",4.25
"15281","V0754","R015",4.6
"15282","V0754","R021",1.81
"15283","V0754","R023",3.3
"15284","V0754","R036",2.8
"15285","V0754","R026",3.16
"15286","V0754","R017",5.65
"15287","V0754","R045",3.46
"15288","V0754","R014",1.79
"15289","V0754","R008",4.19
"15290","V0754","R050",4.4
"15291","V0754","R030",3.42
"15292","V0754","R046",3.23
"15293","V0754","R018",4.03
"15294","V0754","R012",5.67
"15295","V0754","R041",4.18
"15296","V0754","R016",3.69
"15297","V0754","R034",3.73
"15298","V0754","R002",3.63
"15299","V0754","R006",2.31
"15300","V0754","R047",3.1
"15301","V0754","R032",5.72
"15302","V0754","R020",5.41
"15303","V0754","R013",5.12
"15304","V0754","R024",1.3
"15305","V0754","R033",4.8
"15306","V0754","R043",4.17
"15307","V0754","R031",5.06
"15308","V0754","R039",3.48
"15309","V0754","R009",5.35
"15310","V0754","R044",4.94
"15311","V0755","R016",4.43
"15312","V0755","R022",3.52
"15313","V0755","R034",2.87
"15314","V0755","R017",2.37
"15315","V0755","R049",2.03
"15316","V0755","R046",4.66
"15317","V0755","R011",3.14
"15318","V0755","R031",2.64
"15319","V0755","R040",2.34
"15320","V0755","R030",3.13
"15321","V0755","R012",4.64
"15322","V0755","R014",2.7
"15323","V0755","R039",3.22
"15324","V0755","R015",3.06
"15325","V0755","R048",3.28
"15326","V0755","R025",3.37
"15327","V0755","R035",5.53
"15328","V0755","R042",2.74
"15329","V0755","R033",2.71
"15330","V0756","R036",4.27
"15331","V0756","R030",2.2
"15332","V0756","R048",1.1
"15333","V0756","R025",3.34
"15334","V0756","R018",3.98
"15335","V0756","R043",4.33
"15336","V0756","R014",3.05
"15337","V0756","R021",3.32
"15338","V0756","R019",1.78
"15339","V0756","R038",2.85
"15340","V0756","R047",3.33
"15341","V0756","R039",3.02
"15342","V0756","R022",0.6
"15343","V0756","R004",6.1
"15344","V0756","R003",4.38
"15345","V0756","R002",3.3
"15346","V0756","R016",2.92
"15347","V0756","R023",3.46
"15348","V0756","R049",5.09
"15349","V0756","R031",3.15
"15350","V0756","R020",2.99
"15351","V0756","R028",0
"15352","V0757","R046",2.52
"15353","V0757","R023",2.98
"15354","V0757","R026",1.95
"15355","V0757","R001",3.2
"15356","V0757","R011",3.53
"15357","V0757","R010",2.06
"15358","V0757","R008",3.56
"15359","V0757","R009",4.37
"15360","V0757","R019",3.42
"15361","V0757","R044",1.95
"15362","V0757","R024",1.73
"15363","V0757","R015",4.31
"15364","V0757","R025",2.03
"15365","V0757","R021",3.2
"15366","V0757","R042",2.22
"15367","V0757","R007",3.54
"15368","V0757","R041",3.13
"15369","V0757","R034",4.36
"15370","V0757","R016",0.76
"15371","V0757","R039",2.37
"15372","V0757","R005",2.65
"15373","V0757","R014",3.11
"15374","V0758","R039",2.24
"15375","V0758","R003",4.7
"15376","V0758","R050",4.31
"15377","V0758","R027",3.13
"15378","V0758","R012",4.48
"15379","V0758","R049",3.39
"15380","V0758","R034",3.86
"15381","V0758","R020",6.55
"15382","V0758","R031",3.97
"15383","V0758","R005",2.3
"15384","V0758","R042",2.55
"15385","V0758","R008",2.99
"15386","V0758","R037",2.98
"15387","V0758","R041",5.49
"15388","V0758","R002",3.73
"15389","V0758","R009",2.5
"15390","V0758","R025",2.89
"15391","V0758","R048",6.23
"15392","V0758","R029",1.12
"15393","V0758","R011",2.85
"15394","V0758","R015",4.02
"15395","V0758","R018",4.52
"15396","V0758","R004",6.17
"15397","V0758","R014",2.44
"15398","V0758","R043",3.39
"15399","V0758","R007",1.82
"15400","V0758","R040",2.78
"15401","V0759","R035",5.2
"15402","V0759","R017",4.12
"15403","V0759","R004",6.39
"15404","V0759","R041",7.22
"15405","V0759","R023",5.39
"15406","V0759","R015",3.32
"15407","V0759","R046",3.25
"15408","V0759","R043",4.1
"15409","V0759","R001",4.54
"15410","V0759","R006",2.79
"15411","V0759","R028",3.74
"15412","V0759","R025",5.66
"15413","V0759","R009",4.03
"15414","V0759","R011",4.53
"15415","V0759","R033",4.94
"15416","V0759","R040",4.87
"15417","V0759","R018",2.99
"15418","V0759","R034",2.75
"15419","V0759","R039",3.92
"15420","V0759","R010",4.3
"15421","V0759","R013",3.19
"15422","V0759","R050",3.41
"15423","V0759","R019",1.99
"15424","V0760","R036",3.25
"15425","V0760","R048",3.38
"15426","V0760","R014",3.43
"15427","V0760","R027",2.67
"15428","V0760","R019",3.69
"15429","V0760","R026",2.4
"15430","V0760","R047",2.92
"15431","V0760","R050",2.63
"15432","V0760","R034",3.91
"15433","V0760","R015",2.96
"15434","V0760","R037",2.87
"15435","V0760","R040",3.44
"15436","V0760","R029",2.02
"15437","V0760","R022",3.15
"15438","V0760","R031",4.54
"15439","V0760","R046",4.16
"15440","V0760","R006",2.81
"15441","V0760","R017",2.98
"15442","V0760","R042",4.34
"15443","V0760","R023",4.07
"15444","V0760","R038",3.25
"15445","V0761","R006",3.67
"15446","V0761","R041",4.87
"15447","V0761","R043",5.7
"15448","V0761","R011",5.26
"15449","V0761","R049",3.06
"15450","V0761","R046",3.57
"15451","V0761","R021",3.22
"15452","V0761","R018",4.37
"15453","V0761","R007",4.07
"15454","V0761","R045",3.39
"15455","V0761","R038",3.85
"15456","V0761","R009",5.36
"15457","V0762","R043",3.01
"15458","V0762","R012",5.66
"15459","V0762","R017",2.16
"15460","V0762","R046",1.83
"15461","V0762","R003",3.66
"15462","V0762","R024",3.17
"15463","V0762","R031",5.09
"15464","V0762","R050",3.26
"15465","V0762","R040",1.75
"15466","V0762","R015",1.27
"15467","V0762","R036",1.94
"15468","V0762","R035",4.48
"15469","V0762","R016",3.99
"15470","V0762","R010",1.65
"15471","V0762","R013",2.64
"15472","V0762","R005",3.55
"15473","V0762","R018",2.36
"15474","V0762","R030",2.5
"15475","V0762","R032",5.07
"15476","V0762","R049",1.48
"15477","V0762","R002",2.97
"15478","V0762","R021",1.21
"15479","V0762","R027",2.45
"15480","V0762","R028",2.51
"15481","V0762","R001",5.11
"15482","V0762","R045",3.57
"15483","V0762","R033",3.44
"15484","V0762","R006",3.35
"15485","V0762","R009",4.28
"15486","V0762","R034",2.24
"15487","V0763","R002",2.58
"15488","V0763","R022",3.05
"15489","V0763","R048",2.06
"15490","V0763","R006",1.64
"15491","V0763","R018",2.84
"15492","V0763","R025",5.01
"15493","V0763","R017",5.65
"15494","V0763","R016",4.78
"15495","V0763","R031",3.38
"15496","V0763","R026",3.52
"15497","V0763","R008",3.85
"15498","V0763","R041",3.81
"15499","V0763","R030",2.62
"15500","V0763","R009",4.14
"15501","V0763","R013",3.29
"15502","V0763","R029",3.8
"15503","V0763","R033",3.25
"15504","V0763","R012",4.23
"15505","V0763","R010",4.51
"15506","V0763","R045",3.01
"15507","V0763","R015",2.65
"15508","V0763","R027",5.04
"15509","V0763","R032",3.54
"15510","V0763","R043",3.33
"15511","V0763","R038",4.23
"15512","V0763","R046",2.56
"15513","V0764","R039",0.13
"15514","V0764","R047",4.41
"15515","V0764","R027",5.36
"15516","V0764","R024",5.81
"15517","V0764","R016",5.15
"15518","V0764","R036",3.97
"15519","V0764","R003",6
"15520","V0764","R017",3.78
"15521","V0764","R049",4.19
"15522","V0764","R004",5.09
"15523","V0764","R028",3.39
"15524","V0764","R019",3.33
"15525","V0764","R012",4.81
"15526","V0764","R026",5.85
"15527","V0764","R025",4.84
"15528","V0764","R018",3.08
"15529","V0764","R015",4.42
"15530","V0764","R041",4.4
"15531","V0764","R048",3.34
"15532","V0764","R031",5.36
"15533","V0764","R042",4.01
"15534","V0764","R038",3.19
"15535","V0764","R002",3.85
"15536","V0764","R022",3
"15537","V0764","R050",3.82
"15538","V0764","R040",2.79
"15539","V0764","R043",3.29
"15540","V0765","R034",3.82
"15541","V0765","R035",4.35
"15542","V0765","R008",2.59
"15543","V0765","R021",4.08
"15544","V0765","R024",2.57
"15545","V0765","R028",2.03
"15546","V0765","R001",5.17
"15547","V0765","R004",2.13
"15548","V0765","R050",3.97
"15549","V0765","R048",3.33
"15550","V0765","R043",1.91
"15551","V0765","R014",3.62
"15552","V0765","R026",1.7
"15553","V0765","R049",3.06
"15554","V0765","R041",5.17
"15555","V0765","R029",3.42
"15556","V0765","R002",4.15
"15557","V0765","R016",2.66
"15558","V0765","R012",2.76
"15559","V0765","R013",2.66
"15560","V0765","R042",2.51
"15561","V0766","R011",4.73
"15562","V0766","R006",6.52
"15563","V0766","R035",3.7
"15564","V0766","R002",2.74
"15565","V0766","R005",3.26
"15566","V0766","R021",2.82
"15567","V0766","R041",5.58
"15568","V0766","R019",2.96
"15569","V0766","R010",3.2
"15570","V0766","R032",4.27
"15571","V0766","R047",3.94
"15572","V0766","R029",1.5
"15573","V0766","R018",3.26
"15574","V0766","R027",2.53
"15575","V0766","R028",4.06
"15576","V0766","R034",2.62
"15577","V0766","R049",5.04
"15578","V0766","R024",4.32
"15579","V0766","R013",3.66
"15580","V0766","R031",4.54
"15581","V0766","R001",5.14
"15582","V0766","R040",5.72
"15583","V0766","R003",4.11
"15584","V0766","R007",2.99
"15585","V0766","R023",3.69
"15586","V0766","R004",6.21
"15587","V0766","R020",3.8
"15588","V0766","R017",3.08
"15589","V0767","R026",5.22
"15590","V0767","R016",4.29
"15591","V0767","R037",2.53
"15592","V0767","R004",4.34
"15593","V0767","R003",4.19
"15594","V0767","R044",5.47
"15595","V0767","R002",3.35
"15596","V0767","R008",3.1
"15597","V0767","R017",4.6
"15598","V0767","R034",3.17
"15599","V0767","R047",3.53
"15600","V0767","R029",4.08
"15601","V0768","R018",1.24
"15602","V0768","R038",2.06
"15603","V0768","R024",2.99
"15604","V0768","R046",2.04
"15605","V0768","R027",3.06
"15606","V0768","R017",3.73
"15607","V0768","R006",3.9
"15608","V0768","R010",3.66
"15609","V0768","R028",0.35
"15610","V0768","R035",2.57
"15611","V0769","R017",2.59
"15612","V0769","R028",2.61
"15613","V0769","R039",3.77
"15614","V0769","R003",2.97
"15615","V0769","R045",3.19
"15616","V0769","R022",4.06
"15617","V0769","R010",4.76
"15618","V0769","R050",3.68
"15619","V0769","R031",3.62
"15620","V0769","R013",2.15
"15621","V0769","R011",3.42
"15622","V0769","R009",3.59
"15623","V0769","R018",3.23
"15624","V0769","R024",2.44
"15625","V0769","R041",1.7
"15626","V0769","R044",2.61
"15627","V0769","R020",1.47
"15628","V0769","R027",3.98
"15629","V0769","R019",2.81
"15630","V0769","R001",5.06
"15631","V0769","R012",3.65
"15632","V0769","R049",2.46
"15633","V0769","R025",4.11
"15634","V0769","R043",5.1
"15635","V0769","R005",4.15
"15636","V0770","R038",5.16
"15637","V0770","R048",4.04
"15638","V0770","R040",2.32
"15639","V0770","R045",3.55
"15640","V0770","R014",5.34
"15641","V0770","R032",5.07
"15642","V0770","R041",4.88
"15643","V0770","R007",3.41
"15644","V0770","R013",3.7
"15645","V0770","R010",1.93
"15646","V0771","R049",2.99
"15647","V0771","R030",4.5
"15648","V0771","R020",6.89
"15649","V0771","R003",4.1
"15650","V0771","R017",3.37
"15651","V0771","R001",5.32
"15652","V0771","R038",4.46
"15653","V0771","R016",6.09
"15654","V0771","R015",6.67
"15655","V0771","R014",3.34
"15656","V0771","R019",4.26
"15657","V0771","R026",5.4
"15658","V0771","R013",5.13
"15659","V0771","R007",6.09
"15660","V0771","R033",4.53
"15661","V0771","R005",4.64
"15662","V0771","R044",2.07
"15663","V0771","R031",5.1
"15664","V0771","R045",4.64
"15665","V0771","R032",2.71
"15666","V0771","R027",2.55
"15667","V0771","R046",4.02
"15668","V0772","R004",5.53
"15669","V0772","R013",4.99
"15670","V0772","R042",4.35
"15671","V0772","R027",4.28
"15672","V0772","R010",3.7
"15673","V0772","R003",5.52
"15674","V0772","R031",6.15
"15675","V0772","R045",3.86
"15676","V0772","R033",3.64
"15677","V0772","R005",1.58
"15678","V0772","R032",5.11
"15679","V0772","R022",3.82
"15680","V0772","R007",4.62
"15681","V0772","R008",4.01
"15682","V0772","R041",6.38
"15683","V0772","R023",4.29
"15684","V0772","R048",3.44
"15685","V0772","R025",3.92
"15686","V0772","R043",4.76
"15687","V0772","R030",3.28
"15688","V0772","R020",7.08
"15689","V0772","R026",2.45
"15690","V0772","R014",4.14
"15691","V0773","R035",4.09
"15692","V0773","R038",3.57
"15693","V0773","R019",2.98
"15694","V0773","R025",4.74
"15695","V0773","R016",2.7
"15696","V0773","R050",0.98
"15697","V0773","R015",1.85
"15698","V0773","R013",3.89
"15699","V0773","R049",3.67
"15700","V0773","R009",1.38
"15701","V0773","R023",2.59
"15702","V0773","R026",3.46
"15703","V0773","R027",2.94
"15704","V0773","R033",3.38
"15705","V0773","R028",2
"15706","V0773","R021",2.65
"15707","V0773","R041",4.31
"15708","V0773","R024",3.09
"15709","V0773","R036",2.94
"15710","V0773","R001",4.24
"15711","V0773","R008",2.3
"15712","V0774","R030",4.13
"15713","V0774","R018",0.66
"15714","V0774","R034",3.14
"15715","V0774","R038",3.72
"15716","V0774","R021",3.2
"15717","V0774","R010",3.58
"15718","V0774","R043",6.02
"15719","V0774","R014",3.73
"15720","V0774","R029",2.87
"15721","V0774","R015",2.44
"15722","V0774","R041",2.44
"15723","V0774","R032",4.31
"15724","V0774","R050",4.34
"15725","V0774","R009",4.14
"15726","V0775","R048",3.75
"15727","V0775","R047",3.13
"15728","V0775","R017",4.08
"15729","V0775","R028",2.1
"15730","V0775","R018",2.42
"15731","V0775","R002",3.21
"15732","V0775","R030",4.45
"15733","V0775","R010",3.47
"15734","V0775","R019",1.66
"15735","V0775","R041",5.35
"15736","V0775","R029",4.82
"15737","V0775","R033",4.39
"15738","V0775","R007",4.02
"15739","V0775","R039",3.85
"15740","V0775","R024",3.52
"15741","V0775","R031",6.29
"15742","V0775","R012",6.17
"15743","V0775","R044",5.51
"15744","V0775","R036",3.54
"15745","V0775","R026",3.2
"15746","V0775","R027",5.27
"15747","V0775","R049",3.97
"15748","V0775","R004",6.64
"15749","V0775","R020",6.05
"15750","V0776","R035",3.5
"15751","V0776","R028",3.88
"15752","V0776","R029",2.51
"15753","V0776","R046",2
"15754","V0776","R016",3.13
"15755","V0776","R026",2.38
"15756","V0776","R042",1.29
"15757","V0776","R024",4.41
"15758","V0776","R020",4.26
"15759","V0776","R037",2.89
"15760","V0776","R044",2.71
"15761","V0776","R034",3.62
"15762","V0776","R025",3.17
"15763","V0776","R049",1.91
"15764","V0776","R005",3.88
"15765","V0776","R010",1.38
"15766","V0776","R002",3.31
"15767","V0776","R017",2.57
"15768","V0776","R041",3.44
"15769","V0776","R012",3.93
"15770","V0776","R043",3.25
"15771","V0776","R018",3.51
"15772","V0776","R001",3.06
"15773","V0777","R002",4.33
"15774","V0777","R024",6.05
"15775","V0777","R040",5.12
"15776","V0777","R007",5.75
"15777","V0777","R018",3
"15778","V0777","R004",4.35
"15779","V0777","R001",6.34
"15780","V0777","R006",5.26
"15781","V0777","R012",5.38
"15782","V0777","R050",5.25
"15783","V0777","R009",3.42
"15784","V0777","R045",2.64
"15785","V0777","R046",5.11
"15786","V0777","R020",5.69
"15787","V0777","R047",2.48
"15788","V0777","R049",5.15
"15789","V0777","R017",5.23
"15790","V0777","R044",4.57
"15791","V0777","R032",3.39
"15792","V0777","R048",3.84
"15793","V0777","R039",3.1
"15794","V0778","R049",2.27
"15795","V0778","R032",4
"15796","V0778","R041",3.95
"15797","V0778","R048",2.63
"15798","V0778","R043",4.01
"15799","V0778","R005",2.33
"15800","V0778","R034",1.53
"15801","V0778","R042",3.11
"15802","V0778","R037",0.89
"15803","V0778","R024",2.45
"15804","V0778","R002",2.19
"15805","V0778","R045",2.87
"15806","V0779","R041",4.18
"15807","V0779","R027",3.18
"15808","V0779","R045",2.77
"15809","V0779","R032",2.71
"15810","V0779","R004",2.67
"15811","V0779","R008",3.46
"15812","V0779","R025",2.01
"15813","V0779","R026",1.67
"15814","V0779","R011",2.7
"15815","V0779","R035",3.51
"15816","V0779","R047",3.14
"15817","V0779","R044",2.98
"15818","V0779","R049",2.02
"15819","V0779","R029",1.77
"15820","V0779","R048",3.44
"15821","V0779","R037",2.13
"15822","V0779","R005",3.21
"15823","V0779","R034",5.44
"15824","V0779","R010",4.18
"15825","V0779","R009",2.79
"15826","V0779","R031",2.63
"15827","V0779","R002",3.21
"15828","V0780","R045",1.17
"15829","V0780","R032",4.25
"15830","V0780","R026",3.84
"15831","V0780","R015",1.96
"15832","V0780","R047",1.67
"15833","V0780","R035",2.67
"15834","V0780","R040",4.78
"15835","V0780","R016",4.77
"15836","V0780","R023",4
"15837","V0780","R008",4.45
"15838","V0780","R007",3.31
"15839","V0780","R042",3.28
"15840","V0780","R028",3.36
"15841","V0780","R004",4.12
"15842","V0780","R039",2.73
"15843","V0780","R048",4.71
"15844","V0780","R033",5.98
"15845","V0780","R022",2.29
"15846","V0780","R005",3
"15847","V0780","R003",4.99
"15848","V0780","R012",4.32
"15849","V0780","R025",4.08
"15850","V0780","R018",1.7
"15851","V0780","R034",3.88
"15852","V0780","R027",4.72
"15853","V0780","R017",3.92
"15854","V0780","R006",4.35
"15855","V0780","R001",5.33
"15856","V0780","R021",3.26
"15857","V0780","R010",4.28
"15858","V0781","R010",3.85
"15859","V0781","R044",2.24
"15860","V0781","R049",2.7
"15861","V0781","R036",1.74
"15862","V0781","R037",1.21
"15863","V0781","R030",2.62
"15864","V0781","R040",4.05
"15865","V0781","R045",0.21
"15866","V0781","R012",1.86
"15867","V0781","R004",3.4
"15868","V0781","R027",1.53
"15869","V0781","R035",2.94
"15870","V0781","R014",3.47
"15871","V0781","R001",2.69
"15872","V0781","R031",4.77
"15873","V0781","R043",3.73
"15874","V0781","R013",3.24
"15875","V0781","R032",2.49
"15876","V0781","R021",3.68
"15877","V0781","R022",2.14
"15878","V0782","R001",5.51
"15879","V0782","R040",3.98
"15880","V0782","R047",2.67
"15881","V0782","R007",2.65
"15882","V0782","R008",3.4
"15883","V0782","R033",2.96
"15884","V0782","R009",6.34
"15885","V0782","R046",4.46
"15886","V0782","R038",3.68
"15887","V0782","R036",3.73
"15888","V0782","R035",5.11
"15889","V0782","R026",3.22
"15890","V0782","R034",5.3
"15891","V0782","R002",3.34
"15892","V0782","R027",2.96
"15893","V0782","R015",2.71
"15894","V0782","R032",4.56
"15895","V0782","R003",4.74
"15896","V0782","R042",3.33
"15897","V0782","R018",4.83
"15898","V0782","R020",2.17
"15899","V0782","R030",3.64
"15900","V0782","R022",2.32
"15901","V0782","R029",4.83
"15902","V0782","R028",2.83
"15903","V0782","R048",4.03
"15904","V0782","R010",4.7
"15905","V0782","R037",2.98
"15906","V0782","R025",4.14
"15907","V0782","R019",1.94
"15908","V0783","R021",2.06
"15909","V0783","R013",1.65
"15910","V0783","R048",2.36
"15911","V0783","R002",3.31
"15912","V0783","R042",3.09
"15913","V0783","R019",0.21
"15914","V0783","R008",2.12
"15915","V0783","R035",1.99
"15916","V0783","R041",3.16
"15917","V0783","R049",2.74
"15918","V0783","R032",1.51
"15919","V0783","R001",2.66
"15920","V0784","R049",2.64
"15921","V0784","R009",4.28
"15922","V0784","R029",3.05
"15923","V0784","R027",3.41
"15924","V0784","R026",1.64
"15925","V0784","R028",3.26
"15926","V0784","R038",4.23
"15927","V0784","R046",3.2
"15928","V0784","R023",2.59
"15929","V0784","R003",4.67
"15930","V0784","R048",1.81
"15931","V0784","R007",4.51
"15932","V0784","R047",2.52
"15933","V0784","R008",2.56
"15934","V0784","R012",2.72
"15935","V0784","R030",2.86
"15936","V0784","R004",4.73
"15937","V0784","R037",2.37
"15938","V0784","R001",4.17
"15939","V0784","R032",4.45
"15940","V0784","R014",3.36
"15941","V0785","R021",2.75
"15942","V0785","R026",2.39
"15943","V0785","R018",3.63
"15944","V0785","R015",1.9
"15945","V0785","R041",4.24
"15946","V0785","R050",3.95
"15947","V0785","R016",3.33
"15948","V0785","R013",0.89
"15949","V0785","R043",2.62
"15950","V0785","R025",2.26
"15951","V0785","R003",0.8
"15952","V0785","R008",1.44
"15953","V0785","R032",2.61
"15954","V0785","R022",2.92
"15955","V0785","R039",1.27
"15956","V0785","R040",2.93
"15957","V0785","R012",5.22
"15958","V0785","R006",4.54
"15959","V0785","R044",0.95
"15960","V0785","R031",3.46
"15961","V0785","R002",2.82
"15962","V0786","R050",5.03
"15963","V0786","R034",2.43
"15964","V0786","R043",5.39
"15965","V0786","R017",4.33
"15966","V0786","R031",5.11
"15967","V0786","R022",4.52
"15968","V0786","R019",5.03
"15969","V0786","R016",4.66
"15970","V0786","R013",4.18
"15971","V0786","R021",3.34
"15972","V0786","R007",4.52
"15973","V0786","R004",3.01
"15974","V0786","R049",1.37
"15975","V0786","R047",2.87
"15976","V0786","R002",2.39
"15977","V0786","R023",2.24
"15978","V0786","R033",2.79
"15979","V0786","R041",5.59
"15980","V0786","R024",4.81
"15981","V0786","R039",4.24
"15982","V0786","R037",3.99
"15983","V0786","R015",5.04
"15984","V0786","R030",4.36
"15985","V0786","R014",5.03
"15986","V0786","R046",3.41
"15987","V0787","R040",4.01
"15988","V0787","R036",1.78
"15989","V0787","R048",4.28
"15990","V0787","R039",4.01
"15991","V0787","R010",2.68
"15992","V0787","R004",3.74
"15993","V0787","R037",2.51
"15994","V0787","R020",3.14
"15995","V0787","R021",4.02
"15996","V0787","R045",3.17
"15997","V0787","R029",2.45
"15998","V0787","R044",2.15
"15999","V0787","R009",2.32
"16000","V0787","R026",2.59
"16001","V0787","R016",2.94
"16002","V0787","R046",1.79
"16003","V0787","R002",2.46
"16004","V0787","R013",2.41
"16005","V0788","R022",5
"16006","V0788","R002",4.72
"16007","V0788","R012",5.22
"16008","V0788","R019",3.36
"16009","V0788","R016",5.04
"16010","V0788","R028",3.79
"16011","V0788","R007",5.6
"16012","V0788","R011",4.4
"16013","V0788","R045",3.26
"16014","V0788","R030",3.2
"16015","V0788","R025",5.77
"16016","V0788","R040",5.9
"16017","V0788","R026",3.69
"16018","V0788","R050",4.35
"16019","V0788","R005",2.82
"16020","V0788","R021",5.08
"16021","V0788","R039",2.79
"16022","V0788","R048",4.43
"16023","V0788","R046",5.77
"16024","V0788","R041",4.34
"16025","V0788","R017",3.24
"16026","V0788","R038",4.63
"16027","V0788","R042",4.88
"16028","V0788","R024",4.51
"16029","V0788","R018",1.8
"16030","V0788","R044",5.16
"16031","V0788","R006",5.36
"16032","V0788","R001",4.52
"16033","V0788","R004",6.67
"16034","V0789","R004",0.18
"16035","V0789","R021",2.95
"16036","V0789","R023",2.99
"16037","V0789","R039",1.65
"16038","V0789","R027",4.71
"16039","V0789","R026",4.06
"16040","V0789","R037",2.48
"16041","V0789","R044",3.15
"16042","V0789","R042",2.92
"16043","V0789","R047",2.79
"16044","V0789","R043",4.73
"16045","V0789","R014",3.96
"16046","V0789","R045",4.63
"16047","V0789","R020",4.24
"16048","V0789","R029",3.34
"16049","V0789","R028",2.18
"16050","V0789","R013",2.41
"16051","V0789","R024",2.47
"16052","V0789","R007",4.65
"16053","V0789","R022",2.33
"16054","V0790","R043",5.62
"16055","V0790","R004",3.16
"16056","V0790","R022",1.71
"16057","V0790","R034",3.15
"16058","V0790","R047",3.08
"16059","V0790","R038",3.9
"16060","V0790","R042",4.45
"16061","V0790","R033",4.96
"16062","V0790","R028",3.32
"16063","V0790","R017",2.6
"16064","V0790","R039",5.54
"16065","V0790","R035",3.89
"16066","V0790","R001",2.83
"16067","V0790","R024",2.26
"16068","V0790","R031",4.97
"16069","V0790","R005",0
"16070","V0790","R045",2.63
"16071","V0790","R041",2.4
"16072","V0790","R007",4.04
"16073","V0790","R015",2.29
"16074","V0790","R016",3.05
"16075","V0790","R006",3.2
"16076","V0790","R030",3.45
"16077","V0790","R029",4.5
"16078","V0791","R040",3.27
"16079","V0791","R012",3.3
"16080","V0791","R034",4.02
"16081","V0791","R030",2.72
"16082","V0791","R039",0.2
"16083","V0791","R043",3.37
"16084","V0791","R022",4.95
"16085","V0791","R046",2.79
"16086","V0791","R019",3.83
"16087","V0791","R008",3.28
"16088","V0791","R033",3.81
"16089","V0791","R004",4.62
"16090","V0791","R032",3.98
"16091","V0791","R045",1.72
"16092","V0791","R010",2.77
"16093","V0791","R036",1.96
"16094","V0791","R029",2.61
"16095","V0791","R038",2.82
"16096","V0791","R011",3.82
"16097","V0791","R042",2.22
"16098","V0791","R018",3.23
"16099","V0791","R006",3
"16100","V0791","R050",2.53
"16101","V0791","R007",4.44
"16102","V0791","R003",3.15
"16103","V0791","R024",2.08
"16104","V0791","R009",4.21
"16105","V0791","R027",2.69
"16106","V0791","R049",2.12
"16107","V0792","R023",3.13
"16108","V0792","R008",4.15
"16109","V0792","R021",3.64
"16110","V0792","R043",4.65
"16111","V0792","R026",6.05
"16112","V0792","R037",2.75
"16113","V0792","R019",3.04
"16114","V0792","R045",3.78
"16115","V0792","R030",2.94
"16116","V0792","R006",4.22
"16117","V0792","R015",4.23
"16118","V0792","R001",5.32
"16119","V0792","R034",4.61
"16120","V0792","R033",5.87
"16121","V0792","R002",3.9
"16122","V0792","R042",3.28
"16123","V0792","R049",4.74
"16124","V0792","R039",5.84
"16125","V0792","R029",4.21
"16126","V0792","R022",3.8
"16127","V0792","R018",4.66
"16128","V0792","R025",4.29
"16129","V0792","R024",5.59
"16130","V0792","R048",3.12
"16131","V0793","R010",3.66
"16132","V0793","R047",1.86
"16133","V0793","R002",1.55
"16134","V0793","R001",3.76
"16135","V0793","R039",1.01
"16136","V0793","R012",4.14
"16137","V0793","R017",3.8
"16138","V0793","R042",2.71
"16139","V0793","R049",2.65
"16140","V0793","R018",2
"16141","V0793","R024",3.15
"16142","V0793","R023",3.53
"16143","V0793","R041",2.28
"16144","V0793","R004",4.88
"16145","V0793","R029",2.24
"16146","V0793","R022",0.96
"16147","V0793","R044",3.09
"16148","V0793","R032",3.64
"16149","V0793","R038",3.99
"16150","V0793","R033",3.23
"16151","V0793","R009",2.56
"16152","V0793","R015",3.2
"16153","V0793","R034",2.43
"16154","V0793","R045",3.46
"16155","V0794","R023",6.25
"16156","V0794","R035",2.73
"16157","V0794","R019",3.67
"16158","V0794","R034",2.44
"16159","V0794","R009",2.6
"16160","V0794","R018",2.15
"16161","V0794","R022",2.05
"16162","V0794","R025",4.16
"16163","V0794","R050",4.26
"16164","V0794","R024",3.7
"16165","V0794","R041",3.38
"16166","V0795","R008",4.18
"16167","V0795","R045",3.59
"16168","V0795","R036",3.09
"16169","V0795","R001",4.58
"16170","V0795","R014",3.1
"16171","V0795","R027",3.72
"16172","V0795","R044",4.11
"16173","V0795","R020",2.96
"16174","V0795","R015",4.47
"16175","V0795","R046",3.21
"16176","V0795","R038",3.65
"16177","V0796","R041",1.49
"16178","V0796","R008",3.61
"16179","V0796","R038",5.37
"16180","V0796","R001",5.23
"16181","V0796","R014",3.64
"16182","V0796","R020",3.59
"16183","V0796","R009",3.56
"16184","V0796","R012",4.26
"16185","V0796","R036",3.31
"16186","V0796","R033",2.9
"16187","V0796","R046",2.32
"16188","V0796","R047",2.52
"16189","V0796","R015",1.94
"16190","V0796","R011",3.9
"16191","V0796","R004",4.16
"16192","V0796","R031",5.46
"16193","V0796","R035",2.73
"16194","V0796","R025",3.11
"16195","V0796","R018",4.61
"16196","V0796","R027",3.33
"16197","V0796","R010",2.65
"16198","V0796","R026",2.77
"16199","V0796","R030",1.31
"16200","V0796","R032",3.56
"16201","V0796","R002",2.33
"16202","V0796","R048",3.37
"16203","V0796","R050",5.05
"16204","V0797","R035",2.89
"16205","V0797","R005",3.01
"16206","V0797","R031",3.71
"16207","V0797","R034",1.65
"16208","V0797","R010",4.04
"16209","V0797","R045",3.74
"16210","V0797","R047",2.64
"16211","V0797","R030",2.93
"16212","V0797","R038",2.94
"16213","V0797","R026",3.07
"16214","V0797","R002",4.38
"16215","V0797","R024",2.38
"16216","V0797","R007",2.1
"16217","V0797","R023",4.92
"16218","V0797","R048",3.13
"16219","V0797","R029",3.95
"16220","V0798","R037",2.52
"16221","V0798","R018",2.69
"16222","V0798","R021",3.42
"16223","V0798","R048",4.85
"16224","V0798","R025",4.31
"16225","V0798","R007",4.27
"16226","V0798","R010",3.55
"16227","V0798","R041",4.33
"16228","V0798","R019",1.41
"16229","V0798","R036",2.59
"16230","V0798","R033",4.81
"16231","V0798","R028",2.64
"16232","V0798","R003",4.94
"16233","V0798","R012",4.18
"16234","V0798","R031",4.34
"16235","V0798","R002",2.45
"16236","V0798","R034",4.54
"16237","V0798","R013",3.87
"16238","V0798","R032",3.43
"16239","V0798","R038",4.03
"16240","V0798","R030",4.45
"16241","V0798","R049",2.96
"16242","V0798","R043",4.11
"16243","V0798","R027",4.02
"16244","V0798","R022",3.52
"16245","V0798","R029",3.71
"16246","V0798","R005",4.79
"16247","V0799","R038",2.09
"16248","V0799","R003",2.6
"16249","V0799","R027",2.55
"16250","V0799","R033",4.71
"16251","V0799","R025",4.2
"16252","V0799","R034",2.2
"16253","V0799","R017",1.72
"16254","V0799","R039",2.66
"16255","V0799","R020",2.54
"16256","V0799","R022",5.07
"16257","V0799","R026",1.61
"16258","V0799","R018",2.39
"16259","V0799","R008",1.22
"16260","V0799","R010",1.59
"16261","V0799","R016",3.93
"16262","V0799","R031",3.44
"16263","V0799","R036",2.71
"16264","V0799","R002",3.21
"16265","V0799","R001",3.86
"16266","V0799","R021",1.84
"16267","V0799","R041",3.49
"16268","V0799","R037",2.48
"16269","V0799","R014",3.76
"16270","V0799","R024",3.68
"16271","V0799","R044",2.36
"16272","V0799","R023",2.88
"16273","V0799","R012",3.35
"16274","V0799","R030",3.07
"16275","V0799","R028",2.63
"16276","V0799","R047",0.8
"16277","V0800","R016",3.05
"16278","V0800","R043",3.29
"16279","V0800","R017",3.71
"16280","V0800","R047",2.09
"16281","V0800","R009",3.6
"16282","V0800","R004",2.15
"16283","V0800","R029",2.91
"16284","V0800","R048",5.31
"16285","V0800","R011",3.5
"16286","V0800","R033",1.61
"16287","V0800","R007",3.94
"16288","V0800","R038",3.9
"16289","V0801","R017",3.7
"16290","V0801","R015",2.96
"16291","V0801","R019",2.96
"16292","V0801","R007",4.2
"16293","V0801","R039",3.39
"16294","V0801","R025",3.42
"16295","V0801","R008",3.63
"16296","V0801","R028",1.33
"16297","V0801","R036",1.41
"16298","V0801","R003",4.11
"16299","V0801","R040",2.12
"16300","V0802","R016",3.87
"16301","V0802","R031",4.57
"16302","V0802","R022",2.08
"16303","V0802","R029",3.28
"16304","V0802","R042",2.64
"16305","V0802","R021",3.67
"16306","V0802","R018",1.38
"16307","V0802","R004",3.52
"16308","V0802","R039",3.11
"16309","V0802","R014",2.76
"16310","V0802","R003",2.78
"16311","V0802","R043",5.64
"16312","V0802","R024",3.29
"16313","V0802","R006",1.07
"16314","V0802","R025",0.65
"16315","V0802","R044",3.17
"16316","V0802","R012",3.9
"16317","V0802","R036",2.85
"16318","V0802","R007",2.65
"16319","V0803","R023",5.61
"16320","V0803","R042",3.89
"16321","V0803","R004",6.26
"16322","V0803","R012",4.75
"16323","V0803","R007",5.63
"16324","V0803","R028",3.02
"16325","V0803","R022",4.36
"16326","V0803","R002",4.83
"16327","V0803","R048",4.06
"16328","V0803","R032",4.3
"16329","V0803","R037",5.01
"16330","V0803","R049",4.88
"16331","V0804","R009",4.4
"16332","V0804","R011",4.62
"16333","V0804","R031",4.36
"16334","V0804","R046",3.55
"16335","V0804","R018",4.62
"16336","V0804","R013",2.89
"16337","V0804","R047",3.7
"16338","V0804","R041",5.5
"16339","V0804","R048",4.15
"16340","V0804","R040",3.67
"16341","V0804","R026",4.21
"16342","V0804","R030",4.99
"16343","V0804","R012",6.48
"16344","V0804","R043",2.68
"16345","V0804","R002",3.07
"16346","V0804","R042",2.59
"16347","V0804","R045",3.72
"16348","V0804","R032",3.23
"16349","V0804","R014",1.83
"16350","V0804","R035",3.09
"16351","V0804","R005",5
"16352","V0804","R019",2.79
"16353","V0804","R025",3.09
"16354","V0804","R022",1.72
"16355","V0804","R044",2.6
"16356","V0804","R007",5.48
"16357","V0804","R028",3.5
"16358","V0804","R008",4.05
"16359","V0804","R027",4.66
"16360","V0804","R049",4.94
"16361","V0805","R015",3.68
"16362","V0805","R013",2.81
"16363","V0805","R042",3.71
"16364","V0805","R005",3.85
"16365","V0805","R043",3.28
"16366","V0805","R009",4.87
"16367","V0805","R022",3.82
"16368","V0805","R019",3.17
"16369","V0805","R016",4.42
"16370","V0805","R020",3.84
"16371","V0805","R027",2.22
"16372","V0805","R033",4
"16373","V0805","R050",1.98
"16374","V0805","R011",2.89
"16375","V0805","R035",1.92
"16376","V0805","R029",4.12
"16377","V0805","R004",3.08
"16378","V0805","R007",4.12
"16379","V0805","R017",2.87
"16380","V0805","R002",4.32
"16381","V0805","R031",5.57
"16382","V0805","R038",3.3
"16383","V0805","R037",3.74
"16384","V0805","R001",2.8
"16385","V0805","R046",3.19
"16386","V0805","R044",4.42
"16387","V0805","R030",3.33
"16388","V0805","R040",3.46
"16389","V0806","R041",1.29
"16390","V0806","R032",2.14
"16391","V0806","R021",3.17
"16392","V0806","R005",2.44
"16393","V0806","R034",5.45
"16394","V0806","R030",2.69
"16395","V0806","R045",1.93
"16396","V0806","R012",4.34
"16397","V0806","R016",4.53
"16398","V0806","R003",3.66
"16399","V0806","R023",3
"16400","V0806","R028",3.2
"16401","V0806","R007",3.78
"16402","V0806","R020",4
"16403","V0806","R049",3.74
"16404","V0806","R040",3.43
"16405","V0806","R038",4.33
"16406","V0806","R017",5.07
"16407","V0806","R018",2.1
"16408","V0806","R006",4.96
"16409","V0806","R010",1.2
"16410","V0806","R013",4.43
"16411","V0806","R025",3.58
"16412","V0806","R037",2.53
"16413","V0806","R036",4.11
"16414","V0806","R022",1.72
"16415","V0806","R050",4.15
"16416","V0806","R027",1.09
"16417","V0806","R044",3.17
"16418","V0806","R004",4.3
"16419","V0807","R045",4.23
"16420","V0807","R012",3.06
"16421","V0807","R004",5.33
"16422","V0807","R003",4.87
"16423","V0807","R046",3.97
"16424","V0807","R022",2.66
"16425","V0807","R011",3.81
"16426","V0807","R040",2.74
"16427","V0807","R008",6.02
"16428","V0807","R034",5.53
"16429","V0807","R039",2.81
"16430","V0807","R001",4.06
"16431","V0807","R049",3.23
"16432","V0807","R014",3.62
"16433","V0807","R037",3.75
"16434","V0807","R024",2.75
"16435","V0807","R002",2.98
"16436","V0807","R019",4.82
"16437","V0807","R020",5.56
"16438","V0807","R029",3.26
"16439","V0807","R028",2.15
"16440","V0808","R048",4.21
"16441","V0808","R040",3.01
"16442","V0808","R011",4.29
"16443","V0808","R031",3.89
"16444","V0808","R002",4.24
"16445","V0808","R009",3.81
"16446","V0808","R007",3
"16447","V0808","R018",5.5
"16448","V0808","R021",2.05
"16449","V0808","R033",3.67
"16450","V0808","R041",3.44
"16451","V0808","R039",2.34
"16452","V0808","R003",2.83
"16453","V0808","R015",1.83
"16454","V0808","R047",3.58
"16455","V0808","R013",0.88
"16456","V0808","R030",3.6
"16457","V0808","R005",2.3
"16458","V0808","R050",3.84
"16459","V0808","R046",2.47
"16460","V0808","R038",1.01
"16461","V0808","R016",3.76
"16462","V0808","R004",5.57
"16463","V0808","R044",0.82
"16464","V0808","R032",4.47
"16465","V0808","R014",3.21
"16466","V0808","R045",2.74
"16467","V0808","R010",3.67
"16468","V0808","R043",3.66
"16469","V0809","R017",3.64
"16470","V0809","R045",3.05
"16471","V0809","R013",4.04
"16472","V0809","R029",2.56
"16473","V0809","R012",5.07
"16474","V0809","R047",3.05
"16475","V0809","R024",3.26
"16476","V0809","R043",3.5
"16477","V0809","R010",3.43
"16478","V0809","R044",2.95
"16479","V0809","R001",4
"16480","V0810","R030",4.08
"16481","V0810","R019",2
"16482","V0810","R004",6.98
"16483","V0810","R033",5.16
"16484","V0810","R005",5.32
"16485","V0810","R038",5.96
"16486","V0810","R037",3.69
"16487","V0810","R027",5.43
"16488","V0810","R002",5.05
"16489","V0810","R025",3.86
"16490","V0810","R018",2.34
"16491","V0810","R036",3.73
"16492","V0810","R017",1.64
"16493","V0810","R022",1.33
"16494","V0810","R003",5.13
"16495","V0810","R047",2.84
"16496","V0810","R029",5.07
"16497","V0810","R050",4.57
"16498","V0810","R023",4.61
"16499","V0810","R041",6.67
"16500","V0810","R026",6.05
"16501","V0811","R026",2.98
"16502","V0811","R021",2.69
"16503","V0811","R020",3.75
"16504","V0811","R016",2.14
"16505","V0811","R045",3.74
"16506","V0811","R010",4.08
"16507","V0811","R038",2.53
"16508","V0811","R031",3.99
"16509","V0811","R001",2.64
"16510","V0811","R027",2.65
"16511","V0811","R028",0
"16512","V0812","R028",2.82
"16513","V0812","R020",4.13
"16514","V0812","R027",3.07
"16515","V0812","R011",3.19
"16516","V0812","R026",2.4
"16517","V0812","R038",3.54
"16518","V0812","R033",3.37
"16519","V0812","R013",4.98
"16520","V0812","R046",2.38
"16521","V0812","R004",3.22
"16522","V0812","R009",3.45
"16523","V0812","R030",3.89
"16524","V0812","R018",4.68
"16525","V0812","R035",1.89
"16526","V0812","R006",3.42
"16527","V0812","R043",3.9
"16528","V0812","R037",3.49
"16529","V0812","R023",4.57
"16530","V0812","R034",3.63
"16531","V0812","R040",3.87
"16532","V0812","R031",3.65
"16533","V0812","R048",3.81
"16534","V0812","R015",2.22
"16535","V0812","R036",2.23
"16536","V0813","R003",4.35
"16537","V0813","R027",3.53
"16538","V0813","R026",2.36
"16539","V0813","R002",3.4
"16540","V0813","R049",2.67
"16541","V0813","R007",5.42
"16542","V0813","R024",3.59
"16543","V0813","R025",2.18
"16544","V0813","R029",3.37
"16545","V0813","R011",2.59
"16546","V0813","R018",3.01
"16547","V0813","R028",2.15
"16548","V0813","R020",2.64
"16549","V0813","R014",3.14
"16550","V0813","R048",5.43
"16551","V0813","R047",1.21
"16552","V0813","R030",2.49
"16553","V0813","R021",3.38
"16554","V0813","R040",4.01
"16555","V0813","R001",2.87
"16556","V0813","R023",2.88
"16557","V0813","R008",2.8
"16558","V0813","R019",3.95
"16559","V0813","R032",3.28
"16560","V0813","R012",3.32
"16561","V0813","R045",0.92
"16562","V0813","R043",3.69
"16563","V0813","R034",3.71
"16564","V0813","R036",2.29
"16565","V0814","R022",1.19
"16566","V0814","R027",4.14
"16567","V0814","R040",5.61
"16568","V0814","R043",2.6
"16569","V0814","R013",1.85
"16570","V0814","R041",2.3
"16571","V0814","R019",3.65
"16572","V0814","R032",4.52
"16573","V0814","R021",1.6
"16574","V0814","R008",2.26
"16575","V0814","R015",2.52
"16576","V0814","R007",3.53
"16577","V0814","R001",4.28
"16578","V0814","R044",4.71
"16579","V0814","R034",3.44
"16580","V0814","R050",3.62
"16581","V0814","R042",2.5
"16582","V0814","R037",3.61
"16583","V0814","R031",4.2
"16584","V0814","R049",3
"16585","V0814","R046",3.74
"16586","V0814","R029",3.63
"16587","V0814","R018",2.13
"16588","V0814","R030",1.62
"16589","V0814","R017",4.3
"16590","V0815","R047",4.96
"16591","V0815","R019",3.32
"16592","V0815","R024",3.47
"16593","V0815","R001",4.94
"16594","V0815","R031",4.39
"16595","V0815","R032",4.09
"16596","V0815","R002",2.54
"16597","V0815","R003",2.87
"16598","V0815","R046",2.51
"16599","V0815","R049",2.57
"16600","V0815","R007",2.4
"16601","V0815","R009",2.5
"16602","V0815","R014",3.56
"16603","V0815","R040",3.77
"16604","V0815","R012",1.96
"16605","V0815","R026",2.38
"16606","V0815","R017",3.59
"16607","V0816","R035",2.57
"16608","V0816","R004",3.05
"16609","V0816","R040",3.67
"16610","V0816","R014",4.23
"16611","V0816","R048",5.02
"16612","V0816","R007",3.59
"16613","V0816","R039",0.18
"16614","V0816","R031",3.04
"16615","V0816","R001",4.06
"16616","V0816","R046",3.78
"16617","V0816","R026",3.69
"16618","V0816","R006",2.15
"16619","V0816","R022",1.87
"16620","V0816","R041",4.85
"16621","V0816","R024",3.11
"16622","V0816","R003",3.39
"16623","V0816","R036",2.28
"16624","V0816","R010",4.31
"16625","V0816","R009",1.86
"16626","V0816","R038",2.42
"16627","V0816","R030",3.49
"16628","V0816","R017",4.54
"16629","V0816","R047",2.82
"16630","V0816","R050",3.73
"16631","V0817","R010",5.48
"16632","V0817","R004",6.65
"16633","V0817","R026",2.81
"16634","V0817","R020",5.03
"16635","V0817","R016",5.8
"16636","V0817","R043",4.62
"16637","V0817","R030",5.1
"16638","V0817","R011",5.04
"16639","V0817","R050",5.09
"16640","V0817","R038",5.14
"16641","V0817","R003",4.27
"16642","V0817","R032",3.56
"16643","V0817","R019",3.41
"16644","V0817","R005",1.5
"16645","V0817","R046",3.89
"16646","V0817","R012",5.34
"16647","V0817","R035",5.12
"16648","V0817","R008",4.12
"16649","V0817","R022",1.58
"16650","V0817","R031",6.2
"16651","V0817","R025",2.82
"16652","V0817","R040",3.56
"16653","V0817","R045",3.85
"16654","V0818","R016",4.82
"16655","V0818","R005",3.88
"16656","V0818","R017",3.45
"16657","V0818","R012",4.94
"16658","V0818","R038",3.36
"16659","V0818","R033",4.23
"16660","V0818","R023",5.02
"16661","V0818","R028",5.83
"16662","V0818","R022",4.88
"16663","V0818","R025",2.72
"16664","V0818","R003",6.1
"16665","V0818","R006",3.09
"16666","V0818","R045",2.55
"16667","V0818","R036",3.31
"16668","V0818","R039",2.99
"16669","V0818","R031",4.11
"16670","V0818","R047",1.83
"16671","V0818","R034",3.73
"16672","V0818","R044",3.92
"16673","V0818","R011",3.27
"16674","V0818","R050",3.6
"16675","V0819","R001",4.08
"16676","V0819","R034",4.9
"16677","V0819","R011",3.43
"16678","V0819","R017",5.48
"16679","V0819","R037",2.52
"16680","V0819","R028",4.55
"16681","V0819","R035",4.54
"16682","V0819","R033",6.54
"16683","V0819","R016",3.63
"16684","V0819","R029",3.33
"16685","V0819","R049",4.87
"16686","V0820","R035",6.88
"16687","V0820","R047",2.35
"16688","V0820","R043",5.19
"16689","V0820","R045",3.9
"16690","V0820","R003",4.41
"16691","V0820","R009",3.38
"16692","V0820","R007",5.55
"16693","V0820","R013",5.12
"16694","V0820","R032",5.23
"16695","V0820","R044",4.34
"16696","V0820","R014",4.07
"16697","V0820","R026",4.03
"16698","V0820","R024",3.86
"16699","V0820","R050",5.19
"16700","V0820","R025",5.41
"16701","V0820","R004",3.93
"16702","V0820","R042",4.62
"16703","V0820","R049",5.21
"16704","V0820","R028",2.81
"16705","V0820","R020",3.83
"16706","V0820","R041",3.79
"16707","V0820","R008",2.47
"16708","V0820","R046",5.54
"16709","V0820","R011",4.45
"16710","V0821","R033",3.63
"16711","V0821","R025",3.96
"16712","V0821","R018",5.28
"16713","V0821","R040",4.91
"16714","V0821","R050",3.14
"16715","V0821","R031",7.9
"16716","V0821","R001",4.86
"16717","V0821","R023",5.56
"16718","V0821","R019",4.43
"16719","V0821","R011",4.51
"16720","V0821","R027",3.9
"16721","V0821","R037",3.45
"16722","V0821","R015",2.3
"16723","V0821","R012",6.15
"16724","V0821","R014",5.73
"16725","V0821","R020",6.15
"16726","V0821","R013",2.95
"16727","V0821","R002",3.67
"16728","V0821","R024",4.6
"16729","V0822","R030",3.27
"16730","V0822","R043",3.98
"16731","V0822","R048",2.46
"16732","V0822","R004",3.83
"16733","V0822","R047",1.8
"16734","V0822","R046",5.38
"16735","V0822","R001",2.17
"16736","V0822","R041",3.07
"16737","V0822","R038",4.84
"16738","V0822","R007",4.49
"16739","V0822","R026",5.15
"16740","V0822","R037",2.37
"16741","V0822","R002",3.32
"16742","V0822","R020",3.66
"16743","V0822","R045",4.53
"16744","V0822","R013",4.21
"16745","V0822","R033",1.94
"16746","V0823","R006",2.21
"16747","V0823","R038",5.43
"16748","V0823","R031",4.58
"16749","V0823","R008",2.85
"16750","V0823","R036",3.53
"16751","V0823","R027",4.2
"16752","V0823","R024",2.02
"16753","V0823","R040",4.1
"16754","V0823","R049",2.74
"16755","V0823","R029",3.28
"16756","V0823","R045",4.65
"16757","V0823","R046",3.76
"16758","V0823","R014",4.34
"16759","V0823","R009",4.9
"16760","V0823","R011",5.19
"16761","V0823","R015",3.65
"16762","V0823","R005",5.62
"16763","V0823","R033",4.12
"16764","V0823","R047",2.91
"16765","V0823","R048",2.92
"16766","V0823","R007",2.35
"16767","V0823","R025",3.65
"16768","V0824","R049",4.07
"16769","V0824","R031",3.79
"16770","V0824","R006",2.73
"16771","V0824","R016",3.55
"16772","V0824","R013",2.63
"16773","V0824","R035",3.41
"16774","V0824","R033",3
"16775","V0824","R018",3.87
"16776","V0824","R038",2.19
"16777","V0824","R022",1.2
"16778","V0824","R010",1.24
"16779","V0825","R004",4.68
"16780","V0825","R018",3.66
"16781","V0825","R039",4.3
"16782","V0825","R026",3.14
"16783","V0825","R007",3
"16784","V0825","R020",2.56
"16785","V0825","R035",4.29
"16786","V0825","R009",3.15
"16787","V0825","R001",4.72
"16788","V0825","R011",4.01
"16789","V0825","R010",4.18
"16790","V0825","R047",1.49
"16791","V0825","R021",3.29
"16792","V0825","R045",2.57
"16793","V0825","R027",4.11
"16794","V0825","R014",3.08
"16795","V0825","R028",2.48
"16796","V0825","R023",1.34
"16797","V0825","R016",2.53
"16798","V0825","R041",4.91
"16799","V0825","R012",2.86
"16800","V0825","R036",2.41
"16801","V0825","R003",4.34
"16802","V0825","R008",2.56
"16803","V0825","R040",4.21
"16804","V0826","R006",2.8
"16805","V0826","R047",3.38
"16806","V0826","R042",3.84
"16807","V0826","R026",3.59
"16808","V0826","R034",2.98
"16809","V0826","R039",3.24
"16810","V0826","R027",5.83
"16811","V0826","R023",2.74
"16812","V0826","R049",3.09
"16813","V0826","R040",6.56
"16814","V0826","R014",5.33
"16815","V0826","R011",5
"16816","V0826","R015",3.07
"16817","V0826","R032",2.49
"16818","V0826","R050",6.01
"16819","V0826","R020",4.69
"16820","V0826","R021",3.83
"16821","V0826","R043",3.33
"16822","V0826","R045",4.18
"16823","V0826","R007",4.59
"16824","V0826","R046",3.53
"16825","V0827","R034",3.88
"16826","V0827","R025",3.41
"16827","V0827","R042",2.35
"16828","V0827","R019",2.19
"16829","V0827","R015",2.43
"16830","V0827","R001",2.77
"16831","V0827","R050",4.41
"16832","V0827","R008",2.8
"16833","V0827","R018",3.31
"16834","V0827","R012",3.76
"16835","V0827","R026",1.87
"16836","V0827","R016",4.13
"16837","V0827","R007",5.36
"16838","V0827","R032",2.25
"16839","V0827","R036",4.01
"16840","V0827","R029",2.85
"16841","V0827","R020",5.63
"16842","V0827","R037",2.34
"16843","V0827","R004",3.02
"16844","V0827","R045",2.66
"16845","V0827","R011",3.14
"16846","V0827","R013",0.46
"16847","V0827","R006",4.27
"16848","V0827","R046",3.65
"16849","V0827","R047",3.02
"16850","V0827","R005",2.18
"16851","V0828","R012",4.06
"16852","V0828","R023",3.45
"16853","V0828","R034",2.58
"16854","V0828","R019",2.78
"16855","V0828","R014",2.77
"16856","V0828","R028",3.05
"16857","V0828","R009",2.35
"16858","V0828","R041",3.57
"16859","V0828","R031",1.65
"16860","V0828","R042",4.95
"16861","V0829","R006",4.14
"16862","V0829","R049",3.85
"16863","V0829","R018",5.09
"16864","V0829","R012",4.97
"16865","V0829","R022",3.64
"16866","V0829","R032",5.62
"16867","V0829","R025",3.04
"16868","V0829","R026",4.9
"16869","V0829","R031",4.1
"16870","V0829","R044",4.99
"16871","V0829","R008",4.5
"16872","V0829","R016",3.45
"16873","V0829","R047",1.77
"16874","V0829","R005",2.73
"16875","V0829","R040",4.23
"16876","V0829","R029",4.24
"16877","V0829","R003",3.06
"16878","V0829","R019",3.84
"16879","V0829","R030",3.72
"16880","V0829","R046",6.87
"16881","V0829","R020",3.85
"16882","V0829","R004",4.67
"16883","V0829","R017",4.17
"16884","V0829","R024",4.37
"16885","V0829","R050",4.15
"16886","V0829","R034",3.3
"16887","V0830","R009",4.08
"16888","V0830","R024",4.47
"16889","V0830","R045",3.23
"16890","V0830","R033",3.45
"16891","V0830","R048",4.45
"16892","V0830","R043",4.78
"16893","V0830","R025",4.73
"16894","V0830","R006",2.86
"16895","V0830","R010",3.56
"16896","V0830","R034",3.66
"16897","V0830","R002",6.46
"16898","V0830","R047",4.33
"16899","V0830","R003",4.86
"16900","V0830","R023",5
"16901","V0830","R032",5.64
"16902","V0830","R015",1.67
"16903","V0830","R029",4.15
"16904","V0830","R019",3.42
"16905","V0830","R016",5.04
"16906","V0830","R020",2.62
"16907","V0830","R036",3.36
"16908","V0830","R041",4.07
"16909","V0830","R030",6.65
"16910","V0830","R038",5.56
"16911","V0830","R017",2.46
"16912","V0830","R039",4.82
"16913","V0831","R043",2.55
"16914","V0831","R042",1.99
"16915","V0831","R005",3.34
"16916","V0831","R009",1.84
"16917","V0831","R049",3.41
"16918","V0831","R021",0.7
"16919","V0831","R007",4.21
"16920","V0831","R027",3.04
"16921","V0831","R013",1.69
"16922","V0831","R017",3.02
"16923","V0831","R010",3.11
"16924","V0831","R047",3.54
"16925","V0831","R025",4.13
"16926","V0831","R001",6.11
"16927","V0831","R019",3.34
"16928","V0831","R012",3.66
"16929","V0831","R026",1.69
"16930","V0831","R008",0.08
"16931","V0831","R003",4.3
"16932","V0831","R033",2
"16933","V0831","R046",1.12
"16934","V0831","R030",2.42
"16935","V0831","R032",1.67
"16936","V0831","R037",2.02
"16937","V0831","R024",3
"16938","V0831","R044",4.14
"16939","V0831","R018",3.75
"16940","V0832","R046",3.88
"16941","V0832","R050",2.26
"16942","V0832","R023",5.19
"16943","V0832","R029",2.86
"16944","V0832","R015",3.23
"16945","V0832","R034",3.02
"16946","V0832","R025",3.33
"16947","V0832","R039",3.71
"16948","V0832","R043",4.34
"16949","V0832","R040",3.03
"16950","V0832","R016",3.19
"16951","V0833","R035",3.62
"16952","V0833","R009",3.62
"16953","V0833","R003",4.42
"16954","V0833","R041",4.64
"16955","V0833","R040",5.86
"16956","V0833","R026",3.72
"16957","V0833","R016",3.98
"16958","V0833","R006",3.95
"16959","V0833","R001",5.85
"16960","V0833","R022",3.5
"16961","V0833","R039",1.83
"16962","V0833","R021",4.12
"16963","V0833","R043",3.95
"16964","V0833","R008",2.68
"16965","V0833","R013",4.56
"16966","V0833","R028",2.96
"16967","V0833","R019",2.21
"16968","V0834","R008",3.97
"16969","V0834","R034",3.81
"16970","V0834","R046",4.83
"16971","V0834","R002",4.84
"16972","V0834","R017",4.1
"16973","V0834","R009",5.18
"16974","V0834","R005",4.76
"16975","V0834","R020",3.96
"16976","V0834","R023",3.94
"16977","V0834","R004",5.45
"16978","V0834","R018",3.29
"16979","V0835","R018",2.09
"16980","V0835","R019",2.64
"16981","V0835","R008",2.28
"16982","V0835","R013",1.54
"16983","V0835","R015",2.37
"16984","V0835","R036",4.85
"16985","V0835","R023",4.78
"16986","V0835","R024",3.87
"16987","V0835","R002",2.87
"16988","V0835","R039",1.65
"16989","V0835","R038",3.26
"16990","V0835","R033",2.56
"16991","V0835","R043",0.54
"16992","V0835","R025",3.3
"16993","V0835","R031",3.07
"16994","V0835","R010",2.94
"16995","V0835","R003",2.88
"16996","V0835","R014",1.09
"16997","V0835","R030",0.94
"16998","V0835","R034",3.85
"16999","V0835","R006",1.28
"17000","V0835","R005",3.04
"17001","V0835","R040",3.92
"17002","V0835","R016",3.02
"17003","V0836","R037",3.19
"17004","V0836","R043",5.26
"17005","V0836","R021",1.85
"17006","V0836","R005",5.28
"17007","V0836","R015",3.46
"17008","V0836","R039",2.64
"17009","V0836","R011",2.36
"17010","V0836","R001",2.59
"17011","V0836","R018",2.76
"17012","V0836","R022",3.89
"17013","V0836","R024",2.72
"17014","V0837","R015",0.61
"17015","V0837","R002",1.56
"17016","V0837","R013",3.87
"17017","V0837","R012",2.2
"17018","V0837","R023",3.65
"17019","V0837","R014",1.16
"17020","V0837","R010",3.42
"17021","V0837","R048",3.07
"17022","V0837","R033",2.03
"17023","V0837","R037",2.73
"17024","V0837","R017",3.02
"17025","V0837","R008",1.99
"17026","V0837","R004",1.53
"17027","V0837","R038",2.17
"17028","V0837","R016",3.44
"17029","V0837","R045",2.08
"17030","V0837","R047",3.01
"17031","V0837","R022",3.25
"17032","V0837","R042",3.13
"17033","V0837","R025",1.54
"17034","V0837","R020",2.93
"17035","V0837","R029",1.67
"17036","V0837","R031",0.06
"17037","V0837","R019",2.76
"17038","V0838","R032",2.37
"17039","V0838","R048",5.39
"17040","V0838","R049",3.72
"17041","V0838","R027",1.3
"17042","V0838","R050",3.13
"17043","V0838","R022",3.1
"17044","V0838","R038",3.51
"17045","V0838","R010",5.69
"17046","V0838","R016",3.15
"17047","V0838","R043",3.55
"17048","V0838","R039",0.76
"17049","V0838","R025",3.61
"17050","V0838","R019",5.09
"17051","V0838","R009",4.21
"17052","V0838","R040",2.79
"17053","V0838","R018",3.76
"17054","V0838","R026",1.35
"17055","V0838","R006",3.55
"17056","V0838","R042",4.08
"17057","V0838","R033",4.59
"17058","V0838","R001",4.66
"17059","V0838","R044",4.42
"17060","V0838","R024",6.55
"17061","V0838","R036",2.89
"17062","V0838","R005",3.12
"17063","V0838","R007",5.27
"17064","V0838","R028",1.96
"17065","V0838","R037",2.15
"17066","V0838","R012",4.6
"17067","V0838","R045",1.84
"17068","V0839","R047",3.35
"17069","V0839","R044",5.63
"17070","V0839","R021",3.04
"17071","V0839","R011",4.44
"17072","V0839","R046",6.12
"17073","V0839","R038",6.72
"17074","V0839","R034",4.15
"17075","V0839","R041",6.43
"17076","V0839","R043",3.15
"17077","V0839","R009",4.75
"17078","V0839","R010",4.31
"17079","V0839","R050",2.97
"17080","V0839","R023",3.17
"17081","V0839","R003",1.37
"17082","V0839","R013",2.32
"17083","V0839","R028",3.96
"17084","V0839","R015",4.18
"17085","V0839","R029",5.17
"17086","V0839","R036",4.14
"17087","V0839","R037",4.49
"17088","V0839","R049",2.86
"17089","V0839","R017",2.56
"17090","V0839","R022",3.14
"17091","V0839","R016",3.62
"17092","V0839","R035",4.81
"17093","V0839","R019",1.68
"17094","V0839","R045",4.39
"17095","V0839","R006",3.93
"17096","V0839","R007",3.86
"17097","V0839","R005",4.95
"17098","V0840","R030",2.85
"17099","V0840","R028",3.61
"17100","V0840","R047",2.63
"17101","V0840","R006",0.84
"17102","V0840","R034",1.71
"17103","V0840","R005",4.26
"17104","V0840","R001",4.39
"17105","V0840","R049",1.86
"17106","V0840","R041",3.28
"17107","V0840","R044",3.5
"17108","V0840","R008",3.12
"17109","V0841","R023",4.42
"17110","V0841","R036",2.09
"17111","V0841","R008",4.12
"17112","V0841","R030",3.11
"17113","V0841","R029",4.38
"17114","V0841","R014",3.94
"17115","V0841","R035",4.09
"17116","V0841","R047",2.8
"17117","V0841","R048",3.03
"17118","V0841","R018",3.3
"17119","V0841","R045",3.91
"17120","V0841","R039",3.16
"17121","V0841","R006",2.86
"17122","V0841","R034",2.53
"17123","V0841","R022",4.6
"17124","V0841","R017",4.64
"17125","V0841","R026",3.15
"17126","V0841","R042",3.46
"17127","V0841","R016",5.47
"17128","V0841","R019",2.36
"17129","V0841","R001",4.07
"17130","V0841","R041",4.61
"17131","V0841","R044",1.77
"17132","V0841","R021",3.04
"17133","V0841","R038",2.52
"17134","V0841","R010",4.2
"17135","V0841","R046",2.69
"17136","V0841","R049",4.24
"17137","V0841","R012",3.98
"17138","V0842","R011",4.46
"17139","V0842","R025",4.58
"17140","V0842","R004",7.29
"17141","V0842","R007",6.41
"17142","V0842","R009",4.54
"17143","V0842","R043",4.69
"17144","V0842","R050",5.14
"17145","V0842","R041",4.41
"17146","V0842","R028",1.31
"17147","V0842","R032",4.64
"17148","V0842","R039",6.02
"17149","V0842","R016",7.54
"17150","V0842","R029",3.36
"17151","V0842","R031",4.87
"17152","V0842","R014",4.81
"17153","V0842","R005",4.65
"17154","V0842","R006",5.47
"17155","V0842","R027",4.89
"17156","V0842","R010",3.29
"17157","V0842","R026",5.37
"17158","V0843","R027",3.99
"17159","V0843","R018",3.89
"17160","V0843","R035",3.26
"17161","V0843","R023",2.68
"17162","V0843","R014",3.84
"17163","V0843","R015",2.46
"17164","V0843","R011",2.61
"17165","V0843","R007",2.86
"17166","V0843","R034",4.11
"17167","V0843","R016",4.09
"17168","V0843","R006",4.18
"17169","V0843","R020",1.9
"17170","V0843","R037",2.89
"17171","V0843","R032",2.47
"17172","V0843","R012",3.46
"17173","V0844","R024",5.14
"17174","V0844","R013",2.41
"17175","V0844","R028",3.07
"17176","V0844","R017",3.61
"17177","V0844","R006",3.93
"17178","V0844","R030",3.04
"17179","V0844","R027",4.52
"17180","V0844","R046",2.92
"17181","V0844","R022",4.7
"17182","V0844","R002",5.08
"17183","V0844","R034",4.75
"17184","V0844","R029",5.28
"17185","V0844","R037",2.97
"17186","V0844","R001",5.63
"17187","V0844","R048",4.62
"17188","V0844","R015",3.71
"17189","V0844","R008",3.39
"17190","V0844","R004",5.17
"17191","V0844","R041",3.17
"17192","V0844","R023",2.81
"17193","V0844","R036",3.69
"17194","V0844","R020",5.42
"17195","V0844","R035",5.77
"17196","V0845","R003",3.06
"17197","V0845","R011",4.76
"17198","V0845","R006",4.8
"17199","V0845","R050",3.42
"17200","V0845","R004",3.87
"17201","V0845","R045",1.03
"17202","V0845","R035",2.3
"17203","V0845","R040",4.62
"17204","V0845","R047",3.94
"17205","V0845","R032",3.68
"17206","V0845","R021",3.53
"17207","V0845","R039",1.17
"17208","V0845","R029",3.69
"17209","V0845","R020",4.48
"17210","V0845","R033",4.34
"17211","V0845","R025",1.81
"17212","V0845","R031",4.44
"17213","V0845","R005",3.85
"17214","V0845","R014",3.7
"17215","V0845","R027",3.74
"17216","V0845","R008",2.52
"17217","V0845","R022",2.22
"17218","V0845","R009",3.78
"17219","V0845","R036",2.64
"17220","V0845","R026",3.03
"17221","V0845","R012",4.75
"17222","V0845","R038",3.18
"17223","V0845","R049",1.65
"17224","V0846","R017",4.36
"17225","V0846","R018",3.38
"17226","V0846","R038",2.09
"17227","V0846","R050",4.29
"17228","V0846","R001",1.7
"17229","V0846","R030",2.76
"17230","V0846","R033",3.94
"17231","V0846","R037",2.84
"17232","V0846","R047",1.4
"17233","V0846","R013",2.89
"17234","V0846","R039",2.75
"17235","V0846","R020",5.5
"17236","V0846","R009",2.23
"17237","V0846","R002",4.8
"17238","V0846","R040",2.75
"17239","V0846","R036",3.04
"17240","V0847","R022",3.84
"17241","V0847","R043",4.34
"17242","V0847","R039",4.48
"17243","V0847","R037",2.87
"17244","V0847","R044",3.56
"17245","V0847","R002",4.95
"17246","V0847","R028",4.5
"17247","V0847","R050",5.31
"17248","V0847","R049",4.21
"17249","V0847","R038",3.93
"17250","V0847","R010",4.6
"17251","V0847","R048",3.78
"17252","V0847","R046",3.64
"17253","V0847","R023",5.43
"17254","V0847","R012",5.53
"17255","V0847","R020",3.8
"17256","V0847","R034",2.89
"17257","V0847","R021",2.69
"17258","V0847","R005",4.41
"17259","V0847","R013",3.06
"17260","V0847","R027",1.74
"17261","V0847","R029",3.68
"17262","V0847","R016",4.15
"17263","V0847","R006",4.17
"17264","V0847","R042",4.92
"17265","V0847","R008",3.82
"17266","V0847","R011",3.87
"17267","V0848","R029",4.71
"17268","V0848","R004",5.22
"17269","V0848","R037",4.51
"17270","V0848","R039",2.46
"17271","V0848","R032",3.09
"17272","V0848","R041",4.69
"17273","V0848","R018",2.93
"17274","V0848","R047",3.75
"17275","V0848","R027",2.83
"17276","V0848","R040",3.94
"17277","V0848","R034",3.6
"17278","V0848","R024",3.9
"17279","V0848","R033",3.08
"17280","V0848","R026",2.48
"17281","V0848","R005",2.63
"17282","V0848","R019",2.45
"17283","V0848","R015",3.26
"17284","V0848","R025",3.12
"17285","V0848","R050",4.15
"17286","V0848","R031",2.7
"17287","V0848","R046",3.25
"17288","V0848","R022",3.53
"17289","V0848","R008",3.4
"17290","V0848","R035",1.69
"17291","V0849","R042",3.31
"17292","V0849","R005",4.43
"17293","V0849","R025",5.93
"17294","V0849","R030",3.43
"17295","V0849","R013",2.07
"17296","V0849","R026",3
"17297","V0849","R035",4.92
"17298","V0849","R002",4.67
"17299","V0849","R027",4.31
"17300","V0849","R008",4.65
"17301","V0849","R038",3.99
"17302","V0849","R044",5
"17303","V0849","R019",3.35
"17304","V0849","R043",4.67
"17305","V0849","R021",2.58
"17306","V0850","R010",3.15
"17307","V0850","R004",4.98
"17308","V0850","R011",3.95
"17309","V0850","R001",3.9
"17310","V0850","R040",3.49
"17311","V0850","R042",1.34
"17312","V0850","R014",3.26
"17313","V0850","R013",3.75
"17314","V0850","R026",4.85
"17315","V0850","R039",2.76
"17316","V0850","R035",3.6
"17317","V0850","R021",2.49
"17318","V0850","R007",3.33
"17319","V0850","R041",1.66
"17320","V0850","R038",2.87
"17321","V0850","R034",2.55
"17322","V0850","R033",2.27
"17323","V0850","R018",2.84
"17324","V0850","R045",5.26
"17325","V0850","R019",2.84
"17326","V0850","R028",2.46
"17327","V0851","R015",2.44
"17328","V0851","R027",2.8
"17329","V0851","R028",4.09
"17330","V0851","R008",2.6
"17331","V0851","R050",3.1
"17332","V0851","R043",4.29
"17333","V0851","R047",1.69
"17334","V0851","R017",3.41
"17335","V0851","R022",3.34
"17336","V0851","R014",3.09
"17337","V0851","R035",4.62
"17338","V0851","R049",4.01
"17339","V0851","R029",2.61
"17340","V0851","R010",4.13
"17341","V0851","R041",5.08
"17342","V0851","R002",1.88
"17343","V0851","R011",2.36
"17344","V0851","R030",3.62
"17345","V0851","R046",5.72
"17346","V0851","R039",3.5
"17347","V0851","R016",2.37
"17348","V0851","R018",3.6
"17349","V0851","R031",4.25
"17350","V0851","R048",3.5
"17351","V0851","R004",3.48
"17352","V0852","R031",2.48
"17353","V0852","R015",1.77
"17354","V0852","R017",1.24
"17355","V0852","R040",3.93
"17356","V0852","R013",0
"17357","V0852","R043",3.39
"17358","V0852","R033",2.79
"17359","V0852","R027",2.27
"17360","V0852","R029",2.54
"17361","V0852","R044",2.57
"17362","V0852","R048",2.6
"17363","V0852","R011",6.93
"17364","V0852","R004",3.5
"17365","V0852","R012",2.25
"17366","V0852","R025",2.86
"17367","V0852","R042",2
"17368","V0852","R021",2.55
"17369","V0852","R050",2.94
"17370","V0852","R037",2.42
"17371","V0852","R030",4.39
"17372","V0852","R022",1.78
"17373","V0852","R019",2.91
"17374","V0852","R047",1.19
"17375","V0852","R023",1.37
"17376","V0852","R045",2.84
"17377","V0852","R046",0.68
"17378","V0852","R049",2.92
"17379","V0852","R014",2.34
"17380","V0852","R034",2.8
"17381","V0853","R037",2.64
"17382","V0853","R019",1.47
"17383","V0853","R005",3
"17384","V0853","R036",3.06
"17385","V0853","R002",2.84
"17386","V0853","R028",0.59
"17387","V0853","R040",2.56
"17388","V0853","R047",3.25
"17389","V0853","R038",5.56
"17390","V0853","R011",4.8
"17391","V0853","R023",4.31
"17392","V0853","R049",4.4
"17393","V0853","R014",3.37
"17394","V0853","R030",3.87
"17395","V0853","R012",5.7
"17396","V0853","R029",4
"17397","V0853","R027",3.25
"17398","V0853","R050",4.02
"17399","V0853","R016",2.97
"17400","V0853","R025",2.83
"17401","V0853","R013",2.55
"17402","V0854","R023",4.02
"17403","V0854","R003",3.34
"17404","V0854","R018",3.05
"17405","V0854","R041",4.21
"17406","V0854","R013",2.32
"17407","V0854","R043",1.64
"17408","V0854","R048",4.5
"17409","V0854","R012",3.18
"17410","V0854","R045",3.25
"17411","V0854","R025",5.33
"17412","V0854","R004",1.69
"17413","V0854","R007",5.28
"17414","V0854","R047",3.82
"17415","V0854","R034",1.8
"17416","V0855","R032",3.4
"17417","V0855","R028",0.33
"17418","V0855","R008",2.31
"17419","V0855","R047",2.07
"17420","V0855","R016",2.86
"17421","V0855","R049",1.3
"17422","V0855","R045",3.43
"17423","V0855","R027",0.76
"17424","V0855","R002",3.33
"17425","V0855","R012",1.43
"17426","V0855","R015",3
"17427","V0856","R034",4.61
"17428","V0856","R008",3.24
"17429","V0856","R018",3.12
"17430","V0856","R015",3.37
"17431","V0856","R030",1.97
"17432","V0856","R028",2.2
"17433","V0856","R026",2.47
"17434","V0856","R012",2.72
"17435","V0856","R004",3.65
"17436","V0856","R047",1.5
"17437","V0856","R001",3.7
"17438","V0856","R039",1.69
"17439","V0856","R037",3.3
"17440","V0856","R038",3.2
"17441","V0857","R011",3.94
"17442","V0857","R044",4.44
"17443","V0857","R009",3.18
"17444","V0857","R015",4.92
"17445","V0857","R007",5.86
"17446","V0857","R001",4.56
"17447","V0857","R010",3.57
"17448","V0857","R016",1
"17449","V0857","R047",3.22
"17450","V0857","R019",2.67
"17451","V0857","R049",1.95
"17452","V0857","R003",6.25
"17453","V0857","R005",3.84
"17454","V0857","R050",5.64
"17455","V0857","R014",2.06
"17456","V0858","R031",2.66
"17457","V0858","R023",3.79
"17458","V0858","R009",2.17
"17459","V0858","R029",2.91
"17460","V0858","R007",3.81
"17461","V0858","R018",4.49
"17462","V0858","R030",3.27
"17463","V0858","R005",0.87
"17464","V0858","R048",3.01
"17465","V0858","R039",4.45
"17466","V0858","R027",1.85
"17467","V0858","R047",1.36
"17468","V0858","R017",3.15
"17469","V0858","R024",3.64
"17470","V0858","R004",3.35
"17471","V0858","R034",3.76
"17472","V0858","R044",4.53
"17473","V0858","R035",2.61
"17474","V0858","R046",1.13
"17475","V0858","R014",4.05
"17476","V0858","R038",2.61
"17477","V0859","R044",4.47
"17478","V0859","R041",5.87
"17479","V0859","R010",3.14
"17480","V0859","R019",3.34
"17481","V0859","R046",5.07
"17482","V0859","R025",2.09
"17483","V0859","R039",4.21
"17484","V0859","R005",5.48
"17485","V0859","R003",4.63
"17486","V0859","R037",4.19
"17487","V0859","R024",3.65
"17488","V0859","R022",3.37
"17489","V0859","R014",6.05
"17490","V0859","R018",3.48
"17491","V0859","R021",3.69
"17492","V0859","R016",2.85
"17493","V0859","R048",4.31
"17494","V0859","R031",6.13
"17495","V0859","R011",5.25
"17496","V0859","R049",2.92
"17497","V0859","R012",6.37
"17498","V0859","R009",5.46
"17499","V0859","R050",4.51
"17500","V0860","R050",2.74
"17501","V0860","R041",4.52
"17502","V0860","R005",3.7
"17503","V0860","R042",1.84
"17504","V0860","R040",2.06
"17505","V0860","R026",2.08
"17506","V0860","R009",3.47
"17507","V0860","R017",2.03
"17508","V0860","R036",2.41
"17509","V0860","R021",1.72
"17510","V0861","R032",3.33
"17511","V0861","R041",3.66
"17512","V0861","R029",2.74
"17513","V0861","R005",4.59
"17514","V0861","R014",2.61
"17515","V0861","R012",3.63
"17516","V0861","R036",3.41
"17517","V0861","R004",1.22
"17518","V0861","R043",2.93
"17519","V0861","R035",3.09
"17520","V0861","R027",3.88
"17521","V0861","R013",1.84
"17522","V0861","R026",2.55
"17523","V0861","R045",1.75
"17524","V0861","R046",3.24
"17525","V0861","R011",4.79
"17526","V0861","R031",2.16
"17527","V0861","R025",3.16
"17528","V0861","R050",4.77
"17529","V0861","R023",2.61
"17530","V0861","R040",1.67
"17531","V0861","R019",2.68
"17532","V0861","R016",2.91
"17533","V0861","R039",1.47
"17534","V0861","R034",4.33
"17535","V0861","R015",3.24
"17536","V0862","R016",4.17
"17537","V0862","R025",3.29
"17538","V0862","R043",4.45
"17539","V0862","R045",3.9
"17540","V0862","R012",4.19
"17541","V0862","R015",3.59
"17542","V0862","R002",2.43
"17543","V0862","R020",3.98
"17544","V0862","R017",2.44
"17545","V0862","R003",3.51
"17546","V0862","R039",1.91
"17547","V0863","R026",4.19
"17548","V0863","R019",2.77
"17549","V0863","R005",3.43
"17550","V0863","R015",4.46
"17551","V0863","R044",2.45
"17552","V0863","R031",3.43
"17553","V0863","R040",4.57
"17554","V0863","R032",3.15
"17555","V0863","R014",4.85
"17556","V0863","R049",3.23
"17557","V0863","R020",3.53
"17558","V0863","R025",4.51
"17559","V0863","R028",2.92
"17560","V0863","R009",3.21
"17561","V0863","R030",3.12
"17562","V0863","R042",1.59
"17563","V0863","R034",2.45
"17564","V0863","R041",3.7
"17565","V0863","R033",3.93
"17566","V0863","R001",4.68
"17567","V0863","R012",2.53
"17568","V0864","R008",3.11
"17569","V0864","R024",3.48
"17570","V0864","R036",5.55
"17571","V0864","R032",4.51
"17572","V0864","R026",4.34
"17573","V0864","R034",3.78
"17574","V0864","R016",3.76
"17575","V0864","R043",4.57
"17576","V0864","R050",3.47
"17577","V0864","R019",2.47
"17578","V0864","R004",4.06
"17579","V0864","R033",5.46
"17580","V0864","R025",4.57
"17581","V0864","R039",3.72
"17582","V0864","R021",3.84
"17583","V0864","R027",3.87
"17584","V0865","R037",4.33
"17585","V0865","R015",3.39
"17586","V0865","R047",3.41
"17587","V0865","R041",3.53
"17588","V0865","R012",5.23
"17589","V0865","R042",2.65
"17590","V0865","R032",3.51
"17591","V0865","R004",4.23
"17592","V0865","R018",3.4
"17593","V0865","R049",4.05
"17594","V0865","R022",3.16
"17595","V0865","R001",6.65
"17596","V0865","R024",4.19
"17597","V0865","R035",5.97
"17598","V0865","R033",4.5
"17599","V0865","R014",4.94
"17600","V0865","R043",4.84
"17601","V0865","R023",2.69
"17602","V0866","R007",5.64
"17603","V0866","R050",3.32
"17604","V0866","R032",3.06
"17605","V0866","R024",4.13
"17606","V0866","R004",4.66
"17607","V0866","R017",4.4
"17608","V0866","R009",3.95
"17609","V0866","R039",0.94
"17610","V0866","R026",3.9
"17611","V0866","R047",3.32
"17612","V0866","R008",4.55
"17613","V0866","R046",4.38
"17614","V0866","R022",5.16
"17615","V0866","R005",3.49
"17616","V0866","R012",5.57
"17617","V0866","R029",3.64
"17618","V0866","R043",4.62
"17619","V0866","R003",5.5
"17620","V0866","R044",4.57
"17621","V0866","R041",4.51
"17622","V0866","R042",2.26
"17623","V0866","R031",4.13
"17624","V0866","R016",3.25
"17625","V0866","R037",3.78
"17626","V0866","R035",3.54
"17627","V0866","R040",4.97
"17628","V0866","R048",2.2
"17629","V0867","R040",2.59
"17630","V0867","R045",2.62
"17631","V0867","R044",1.78
"17632","V0867","R020",3.67
"17633","V0867","R002",3.47
"17634","V0867","R005",3.95
"17635","V0867","R024",3.36
"17636","V0867","R047",2.77
"17637","V0867","R014",2.81
"17638","V0867","R041",4.24
"17639","V0867","R012",1.67
"17640","V0867","R032",2.43
"17641","V0867","R043",3.24
"17642","V0867","R023",4.06
"17643","V0867","R038",2.7
"17644","V0867","R033",3.09
"17645","V0867","R028",1.39
"17646","V0867","R034",3.16
"17647","V0867","R031",3.5
"17648","V0867","R036",1.92
"17649","V0867","R027",2.71
"17650","V0867","R013",1.42
"17651","V0867","R011",2.29
"17652","V0867","R029",3.54
"17653","V0867","R048",1.64
"17654","V0867","R050",3.56
"17655","V0867","R008",1.82
"17656","V0868","R018",2.46
"17657","V0868","R048",2.34
"17658","V0868","R025",5.5
"17659","V0868","R004",5.12
"17660","V0868","R033",3.84
"17661","V0868","R011",5.8
"17662","V0868","R005",4.26
"17663","V0868","R022",2.61
"17664","V0868","R017",5.37
"17665","V0868","R038",3.67
"17666","V0868","R007",5.19
"17667","V0868","R016",4.46
"17668","V0868","R030",3.02
"17669","V0868","R039",4.76
"17670","V0868","R008",4.41
"17671","V0868","R027",3.65
"17672","V0868","R037",5.9
"17673","V0868","R012",4.82
"17674","V0868","R035",4
"17675","V0868","R043",4.48
"17676","V0869","R042",5.07
"17677","V0869","R044",2.34
"17678","V0869","R028",3.28
"17679","V0869","R045",2.5
"17680","V0869","R029",2.66
"17681","V0869","R022",3.42
"17682","V0869","R038",4.54
"17683","V0869","R015",5.34
"17684","V0869","R032",4.19
"17685","V0869","R009",5.49
"17686","V0869","R018",5.25
"17687","V0870","R001",4.71
"17688","V0870","R008",2.29
"17689","V0870","R020",4.12
"17690","V0870","R012",1.89
"17691","V0870","R047",2.86
"17692","V0870","R041",4.12
"17693","V0870","R013",1.95
"17694","V0870","R035",3.13
"17695","V0870","R029",1.42
"17696","V0870","R042",2.76
"17697","V0870","R040",1.95
"17698","V0870","R044",3.04
"17699","V0870","R045",3.1
"17700","V0870","R023",4.03
"17701","V0870","R019",2.63
"17702","V0870","R015",2.97
"17703","V0870","R027",2.9
"17704","V0870","R032",3.48
"17705","V0870","R017",1.89
"17706","V0870","R004",4.2
"17707","V0871","R011",1.99
"17708","V0871","R020",1.71
"17709","V0871","R030",2.43
"17710","V0871","R013",1.39
"17711","V0871","R023",0
"17712","V0871","R050",2.96
"17713","V0871","R033",2.09
"17714","V0871","R037",1.56
"17715","V0871","R006",3.16
"17716","V0871","R029",1.95
"17717","V0871","R017",3.48
"17718","V0871","R042",1.47
"17719","V0871","R045",0.73
"17720","V0871","R010",3.14
"17721","V0871","R012",1.58
"17722","V0871","R046",1.71
"17723","V0871","R022",1.3
"17724","V0871","R004",2.46
"17725","V0871","R032",3.68
"17726","V0871","R040",3.67
"17727","V0871","R002",3.22
"17728","V0872","R031",3.04
"17729","V0872","R030",3.95
"17730","V0872","R013",1.6
"17731","V0872","R032",3.23
"17732","V0872","R035",3.54
"17733","V0872","R040",3.46
"17734","V0872","R017",3.52
"17735","V0872","R043",3.62
"17736","V0872","R036",1.69
"17737","V0872","R011",2.21
"17738","V0872","R014",3.52
"17739","V0873","R044",1.93
"17740","V0873","R003",2.83
"17741","V0873","R028",2.23
"17742","V0873","R023",1.43
"17743","V0873","R037",1.26
"17744","V0873","R007",4.43
"17745","V0873","R024",2.37
"17746","V0873","R047",2.07
"17747","V0873","R027",2.81
"17748","V0873","R029",2.44
"17749","V0873","R008",2.56
"17750","V0873","R046",4.42
"17751","V0873","R017",0
"17752","V0873","R004",0.24
"17753","V0873","R043",2.44
"17754","V0873","R042",3.77
"17755","V0873","R010",1.78
"17756","V0873","R049",2.42
"17757","V0874","R012",5.85
"17758","V0874","R026",3.72
"17759","V0874","R045",4.22
"17760","V0874","R015",4.59
"17761","V0874","R003",3.62
"17762","V0874","R047",4.59
"17763","V0874","R037",2.05
"17764","V0874","R028",3.14
"17765","V0874","R014",4.65
"17766","V0874","R023",4.22
"17767","V0874","R039",3.22
"17768","V0874","R020",4.33
"17769","V0874","R016",4.1
"17770","V0874","R046",3.12
"17771","V0874","R001",3.53
"17772","V0874","R049",3.91
"17773","V0875","R030",3.74
"17774","V0875","R014",4.63
"17775","V0875","R047",1.51
"17776","V0875","R042",3.76
"17777","V0875","R011",3.52
"17778","V0875","R040",4.04
"17779","V0875","R004",5.79
"17780","V0875","R028",4.67
"17781","V0875","R032",4.35
"17782","V0875","R009",3.37
"17783","V0875","R039",4.54
"17784","V0875","R008",2.53
"17785","V0876","R014",6.85
"17786","V0876","R023",5.66
"17787","V0876","R001",6.44
"17788","V0876","R037",2.35
"17789","V0876","R009",3.57
"17790","V0876","R003",4.25
"17791","V0876","R045",2.1
"17792","V0876","R036",4.4
"17793","V0876","R035",4.43
"17794","V0876","R008",2.86
"17795","V0876","R048",3.43
"17796","V0876","R019",4.06
"17797","V0876","R049",4.52
"17798","V0876","R034",3.52
"17799","V0876","R047",3.93
"17800","V0876","R017",5.11
"17801","V0876","R046",4.8
"17802","V0876","R040",4.27
"17803","V0876","R038",4.54
"17804","V0876","R028",4.33
"17805","V0876","R004",4.18
"17806","V0876","R013",4.09
"17807","V0876","R050",4.51
"17808","V0876","R041",6.01
"17809","V0876","R007",4.08
"17810","V0876","R026",2.98
"17811","V0877","R050",4.25
"17812","V0877","R030",3.79
"17813","V0877","R024",3.06
"17814","V0877","R006",4.69
"17815","V0877","R045",3.14
"17816","V0877","R001",4.79
"17817","V0877","R015",1.16
"17818","V0877","R049",3.02
"17819","V0877","R046",5.92
"17820","V0877","R032",2.99
"17821","V0877","R002",2.56
"17822","V0877","R021",3.1
"17823","V0877","R009",4.58
"17824","V0877","R007",5.11
"17825","V0877","R010",4.26
"17826","V0877","R041",5
"17827","V0877","R038",4.06
"17828","V0877","R020",4.26
"17829","V0877","R039",3.29
"17830","V0877","R003",3.23
"17831","V0877","R048",3.32
"17832","V0877","R014",3.05
"17833","V0877","R043",2.24
"17834","V0877","R011",3.89
"17835","V0877","R016",4.47
"17836","V0877","R040",3.58
"17837","V0877","R023",3.17
"17838","V0877","R004",3.63
"17839","V0877","R025",2.41
"17840","V0878","R044",3.4
"17841","V0878","R004",7.35
"17842","V0878","R024",5.28
"17843","V0878","R042",3.64
"17844","V0878","R018",3.54
"17845","V0878","R006",3.32
"17846","V0878","R017",3.63
"17847","V0878","R050",5.28
"17848","V0878","R033",4.72
"17849","V0878","R048",4.45
"17850","V0878","R009",2.92
"17851","V0878","R005",4.64
"17852","V0878","R046",4.03
"17853","V0878","R001",6.52
"17854","V0878","R039",3.25
"17855","V0879","R024",2.36
"17856","V0879","R048",3.99
"17857","V0879","R020",3.04
"17858","V0879","R003",1.21
"17859","V0879","R019",3.09
"17860","V0879","R035",3
"17861","V0879","R008",3.39
"17862","V0879","R038",3.08
"17863","V0879","R043",4.12
"17864","V0879","R022",3.1
"17865","V0879","R028",3.75
"17866","V0879","R032",3.2
"17867","V0879","R045",3.75
"17868","V0879","R033",1.72
"17869","V0879","R011",2.63
"17870","V0879","R040",4.13
"17871","V0879","R017",3.31
"17872","V0879","R006",2.37
"17873","V0879","R015",1.21
"17874","V0879","R037",3.71
"17875","V0879","R012",5.44
"17876","V0879","R041",2.78
"17877","V0879","R007",2.61
"17878","V0879","R049",3.19
"17879","V0879","R018",2.92
"17880","V0879","R001",4.38
"17881","V0879","R025",3.91
"17882","V0879","R039",3.39
"17883","V0879","R027",4.16
"17884","V0879","R016",4.19
"17885","V0880","R026",3.21
"17886","V0880","R030",1.2
"17887","V0880","R004",1.63
"17888","V0880","R021",2.22
"17889","V0880","R025",3.76
"17890","V0880","R034",2.98
"17891","V0880","R007",1.2
"17892","V0880","R044",4.6
"17893","V0880","R019",3.16
"17894","V0880","R037",2.77
"17895","V0880","R035",1.9
"17896","V0880","R009",4.32
"17897","V0880","R014",4.5
"17898","V0880","R023",4.81
"17899","V0880","R017",3.51
"17900","V0880","R033",3.42
"17901","V0880","R041",3.44
"17902","V0880","R031",1.89
"17903","V0880","R028",2.48
"17904","V0880","R011",2.61
"17905","V0880","R042",1.45
"17906","V0880","R040",2.78
"17907","V0880","R018",3.68
"17908","V0880","R020",3.84
"17909","V0880","R039",3.26
"17910","V0880","R043",2.68
"17911","V0880","R036",2.7
"17912","V0880","R046",1.3
"17913","V0880","R049",2.2
"17914","V0881","R050",4.96
"17915","V0881","R002",3.21
"17916","V0881","R028",3.18
"17917","V0881","R001",3.96
"17918","V0881","R047",2.54
"17919","V0881","R032",3.87
"17920","V0881","R011",5.46
"17921","V0881","R024",4.53
"17922","V0881","R036",3.23
"17923","V0881","R012",3.68
"17924","V0881","R020",4.92
"17925","V0881","R030",3.49
"17926","V0881","R013",3.47
"17927","V0881","R035",1.46
"17928","V0881","R045",1.32
"17929","V0881","R006",3.17
"17930","V0881","R048",3.01
"17931","V0881","R038",3.11
"17932","V0881","R005",4.59
"17933","V0881","R044",3.15
"17934","V0881","R037",4.64
"17935","V0882","R009",4.45
"17936","V0882","R046",4.44
"17937","V0882","R045",1.84
"17938","V0882","R016",6.05
"17939","V0882","R043",3.5
"17940","V0882","R047",3.16
"17941","V0882","R020",3.15
"17942","V0882","R004",5.45
"17943","V0882","R001",3.28
"17944","V0882","R034",3.53
"17945","V0882","R050",5.04
"17946","V0882","R010",3.26
"17947","V0882","R019",4.23
"17948","V0882","R049",0.78
"17949","V0882","R006",2.43
"17950","V0882","R023",2.79
"17951","V0882","R008",2.21
"17952","V0882","R040",4.64
"17953","V0882","R028",3.23
"17954","V0882","R036",1.59
"17955","V0882","R038",3.61
"17956","V0882","R013",2.65
"17957","V0882","R011",3.29
"17958","V0882","R033",3.69
"17959","V0882","R005",2.94
"17960","V0883","R043",2.07
"17961","V0883","R039",2.95
"17962","V0883","R001",1.98
"17963","V0883","R014",3.2
"17964","V0883","R023",2.87
"17965","V0883","R040",3.54
"17966","V0883","R048",1.25
"17967","V0883","R034",0.07
"17968","V0883","R025",2.8
"17969","V0883","R003",2.81
"17970","V0883","R021",3.63
"17971","V0883","R044",3.11
"17972","V0883","R002",2.37
"17973","V0883","R036",1.94
"17974","V0883","R018",3.98
"17975","V0883","R026",2
"17976","V0883","R032",1.7
"17977","V0883","R007",2.42
"17978","V0883","R041",1.09
"17979","V0883","R008",1.94
"17980","V0883","R042",3.5
"17981","V0884","R034",5.89
"17982","V0884","R001",4.88
"17983","V0884","R029",5.39
"17984","V0884","R011",4.55
"17985","V0884","R009",3.71
"17986","V0884","R033",5.22
"17987","V0884","R028",4.36
"17988","V0884","R042",3.67
"17989","V0884","R049",4.44
"17990","V0884","R023",3.5
"17991","V0884","R007",3.58
"17992","V0884","R037",4.91
"17993","V0884","R002",3.97
"17994","V0885","R038",4.38
"17995","V0885","R019",3.91
"17996","V0885","R017",2.86
"17997","V0885","R039",2.16
"17998","V0885","R009",2.95
"17999","V0885","R010",4.15
"18000","V0885","R022",2.76
"18001","V0885","R035",2.39
"18002","V0885","R026",4.21
"18003","V0885","R048",3.5
"18004","V0885","R006",3.19
"18005","V0885","R040",4.14
"18006","V0886","R048",0.57
"18007","V0886","R050",3.38
"18008","V0886","R030",3.75
"18009","V0886","R047",0.76
"18010","V0886","R045",2.7
"18011","V0886","R004",3.46
"18012","V0886","R009",5.1
"18013","V0886","R034",1.92
"18014","V0886","R015",2.67
"18015","V0886","R025",3.63
"18016","V0886","R040",3.72
"18017","V0886","R020",3.59
"18018","V0886","R018",4.67
"18019","V0886","R017",1.95
"18020","V0886","R019",3.08
"18021","V0886","R022",2.86
"18022","V0886","R006",3.3
"18023","V0886","R008",3.33
"18024","V0886","R035",2.53
"18025","V0886","R042",3.37
"18026","V0886","R001",4.7
"18027","V0886","R024",4.02
"18028","V0886","R011",5.34
"18029","V0886","R049",3.74
"18030","V0886","R026",3.08
"18031","V0886","R005",1.58
"18032","V0886","R038",3.74
"18033","V0886","R041",1.64
"18034","V0886","R036",3.33
"18035","V0887","R029",1.87
"18036","V0887","R009",1.49
"18037","V0887","R003",3.11
"18038","V0887","R044",2.73
"18039","V0887","R006",2.15
"18040","V0887","R024",1.58
"18041","V0887","R017",3.16
"18042","V0887","R014",3.08
"18043","V0887","R049",3.63
"18044","V0887","R021",3.19
"18045","V0887","R042",4.45
"18046","V0888","R028",3.61
"18047","V0888","R010",4.62
"18048","V0888","R036",4.39
"18049","V0888","R021",3.43
"18050","V0888","R047",1.91
"18051","V0888","R038",1.91
"18052","V0888","R023",3.39
"18053","V0888","R003",3.26
"18054","V0888","R029",4.23
"18055","V0888","R025",4.92
"18056","V0888","R035",2.43
"18057","V0888","R031",5.34
"18058","V0888","R018",4.69
"18059","V0888","R034",4.14
"18060","V0888","R049",4.98
"18061","V0888","R044",5.96
"18062","V0888","R017",3.69
"18063","V0888","R014",4.44
"18064","V0889","R048",2.16
"18065","V0889","R021",3.85
"18066","V0889","R041",3.27
"18067","V0889","R037",2.9
"18068","V0889","R011",2.08
"18069","V0889","R008",1.25
"18070","V0889","R039",3.86
"18071","V0889","R043",2.58
"18072","V0889","R029",2.51
"18073","V0889","R028",1.76
"18074","V0889","R013",3.41
"18075","V0889","R020",3.2
"18076","V0889","R023",3.54
"18077","V0889","R042",3
"18078","V0889","R036",1.56
"18079","V0889","R015",3.22
"18080","V0890","R037",3.93
"18081","V0890","R020",3.43
"18082","V0890","R014",1.1
"18083","V0890","R002",3.67
"18084","V0890","R025",1.39
"18085","V0890","R046",3.19
"18086","V0890","R032",2.83
"18087","V0890","R013",2.2
"18088","V0890","R004",1.07
"18089","V0890","R038",2.84
"18090","V0890","R027",3.94
"18091","V0890","R018",3.52
"18092","V0890","R022",3.18
"18093","V0890","R019",3.3
"18094","V0890","R015",1.23
"18095","V0890","R008",0.76
"18096","V0890","R021",2.26
"18097","V0890","R017",2.9
"18098","V0890","R031",2.26
"18099","V0890","R044",4
"18100","V0890","R045",1.39
"18101","V0890","R036",0.54
"18102","V0890","R028",1.72
"18103","V0890","R026",1.72
"18104","V0891","R024",3.71
"18105","V0891","R006",4.07
"18106","V0891","R045",2.27
"18107","V0891","R039",3.38
"18108","V0891","R041",3.73
"18109","V0891","R012",3.67
"18110","V0891","R020",3.23
"18111","V0891","R003",5.2
"18112","V0891","R009",4.79
"18113","V0891","R017",5.41
"18114","V0891","R016",3.95
"18115","V0891","R002",3.4
"18116","V0891","R022",2.95
"18117","V0891","R032",4.27
"18118","V0891","R043",2.18
"18119","V0891","R049",4.09
"18120","V0891","R008",4.62
"18121","V0891","R034",2.73
"18122","V0891","R031",4.9
"18123","V0891","R025",1.96
"18124","V0891","R007",4.66
"18125","V0891","R050",2.83
"18126","V0891","R028",2.8
"18127","V0891","R036",3.46
"18128","V0891","R044",2.63
"18129","V0892","R014",3.12
"18130","V0892","R033",5.42
"18131","V0892","R018",2.44
"18132","V0892","R034",3.77
"18133","V0892","R029",2.79
"18134","V0892","R002",3.56
"18135","V0892","R028",1.96
"18136","V0892","R020",2.98
"18137","V0892","R011",1.47
"18138","V0892","R048",1.58
"18139","V0892","R022",0
"18140","V0892","R027",1.96
"18141","V0892","R036",2.27
"18142","V0892","R004",2.79
"18143","V0892","R007",1.42
"18144","V0892","R038",2.54
"18145","V0892","R003",2.75
"18146","V0892","R026",4.31
"18147","V0892","R006",3.76
"18148","V0892","R025",1.77
"18149","V0892","R024",2.35
"18150","V0892","R046",4.12
"18151","V0892","R045",1.04
"18152","V0892","R042",3.05
"18153","V0892","R013",4.24
"18154","V0892","R049",0.85
"18155","V0892","R031",3.02
"18156","V0892","R039",4.5
"18157","V0893","R001",4.34
"18158","V0893","R025",3.81
"18159","V0893","R002",2.35
"18160","V0893","R004",4.55
"18161","V0893","R044",1.71
"18162","V0893","R033",4.25
"18163","V0893","R006",3.37
"18164","V0893","R021",3.32
"18165","V0893","R030",1.34
"18166","V0893","R048",3.25
"18167","V0893","R020",4.18
"18168","V0893","R013",4.37
"18169","V0893","R047",3.33
"18170","V0893","R011",4.69
"18171","V0893","R023",4.09
"18172","V0893","R005",3.49
"18173","V0893","R027",3.39
"18174","V0893","R045",1.24
"18175","V0893","R018",5.13
"18176","V0893","R003",5.28
"18177","V0893","R036",2.29
"18178","V0893","R046",3.72
"18179","V0894","R029",3.52
"18180","V0894","R002",3.67
"18181","V0894","R044",3.74
"18182","V0894","R048",1.12
"18183","V0894","R050",4.26
"18184","V0894","R035",4.95
"18185","V0894","R026",2.67
"18186","V0894","R034",4.04
"18187","V0894","R031",2.34
"18188","V0894","R018",4.24
"18189","V0894","R020",4.16
"18190","V0894","R009",3.24
"18191","V0894","R014",2.51
"18192","V0894","R024",3.92
"18193","V0894","R023",3.86
"18194","V0894","R005",4.67
"18195","V0894","R045",3.3
"18196","V0895","R015",4.09
"18197","V0895","R031",5.94
"18198","V0895","R048",5.18
"18199","V0895","R014",6.03
"18200","V0895","R034",5.38
"18201","V0895","R042",4.34
"18202","V0895","R050",7.01
"18203","V0895","R008",5.95
"18204","V0895","R012",8.93
"18205","V0895","R013",5.19
"18206","V0895","R011",5.6
"18207","V0895","R004",5.23
"18208","V0895","R035",5.92
"18209","V0895","R022",3.73
"18210","V0895","R032",6.83
"18211","V0895","R017",6.21
"18212","V0895","R005",5.9
"18213","V0895","R001",6.29
"18214","V0895","R003",6.79
"18215","V0895","R028",4.57
"18216","V0895","R027",4.57
"18217","V0895","R010",5.3
"18218","V0895","R033",7.61
"18219","V0895","R018",4.51
"18220","V0895","R024",4.96
"18221","V0895","R007",7.84
"18222","V0895","R029",4.64
"18223","V0895","R047",4.19
"18224","V0895","R002",6.36
"18225","V0896","R030",3.28
"18226","V0896","R050",2.19
"18227","V0896","R026",2.5
"18228","V0896","R010",6.08
"18229","V0896","R028",3.39
"18230","V0896","R016",4.57
"18231","V0896","R020",3.25
"18232","V0896","R006",3.33
"18233","V0896","R034",3.41
"18234","V0896","R044",5.39
"18235","V0896","R024",5.08
"18236","V0896","R041",5.98
"18237","V0896","R013",2.09
"18238","V0896","R014",2.73
"18239","V0896","R017",4.34
"18240","V0896","R004",4.49
"18241","V0896","R035",4.03
"18242","V0896","R022",3.06
"18243","V0896","R031",4.69
"18244","V0896","R012",4.65
"18245","V0896","R042",2.35
"18246","V0896","R021",3.92
"18247","V0896","R007",4.88
"18248","V0896","R047",3.86
"18249","V0897","R007",4.11
"18250","V0897","R021",3.68
"18251","V0897","R038",1.46
"18252","V0897","R048",1.28
"18253","V0897","R035",4.36
"18254","V0897","R022",1.02
"18255","V0897","R027",4.48
"18256","V0897","R031",4.42
"18257","V0897","R016",3.84
"18258","V0897","R009",1.29
"18259","V0897","R030",2.74
"18260","V0897","R037",2.78
"18261","V0897","R017",2.85
"18262","V0897","R028",2.04
"18263","V0897","R013",2.12
"18264","V0897","R050",3.11
"18265","V0897","R010",2.02
"18266","V0897","R008",4.19
"18267","V0897","R005",2.52
"18268","V0897","R040",3.53
"18269","V0897","R041",2.91
"18270","V0897","R033",2.63
"18271","V0897","R024",3.17
"18272","V0898","R027",4.71
"18273","V0898","R035",4.36
"18274","V0898","R021",2.51
"18275","V0898","R014",2.61
"18276","V0898","R015",2.44
"18277","V0898","R050",3.31
"18278","V0898","R003",4.71
"18279","V0898","R030",3.77
"18280","V0898","R033",4.25
"18281","V0898","R022",4.29
"18282","V0899","R046",4.45
"18283","V0899","R033",5.28
"18284","V0899","R039",1.46
"18285","V0899","R023",4.03
"18286","V0899","R021",3.17
"18287","V0899","R049",3.64
"18288","V0899","R010",2.62
"18289","V0899","R050",5.11
"18290","V0899","R041",3.28
"18291","V0899","R018",4.14
"18292","V0899","R005",3.35
"18293","V0900","R002",4.2
"18294","V0900","R044",4.3
"18295","V0900","R017",4.58
"18296","V0900","R009",4.18
"18297","V0900","R048",3.89
"18298","V0900","R046",2.79
"18299","V0900","R016",3.9
"18300","V0900","R015",2.16
"18301","V0900","R030",3.45
"18302","V0900","R031",4.15
"18303","V0900","R024",3.94
"18304","V0900","R049",4.97
"18305","V0900","R019",3.04
"18306","V0900","R007",3.38
"18307","V0900","R014",4.85
"18308","V0900","R039",1.51
"18309","V0900","R041",4.36
"18310","V0901","R033",1.9
"18311","V0901","R045",1.32
"18312","V0901","R031",1.59
"18313","V0901","R007",3.77
"18314","V0901","R043",3.37
"18315","V0901","R050",4.64
"18316","V0901","R022",0.29
"18317","V0901","R026",4.03
"18318","V0901","R037",2.91
"18319","V0901","R005",1.49
"18320","V0901","R036",2.08
"18321","V0901","R024",2.81
"18322","V0901","R021",2.46
"18323","V0901","R019",0.46
"18324","V0901","R028",2.62
"18325","V0901","R049",5.02
"18326","V0901","R044",1.91
"18327","V0901","R008",1.35
"18328","V0901","R048",1.72
"18329","V0901","R009",2.79
"18330","V0901","R027",3.5
"18331","V0901","R020",3.45
"18332","V0901","R034",1.65
"18333","V0901","R040",2.1
"18334","V0901","R006",3
"18335","V0902","R041",4.43
"18336","V0902","R011",4.55
"18337","V0902","R049",5.22
"18338","V0902","R010",5.8
"18339","V0902","R018",5.36
"18340","V0902","R020",6.27
"18341","V0902","R040",4.87
"18342","V0902","R037",3.14
"18343","V0902","R032",5.28
"18344","V0902","R009",5.04
"18345","V0902","R046",3.29
"18346","V0902","R034",4.45
"18347","V0902","R014",5.03
"18348","V0902","R013",4.82
"18349","V0902","R039",5.57
"18350","V0902","R007",5.54
"18351","V0902","R035",3.29
"18352","V0902","R023",6.12
"18353","V0902","R006",4.74
"18354","V0902","R024",2.97
"18355","V0902","R017",5.75
"18356","V0902","R030",3.56
"18357","V0902","R033",4.77
"18358","V0902","R002",5.73
"18359","V0902","R036",5.3
"18360","V0902","R021",4.04
"18361","V0903","R048",2.23
"18362","V0903","R011",4.18
"18363","V0903","R013",1.85
"18364","V0903","R027",4.66
"18365","V0903","R045",3.62
"18366","V0903","R034",4.23
"18367","V0903","R033",3.39
"18368","V0903","R046",3.53
"18369","V0903","R014",3.76
"18370","V0903","R030",3.54
"18371","V0903","R050",2.75
"18372","V0903","R025",5.22
"18373","V0903","R005",3.49
"18374","V0903","R019",6.17
"18375","V0903","R001",4.7
"18376","V0903","R036",4.56
"18377","V0903","R012",4.47
"18378","V0903","R028",2.92
"18379","V0903","R049",5.09
"18380","V0903","R038",3.18
"18381","V0903","R006",4.07
"18382","V0903","R043",5.08
"18383","V0903","R017",3.19
"18384","V0903","R047",3.53
"18385","V0903","R039",3.29
"18386","V0904","R026",2.6
"18387","V0904","R016",3.48
"18388","V0904","R006",0.86
"18389","V0904","R034",3.16
"18390","V0904","R031",4.01
"18391","V0904","R040",3.2
"18392","V0904","R024",3.89
"18393","V0904","R028",1.78
"18394","V0904","R018",2.29
"18395","V0904","R017",4.42
"18396","V0904","R010",4.26
"18397","V0904","R004",1.78
"18398","V0904","R015",2.79
"18399","V0904","R012",3.72
"18400","V0904","R003",5.02
"18401","V0904","R001",3.71
"18402","V0904","R039",4.78
"18403","V0904","R007",2.62
"18404","V0904","R013",3.81
"18405","V0904","R002",2.38
"18406","V0904","R027",2.74
"18407","V0904","R037",1.31
"18408","V0904","R044",2.77
"18409","V0904","R041",2.9
"18410","V0904","R009",2.7
"18411","V0904","R045",2.47
"18412","V0905","R009",0.73
"18413","V0905","R042",2.17
"18414","V0905","R034",1.95
"18415","V0905","R001",3.78
"18416","V0905","R047",1.15
"18417","V0905","R044",1.97
"18418","V0905","R040",2.84
"18419","V0905","R033",3.72
"18420","V0905","R024",3.84
"18421","V0905","R036",1.55
"18422","V0905","R037",1.88
"18423","V0905","R015",1.66
"18424","V0905","R013",1.38
"18425","V0905","R038",0.23
"18426","V0906","R039",2.97
"18427","V0906","R001",4.32
"18428","V0906","R044",2.72
"18429","V0906","R048",4.44
"18430","V0906","R008",4.28
"18431","V0906","R032",2.53
"18432","V0906","R013",3.44
"18433","V0906","R030",3.76
"18434","V0906","R015",2.58
"18435","V0906","R016",3.6
"18436","V0906","R017",4.18
"18437","V0906","R011",5.7
"18438","V0906","R009",3.2
"18439","V0906","R031",3.54
"18440","V0906","R046",3.43
"18441","V0906","R040",2.04
"18442","V0906","R038",3.39
"18443","V0906","R025",5.17
"18444","V0906","R022",1.4
"18445","V0906","R036",2.75
"18446","V0906","R021",1.65
"18447","V0906","R023",4.9
"18448","V0906","R010",2.52
"18449","V0906","R043",2.93
"18450","V0906","R035",3.12
"18451","V0906","R019",1.64
"18452","V0906","R034",3.17
"18453","V0906","R029",3.97
"18454","V0906","R026",4.69
"18455","V0906","R024",3.13
"18456","V0907","R048",3.03
"18457","V0907","R006",3.69
"18458","V0907","R003",3.31
"18459","V0907","R025",3.39
"18460","V0907","R033",2.63
"18461","V0907","R004",4.47
"18462","V0907","R041",2.14
"18463","V0907","R020",4.73
"18464","V0907","R022",2.74
"18465","V0907","R005",1.9
"18466","V0907","R032",2.38
"18467","V0907","R002",1.62
"18468","V0907","R029",2.42
"18469","V0907","R040",2.66
"18470","V0907","R010",2.57
"18471","V0907","R008",2.99
"18472","V0907","R045",1.15
"18473","V0907","R027",3.85
"18474","V0907","R038",2.5
"18475","V0907","R030",2.44
"18476","V0907","R013",1.5
"18477","V0907","R024",4.07
"18478","V0907","R023",2.61
"18479","V0908","R018",1.11
"18480","V0908","R032",3.4
"18481","V0908","R033",3.58
"18482","V0908","R003",2.38
"18483","V0908","R012",2.11
"18484","V0908","R027",1.86
"18485","V0908","R050",2.88
"18486","V0908","R019",2.81
"18487","V0908","R004",3.03
"18488","V0908","R006",1.06
"18489","V0909","R006",2.5
"18490","V0909","R034",4.89
"18491","V0909","R022",4.6
"18492","V0909","R040",1.65
"18493","V0909","R042",1.96
"18494","V0909","R003",3.98
"18495","V0909","R026",4.5
"18496","V0909","R009",5.27
"18497","V0909","R045",3.81
"18498","V0909","R046",2.27
"18499","V0909","R001",2.98
"18500","V0909","R021",3.8
"18501","V0909","R030",2.85
"18502","V0909","R044",4.39
"18503","V0909","R050",3.45
"18504","V0909","R020",3.06
"18505","V0910","R046",1.74
"18506","V0910","R048",4.65
"18507","V0910","R008",4.9
"18508","V0910","R007",4.63
"18509","V0910","R037",4.86
"18510","V0910","R009",6.33
"18511","V0910","R020",4.39
"18512","V0910","R026",2.6
"18513","V0910","R021",3.31
"18514","V0910","R043",4.16
"18515","V0910","R018",3.12
"18516","V0911","R032",1.98
"18517","V0911","R047",2.46
"18518","V0911","R050",2.95
"18519","V0911","R049",3.51
"18520","V0911","R018",3.86
"18521","V0911","R011",3.45
"18522","V0911","R037",2.53
"18523","V0911","R044",3.15
"18524","V0911","R024",3.29
"18525","V0911","R013",4.81
"18526","V0911","R006",3.62
"18527","V0911","R010",3.92
"18528","V0911","R048",2.67
"18529","V0911","R031",3.93
"18530","V0911","R033",3.65
"18531","V0911","R046",2.7
"18532","V0911","R017",3.37
"18533","V0911","R016",3.44
"18534","V0911","R015",1.49
"18535","V0911","R040",3.02
"18536","V0911","R030",3.36
"18537","V0911","R005",4.91
"18538","V0911","R035",4.01
"18539","V0911","R008",3.64
"18540","V0911","R025",2.4
"18541","V0911","R042",3.67
"18542","V0911","R028",1.59
"18543","V0911","R034",3.01
"18544","V0912","R008",2.13
"18545","V0912","R016",2.31
"18546","V0912","R007",3.88
"18547","V0912","R032",3.04
"18548","V0912","R034",3.53
"18549","V0912","R004",2.66
"18550","V0912","R044",2.66
"18551","V0912","R041",0.7
"18552","V0912","R043",2.31
"18553","V0912","R003",3.54
"18554","V0912","R050",2.95
"18555","V0912","R019",4.66
"18556","V0912","R011",2.32
"18557","V0912","R048",5.41
"18558","V0912","R020",2.4
"18559","V0912","R035",4.33
"18560","V0913","R014",2.25
"18561","V0913","R010",4
"18562","V0913","R035",0.34
"18563","V0913","R023",3.38
"18564","V0913","R027",3.64
"18565","V0913","R028",0.74
"18566","V0913","R030",2.18
"18567","V0913","R033",0.93
"18568","V0913","R042",1.67
"18569","V0913","R031",3.02
"18570","V0913","R037",3.86
"18571","V0913","R020",1.96
"18572","V0913","R025",2.96
"18573","V0913","R015",3.1
"18574","V0913","R018",1.79
"18575","V0913","R008",1.3
"18576","V0913","R012",3.76
"18577","V0913","R038",3.71
"18578","V0913","R001",2.95
"18579","V0913","R029",3.28
"18580","V0913","R007",1.69
"18581","V0913","R026",2.82
"18582","V0913","R024",1.97
"18583","V0913","R036",0.6
"18584","V0913","R022",1.44
"18585","V0914","R033",2.83
"18586","V0914","R047",0.14
"18587","V0914","R010",2.42
"18588","V0914","R046",3.38
"18589","V0914","R014",3.12
"18590","V0914","R006",2.35
"18591","V0914","R008",3.58
"18592","V0914","R012",2.23
"18593","V0914","R013",2.19
"18594","V0914","R030",3.49
"18595","V0914","R043",2.43
"18596","V0914","R025",3.2
"18597","V0914","R050",3.35
"18598","V0914","R026",3.59
"18599","V0914","R019",2.87
"18600","V0914","R024",4.1
"18601","V0914","R005",0.19
"18602","V0914","R048",3.29
"18603","V0914","R027",1.91
"18604","V0914","R041",3.69
"18605","V0914","R038",3.19
"18606","V0914","R036",2.99
"18607","V0914","R042",0.83
"18608","V0914","R022",3.4
"18609","V0914","R029",4.22
"18610","V0914","R031",3.62
"18611","V0915","R040",2.79
"18612","V0915","R041",2.07
"18613","V0915","R032",1.27
"18614","V0915","R046",3.43
"18615","V0915","R039",2.51
"18616","V0915","R025",2.72
"18617","V0915","R002",2.66
"18618","V0915","R038",2.45
"18619","V0915","R042",2.77
"18620","V0915","R020",4.75
"18621","V0915","R001",4.21
"18622","V0915","R030",3.94
"18623","V0915","R009",1.44
"18624","V0915","R007",3.1
"18625","V0915","R037",3.54
"18626","V0915","R029",3.55
"18627","V0915","R043",3.56
"18628","V0915","R015",4.35
"18629","V0915","R028",1.6
"18630","V0915","R003",2.69
"18631","V0915","R050",2.32
"18632","V0915","R016",1.36
"18633","V0915","R005",2.53
"18634","V0916","R038",2.88
"18635","V0916","R049",1.82
"18636","V0916","R032",3.69
"18637","V0916","R009",1.72
"18638","V0916","R021",2.51
"18639","V0916","R047",1.42
"18640","V0916","R016",2.31
"18641","V0916","R003",4.67
"18642","V0916","R043",3.19
"18643","V0916","R014",2.75
"18644","V0916","R033",4.25
"18645","V0916","R037",0
"18646","V0916","R029",1.97
"18647","V0916","R001",4.04
"18648","V0916","R026",3.38
"18649","V0916","R008",4.66
"18650","V0916","R017",4.1
"18651","V0916","R030",2.77
"18652","V0916","R034",2.6
"18653","V0917","R026",3.67
"18654","V0917","R010",4.31
"18655","V0917","R004",3.25
"18656","V0917","R013",2.93
"18657","V0917","R048",5.67
"18658","V0917","R039",2.71
"18659","V0917","R021",4.08
"18660","V0917","R008",4.36
"18661","V0917","R001",4.6
"18662","V0917","R023",3.23
"18663","V0917","R040",3.5
"18664","V0917","R003",2.54
"18665","V0917","R014",2.36
"18666","V0917","R019",3.53
"18667","V0917","R028",2.26
"18668","V0917","R029",2.69
"18669","V0917","R016",1.71
"18670","V0917","R005",5.37
"18671","V0918","R001",2.49
"18672","V0918","R014",2.38
"18673","V0918","R029",3.52
"18674","V0918","R047",2.13
"18675","V0918","R015",0.57
"18676","V0918","R025",2.36
"18677","V0918","R007",5.65
"18678","V0918","R003",4
"18679","V0918","R049",4.69
"18680","V0918","R045",5.46
"18681","V0918","R010",2.63
"18682","V0918","R024",3.47
"18683","V0919","R050",5.9
"18684","V0919","R046",3.64
"18685","V0919","R026",4.56
"18686","V0919","R005",3.29
"18687","V0919","R035",4.3
"18688","V0919","R034",4.31
"18689","V0919","R029",3.73
"18690","V0919","R008",2.38
"18691","V0919","R049",6.41
"18692","V0919","R041",4.51
"18693","V0919","R007",4.16
"18694","V0919","R016",3.56
"18695","V0919","R003",3.3
"18696","V0919","R028",1.92
"18697","V0919","R044",2.45
"18698","V0919","R040",5.79
"18699","V0919","R047",2.48
"18700","V0919","R031",4.69
"18701","V0919","R020",8.18
"18702","V0919","R042",3.93
"18703","V0919","R021",3.1
"18704","V0920","R024",5.38
"18705","V0920","R003",7.35
"18706","V0920","R026",2.7
"18707","V0920","R011",5.74
"18708","V0920","R033",4.7
"18709","V0920","R022",2.71
"18710","V0920","R014",5.5
"18711","V0920","R045",3.7
"18712","V0920","R036",5.19
"18713","V0920","R005",3.57
"18714","V0920","R034",5.73
"18715","V0920","R048",3.93
"18716","V0920","R027",3.92
"18717","V0920","R023",3.19
"18718","V0920","R019",3.02
"18719","V0920","R010",4.37
"18720","V0920","R035",4.7
"18721","V0920","R017",3.95
"18722","V0920","R029",3.06
"18723","V0920","R041",5.03
"18724","V0920","R018",4.36
"18725","V0920","R050",5.4
"18726","V0920","R002",3.91
"18727","V0920","R021",3.54
"18728","V0920","R047",3.73
"18729","V0920","R008",4.62
"18730","V0920","R004",3.98
"18731","V0920","R012",3.81
"18732","V0920","R001",5.26
"18733","V0920","R015",4.41
"18734","V0921","R043",3.19
"18735","V0921","R020",3.67
"18736","V0921","R048",3.46
"18737","V0921","R034",3.68
"18738","V0921","R013",3.1
"18739","V0921","R029",2.7
"18740","V0921","R019",2.43
"18741","V0921","R007",5.32
"18742","V0921","R004",2.09
"18743","V0921","R015",2.01
"18744","V0921","R011",3.48
"18745","V0921","R016",3.7
"18746","V0921","R018",1.42
"18747","V0921","R044",2.36
"18748","V0921","R038",3.8
"18749","V0921","R017",2.61
"18750","V0922","R028",2.59
"18751","V0922","R018",3.39
"18752","V0922","R029",3.97
"18753","V0922","R030",2.21
"18754","V0922","R050",2.9
"18755","V0922","R012",1.8
"18756","V0922","R044",0.69
"18757","V0922","R017",0.99
"18758","V0922","R023",3.53
"18759","V0922","R032",2.69
"18760","V0922","R048",2.46
"18761","V0922","R045",0.81
"18762","V0922","R031",3.54
"18763","V0922","R049",2.27
"18764","V0922","R016",3.99
"18765","V0922","R015",2.57
"18766","V0922","R020",3.1
"18767","V0922","R001",2.59
"18768","V0923","R043",3.53
"18769","V0923","R007",3.03
"18770","V0923","R022",0.45
"18771","V0923","R010",3.46
"18772","V0923","R040",3.58
"18773","V0923","R048",2.36
"18774","V0923","R038",3.14
"18775","V0923","R047",2.57
"18776","V0923","R033",2.67
"18777","V0923","R009",2.95
"18778","V0923","R006",5.55
"18779","V0923","R046",3.67
"18780","V0923","R035",2.29
"18781","V0923","R042",2.66
"18782","V0923","R050",2.13
"18783","V0923","R005",2.29
"18784","V0923","R045",3.96
"18785","V0923","R024",4.08
"18786","V0923","R039",1.14
"18787","V0923","R025",4.56
"18788","V0923","R036",2.35
"18789","V0923","R049",2.5
"18790","V0923","R016",3.83
"18791","V0923","R019",3.34
"18792","V0923","R044",3.56
"18793","V0923","R027",3.45
"18794","V0924","R020",4.06
"18795","V0924","R023",3.69
"18796","V0924","R046",4.56
"18797","V0924","R004",4.88
"18798","V0924","R041",5.11
"18799","V0924","R040",4.33
"18800","V0924","R027",4.47
"18801","V0924","R015",2.9
"18802","V0924","R024",3.48
"18803","V0924","R042",2.67
"18804","V0924","R014",3.78
"18805","V0924","R016",4.74
"18806","V0924","R028",4.57
"18807","V0924","R018",3.43
"18808","V0924","R013",5.47
"18809","V0924","R039",3.85
"18810","V0924","R032",2.15
"18811","V0924","R002",2.6
"18812","V0924","R017",2.99
"18813","V0924","R030",3.6
"18814","V0924","R005",3.13
"18815","V0924","R043",4.48
"18816","V0924","R034",6.7
"18817","V0924","R008",2.93
"18818","V0924","R019",3.2
"18819","V0925","R017",1.42
"18820","V0925","R041",3.22
"18821","V0925","R048",4.75
"18822","V0925","R013",2.8
"18823","V0925","R022",0.73
"18824","V0925","R032",1.36
"18825","V0925","R009",3.18
"18826","V0925","R043",1.68
"18827","V0925","R021",2.69
"18828","V0925","R050",2.87
"18829","V0925","R012",2.72
"18830","V0925","R047",2.23
"18831","V0925","R033",1.63
"18832","V0925","R027",2.78
"18833","V0925","R040",2.68
"18834","V0925","R025",1.87
"18835","V0925","R045",1.83
"18836","V0925","R034",3.41
"18837","V0925","R019",4.4
"18838","V0925","R046",2.21
"18839","V0926","R005",5.44
"18840","V0926","R040",4.71
"18841","V0926","R021",6.25
"18842","V0926","R020",6.68
"18843","V0926","R004",5.54
"18844","V0926","R041",5.11
"18845","V0926","R019",3.51
"18846","V0926","R003",6.58
"18847","V0926","R042",6.11
"18848","V0926","R008",5.77
"18849","V0926","R044",4.92
"18850","V0926","R018",4.76
"18851","V0926","R009",3.46
"18852","V0926","R011",5.51
"18853","V0926","R031",6.34
"18854","V0927","R015",3.69
"18855","V0927","R025",3.16
"18856","V0927","R007",3.9
"18857","V0927","R005",4.44
"18858","V0927","R043",4.59
"18859","V0927","R039",1.06
"18860","V0927","R036",2.92
"18861","V0927","R024",3.75
"18862","V0927","R003",2.63
"18863","V0927","R045",3.33
"18864","V0927","R029",4.01
"18865","V0927","R001",3.47
"18866","V0927","R040",4.04
"18867","V0927","R009",4.86
"18868","V0927","R022",1
"18869","V0927","R047",2.51
"18870","V0928","R004",6.2
"18871","V0928","R009",4.09
"18872","V0928","R037",5.02
"18873","V0928","R032",5.27
"18874","V0928","R018",4.93
"18875","V0928","R016",3.98
"18876","V0928","R019",4.62
"18877","V0928","R044",4.59
"18878","V0928","R028",3.82
"18879","V0928","R005",2.67
"18880","V0928","R025",2.96
"18881","V0928","R035",5.55
"18882","V0928","R002",4.48
"18883","V0928","R023",5.29
"18884","V0928","R039",4.42
"18885","V0928","R017",2.95
"18886","V0928","R043",3.62
"18887","V0928","R013",4.48
"18888","V0928","R049",4.38
"18889","V0928","R022",1.01
"18890","V0928","R050",4.15
"18891","V0928","R026",4.33
"18892","V0928","R020",3.6
"18893","V0928","R027",2.64
"18894","V0928","R006",3.54
"18895","V0928","R012",3.86
"18896","V0929","R038",5.49
"18897","V0929","R007",2.46
"18898","V0929","R049",2.01
"18899","V0929","R013",2.92
"18900","V0929","R039",4.66
"18901","V0929","R004",4.11
"18902","V0929","R047",1.54
"18903","V0929","R001",3.96
"18904","V0929","R018",2.71
"18905","V0929","R009",2.4
"18906","V0929","R022",1.81
"18907","V0929","R045",0.96
"18908","V0929","R010",3.17
"18909","V0929","R019",3.66
"18910","V0929","R012",3.11
"18911","V0929","R006",3.96
"18912","V0929","R043",4.1
"18913","V0929","R040",2.38
"18914","V0929","R014",2.93
"18915","V0929","R003",2.44
"18916","V0929","R046",2.76
"18917","V0929","R024",3.43
"18918","V0929","R028",2.65
"18919","V0929","R026",3.18
"18920","V0929","R031",4.59
"18921","V0929","R011",4.61
"18922","V0929","R008",2.82
"18923","V0929","R030",1.69
"18924","V0929","R037",1.86
"18925","V0930","R029",2.23
"18926","V0930","R018",3.37
"18927","V0930","R010",4.27
"18928","V0930","R025",3.47
"18929","V0930","R037",3.49
"18930","V0930","R041",3.04
"18931","V0930","R027",4.38
"18932","V0930","R012",4.5
"18933","V0930","R048",3.66
"18934","V0930","R047",3.27
"18935","V0930","R032",1.8
"18936","V0930","R023",1.87
"18937","V0930","R013",2.23
"18938","V0930","R004",3.98
"18939","V0930","R043",0.93
"18940","V0931","R026",2.29
"18941","V0931","R033",3.4
"18942","V0931","R009",4.22
"18943","V0931","R029",4.17
"18944","V0931","R005",2.38
"18945","V0931","R006",5.54
"18946","V0931","R028",3.71
"18947","V0931","R042",4.18
"18948","V0931","R020",3.93
"18949","V0931","R007",2.87
"18950","V0931","R044",5.15
"18951","V0932","R041",3.46
"18952","V0932","R017",3.34
"18953","V0932","R003",4.52
"18954","V0932","R030",1.41
"18955","V0932","R031",4
"18956","V0932","R011",2.7
"18957","V0932","R013",1.95
"18958","V0932","R050",1.97
"18959","V0932","R009",3.12
"18960","V0932","R027",2.38
"18961","V0932","R034",3.8
"18962","V0932","R006",4.05
"18963","V0932","R019",3.85
"18964","V0932","R012",2.79
"18965","V0932","R026",3.04
"18966","V0932","R014",4.19
"18967","V0932","R021",1.97
"18968","V0932","R024",4
"18969","V0932","R025",3.51
"18970","V0932","R046",2.66
"18971","V0932","R016",3.26
"18972","V0933","R039",2.95
"18973","V0933","R022",3.2
"18974","V0933","R031",5.28
"18975","V0933","R014",4.84
"18976","V0933","R005",4.08
"18977","V0933","R015",3.33
"18978","V0933","R043",4.91
"18979","V0933","R023",4.29
"18980","V0933","R035",4.53
"18981","V0933","R032",4.31
"18982","V0933","R050",3.95
"18983","V0933","R016",4.42
"18984","V0933","R025",2.59
"18985","V0933","R003",4.85
"18986","V0933","R046",3.99
"18987","V0933","R024",2.55
"18988","V0933","R018",4.54
"18989","V0933","R012",4.4
"18990","V0933","R004",5.24
"18991","V0933","R041",3.11
"18992","V0933","R020",3.38
"18993","V0933","R033",4.43
"18994","V0933","R044",3.56
"18995","V0933","R001",5.74
"18996","V0933","R047",3.07
"18997","V0933","R021",3.53
"18998","V0933","R027",2.41
"18999","V0933","R049",1.87
"19000","V0933","R048",2.94
"19001","V0933","R030",4.04
"19002","V0934","R038",2.61
"19003","V0934","R003",5.17
"19004","V0934","R009",3.43
"19005","V0934","R033",4.7
"19006","V0934","R041",5.5
"19007","V0934","R020",4.83
"19008","V0934","R011",4.16
"19009","V0934","R037",2.32
"19010","V0934","R044",3.53
"19011","V0934","R013",4.19
"19012","V0934","R043",3.14
"19013","V0934","R001",3.43
"19014","V0934","R012",3.8
"19015","V0934","R029",2.49
"19016","V0934","R022",0.96
"19017","V0934","R016",4.85
"19018","V0934","R025",5.14
"19019","V0934","R021",2.63
"19020","V0934","R040",2.69
"19021","V0934","R035",5.7
"19022","V0934","R046",3.65
"19023","V0934","R008",2.26
"19024","V0934","R047",3.99
"19025","V0934","R023",4.02
"19026","V0934","R027",3.95
"19027","V0934","R024",2.76
"19028","V0934","R050",3.07
"19029","V0934","R014",2.2
"19030","V0934","R036",3.51
"19031","V0935","R011",3.01
"19032","V0935","R035",2.93
"19033","V0935","R043",3.89
"19034","V0935","R016",3.54
"19035","V0935","R013",3.45
"19036","V0935","R045",1.88
"19037","V0935","R017",4.42
"19038","V0935","R032",2.17
"19039","V0935","R049",1.95
"19040","V0935","R050",2.55
"19041","V0935","R026",4.37
"19042","V0935","R006",4.48
"19043","V0935","R048",2.32
"19044","V0935","R020",4.41
"19045","V0935","R002",3.52
"19046","V0935","R005",2.96
"19047","V0936","R015",4.58
"19048","V0936","R025",4.24
"19049","V0936","R009",5.99
"19050","V0936","R022",3.26
"19051","V0936","R031",6.74
"19052","V0936","R027",4.89
"19053","V0936","R042",2.16
"19054","V0936","R007",4.61
"19055","V0936","R049",6.62
"19056","V0936","R034",5.15
"19057","V0936","R047",4.24
"19058","V0936","R013",3.25
"19059","V0936","R050",5.1
"19060","V0936","R044",5.08
"19061","V0936","R003",6.54
"19062","V0936","R005",5.41
"19063","V0936","R046",4.96
"19064","V0936","R040",4.98
"19065","V0936","R004",4.54
"19066","V0936","R041",5.72
"19067","V0936","R029",4.02
"19068","V0936","R012",7.52
"19069","V0936","R019",5.05
"19070","V0936","R035",4.44
"19071","V0936","R036",3.7
"19072","V0936","R002",4.23
"19073","V0936","R033",4.91
"19074","V0936","R024",6.52
"19075","V0937","R023",4.45
"19076","V0937","R037",2.6
"19077","V0937","R011",1.87
"19078","V0937","R042",3.49
"19079","V0937","R001",6.56
"19080","V0937","R010",5.57
"19081","V0937","R031",3.37
"19082","V0937","R007",4.98
"19083","V0937","R013",4.34
"19084","V0937","R050",4.47
"19085","V0938","R029",1.12
"19086","V0938","R031",2.76
"19087","V0938","R040",1.71
"19088","V0938","R004",4.3
"19089","V0938","R032",0.27
"19090","V0938","R048",3.89
"19091","V0938","R018",0.71
"19092","V0938","R028",1.79
"19093","V0938","R045",0.76
"19094","V0938","R005",1.1
"19095","V0938","R009",2.01
"19096","V0938","R027",2.09
"19097","V0938","R011",2.05
"19098","V0938","R020",1.44
"19099","V0938","R046",0.54
"19100","V0938","R044",2.04
"19101","V0938","R049",2.81
"19102","V0938","R038",2.79
"19103","V0938","R012",2.62
"19104","V0938","R017",2.49
"19105","V0938","R035",2.21
"19106","V0938","R007",3.06
"19107","V0938","R014",0.76
"19108","V0938","R008",0.9
"19109","V0938","R042",1.58
"19110","V0938","R023",3.69
"19111","V0938","R015",2.67
"19112","V0938","R006",1.23
"19113","V0938","R037",3.31
"19114","V0939","R037",4.57
"19115","V0939","R005",2.49
"19116","V0939","R014",3.18
"19117","V0939","R017",6
"19118","V0939","R025",5.07
"19119","V0939","R012",5.94
"19120","V0939","R031",4.05
"19121","V0939","R047",3.6
"19122","V0939","R004",3.71
"19123","V0939","R048",2.71
"19124","V0939","R042",5.17
"19125","V0939","R026",4.39
"19126","V0939","R041",2.91
"19127","V0939","R018",5.97
"19128","V0939","R020",4.61
"19129","V0939","R021",4.29
"19130","V0939","R033",3.44
"19131","V0939","R022",2.2
"19132","V0939","R003",4.34
"19133","V0939","R030",4.37
"19134","V0939","R006",3.42
"19135","V0939","R034",3.13
"19136","V0940","R008",2.63
"19137","V0940","R004",2.85
"19138","V0940","R026",4.07
"19139","V0940","R024",3.87
"19140","V0940","R049",2.64
"19141","V0940","R040",3.51
"19142","V0940","R050",3.74
"19143","V0940","R022",2.82
"19144","V0940","R041",4.76
"19145","V0940","R048",1.61
"19146","V0940","R028",3.19
"19147","V0940","R045",3.03
"19148","V0940","R030",2.4
"19149","V0940","R013",2.3
"19150","V0940","R018",3.62
"19151","V0941","R005",3.65
"19152","V0941","R022",2.78
"19153","V0941","R023",2.86
"19154","V0941","R027",3.05
"19155","V0941","R008",2.22
"19156","V0941","R040",1.92
"19157","V0941","R046",3.56
"19158","V0941","R013",3.62
"19159","V0941","R039",4.89
"19160","V0941","R009",2.47
"19161","V0941","R031",4.66
"19162","V0941","R043",4.72
"19163","V0941","R020",6.2
"19164","V0941","R032",3.27
"19165","V0941","R014",3.15
"19166","V0941","R017",4.52
"19167","V0941","R036",3.08
"19168","V0941","R021",3.18
"19169","V0941","R044",3.61
"19170","V0941","R034",2.17
"19171","V0941","R037",3.34
"19172","V0941","R048",2.67
"19173","V0941","R025",4.63
"19174","V0941","R028",1.44
"19175","V0942","R044",2.09
"19176","V0942","R024",3.85
"19177","V0942","R005",3.65
"19178","V0942","R015",3.04
"19179","V0942","R002",7.2
"19180","V0942","R012",6.69
"19181","V0942","R018",2.8
"19182","V0942","R011",4.32
"19183","V0942","R045",2.74
"19184","V0942","R046",6.6
"19185","V0942","R033",6.85
"19186","V0942","R006",2.86
"19187","V0943","R016",7.1
"19188","V0943","R030",3.64
"19189","V0943","R034",7.03
"19190","V0943","R011",5.03
"19191","V0943","R027",4.42
"19192","V0943","R042",2.71
"19193","V0943","R008",5.34
"19194","V0943","R048",4.28
"19195","V0943","R010",5.02
"19196","V0943","R024",5.14
"19197","V0943","R046",6.18
"19198","V0943","R007",5.58
"19199","V0943","R039",2.07
"19200","V0943","R026",5.46
"19201","V0943","R044",3.12
"19202","V0943","R037",4.99
"19203","V0943","R004",6.49
"19204","V0943","R022",2.89
"19205","V0943","R023",4.92
"19206","V0943","R018",3.55
"19207","V0943","R041",5.23
"19208","V0943","R050",5.44
"19209","V0943","R009",8.68
"19210","V0943","R001",4.65
"19211","V0943","R005",3.26
"19212","V0943","R025",3.77
"19213","V0943","R006",6.57
"19214","V0943","R002",4.72
"19215","V0944","R050",1.46
"19216","V0944","R015",1.73
"19217","V0944","R021",0.89
"19218","V0944","R004",1.6
"19219","V0944","R022",2.85
"19220","V0944","R005",3.06
"19221","V0944","R047",2.65
"19222","V0944","R008",1.78
"19223","V0944","R027",2.9
"19224","V0944","R031",2.87
"19225","V0944","R032",1.88
"19226","V0944","R025",1.95
"19227","V0944","R001",2.38
"19228","V0944","R033",3.44
"19229","V0944","R044",0.79
"19230","V0944","R007",4.44
"19231","V0944","R023",2.43
"19232","V0944","R042",1.99
"19233","V0944","R028",2.42
"19234","V0944","R045",1.81
"19235","V0944","R026",0.5
"19236","V0944","R046",2.77
"19237","V0945","R024",3.07
"19238","V0945","R009",3.16
"19239","V0945","R041",1.81
"19240","V0945","R013",2.78
"19241","V0945","R001",3.2
"19242","V0945","R045",4.01
"19243","V0945","R004",3.53
"19244","V0945","R035",3.63
"19245","V0945","R040",4.22
"19246","V0945","R019",2.43
"19247","V0945","R020",1.66
"19248","V0945","R003",3.46
"19249","V0945","R012",2.75
"19250","V0946","R029",2.79
"19251","V0946","R038",5.27
"19252","V0946","R034",3.7
"19253","V0946","R005",5.82
"19254","V0946","R008",2.3
"19255","V0946","R009",5.73
"19256","V0946","R041",4.2
"19257","V0946","R012",3.55
"19258","V0946","R011",5.68
"19259","V0946","R019",1.49
"19260","V0947","R047",4.62
"19261","V0947","R003",2.14
"19262","V0947","R043",3.18
"19263","V0947","R048",4.86
"19264","V0947","R041",2.62
"19265","V0947","R016",2.81
"19266","V0947","R034",3.34
"19267","V0947","R021",3.9
"19268","V0947","R037",3.98
"19269","V0947","R044",3.8
"19270","V0947","R018",0.89
"19271","V0947","R005",2.52
"19272","V0947","R006",2.19
"19273","V0947","R031",4.59
"19274","V0947","R038",1.44
"19275","V0948","R040",2.8
"19276","V0948","R032",4.53
"19277","V0948","R014",3.92
"19278","V0948","R050",3.81
"19279","V0948","R017",3.47
"19280","V0948","R022",1.26
"19281","V0948","R019",2.58
"19282","V0948","R003",2.2
"19283","V0948","R049",3.37
"19284","V0948","R030",3.96
"19285","V0948","R046",3.88
"19286","V0948","R039",1.58
"19287","V0948","R043",2.6
"19288","V0948","R009",3.02
"19289","V0948","R034",2.71
"19290","V0948","R037",3.78
"19291","V0948","R010",1.06
"19292","V0948","R021",3.94
"19293","V0948","R005",3.89
"19294","V0949","R019",2.87
"19295","V0949","R012",7.15
"19296","V0949","R041",5.38
"19297","V0949","R016",3.83
"19298","V0949","R018",3.98
"19299","V0949","R028",3.63
"19300","V0949","R030",4.26
"19301","V0949","R042",4.59
"19302","V0949","R013",3.28
"19303","V0949","R048",3.48
"19304","V0949","R026",5.53
"19305","V0949","R040",3.27
"19306","V0949","R046",5.38
"19307","V0949","R022",3.31
"19308","V0949","R024",3.7
"19309","V0949","R043",5.94
"19310","V0949","R007",5.05
"19311","V0949","R032",5.1
"19312","V0949","R047",2.75
"19313","V0949","R038",4.87
"19314","V0949","R009",5.56
"19315","V0949","R021",4.44
"19316","V0949","R008",4.25
"19317","V0949","R045",2.36
"19318","V0949","R002",3.13
"19319","V0950","R022",3.18
"19320","V0950","R044",3.84
"19321","V0950","R050",1.99
"19322","V0950","R005",2.73
"19323","V0950","R031",3.93
"19324","V0950","R028",3.62
"19325","V0950","R019",2.94
"19326","V0950","R015",2.82
"19327","V0950","R037",1.34
"19328","V0950","R033",5.02
"19329","V0950","R038",3.52
"19330","V0950","R049",3.14
"19331","V0950","R007",3.4
"19332","V0951","R034",2.4
"19333","V0951","R006",2.32
"19334","V0951","R037",1.14
"19335","V0951","R017",3.69
"19336","V0951","R011",3.94
"19337","V0951","R038",3.48
"19338","V0951","R019",2.41
"19339","V0951","R013",1.75
"19340","V0951","R015",3.7
"19341","V0951","R026",3.18
"19342","V0951","R027",2.1
"19343","V0952","R034",1.57
"19344","V0952","R012",3.68
"19345","V0952","R048",3.62
"19346","V0952","R004",4.36
"19347","V0952","R036",3.04
"19348","V0952","R023",4.62
"19349","V0952","R016",4.3
"19350","V0952","R002",3.45
"19351","V0952","R024",3.79
"19352","V0952","R006",2.77
"19353","V0953","R011",5.01
"19354","V0953","R028",2.75
"19355","V0953","R031",4.12
"19356","V0953","R040",3.43
"19357","V0953","R007",3.96
"19358","V0953","R035",3.67
"19359","V0953","R041",4.24
"19360","V0953","R006",5.32
"19361","V0953","R032",2.89
"19362","V0953","R043",4.49
"19363","V0953","R025",5.52
"19364","V0953","R008",3.14
"19365","V0953","R017",4.84
"19366","V0953","R049",4.46
"19367","V0953","R044",3.45
"19368","V0954","R013",2.13
"19369","V0954","R031",3.46
"19370","V0954","R039",4.04
"19371","V0954","R040",4.66
"19372","V0954","R043",3.38
"19373","V0954","R037",3.26
"19374","V0954","R024",3.84
"19375","V0954","R023",3.48
"19376","V0954","R026",2.07
"19377","V0954","R014",3.24
"19378","V0954","R049",2.18
"19379","V0954","R001",4.27
"19380","V0954","R015",3.52
"19381","V0954","R025",3.77
"19382","V0954","R011",3.34
"19383","V0954","R018",4.57
"19384","V0954","R002",4.34
"19385","V0954","R010",4.33
"19386","V0954","R044",2.89
"19387","V0954","R019",2.69
"19388","V0954","R008",3.51
"19389","V0954","R006",2.95
"19390","V0954","R003",4.24
"19391","V0954","R035",4.42
"19392","V0954","R033",3.75
"19393","V0955","R011",6.33
"19394","V0955","R018",3.56
"19395","V0955","R027",4.44
"19396","V0955","R045",3.5
"19397","V0955","R039",3.63
"19398","V0955","R040",3.21
"19399","V0955","R008",3.56
"19400","V0955","R026",3.58
"19401","V0955","R006",4.02
"19402","V0955","R023",2.23
"19403","V0955","R005",2.61
"19404","V0955","R012",4.24
"19405","V0955","R013",2.97
"19406","V0955","R004",5.73
"19407","V0955","R020",4.62
"19408","V0955","R036",3.14
"19409","V0955","R017",2.18
"19410","V0955","R031",6.17
"19411","V0955","R046",3.91
"19412","V0955","R035",3.4
"19413","V0955","R050",5.25
"19414","V0955","R032",4.97
"19415","V0955","R007",4.87
"19416","V0955","R024",4.63
"19417","V0955","R043",4.77
"19418","V0956","R036",2.31
"19419","V0956","R042",3.81
"19420","V0956","R012",2.66
"19421","V0956","R005",4.19
"19422","V0956","R045",2.92
"19423","V0956","R026",3.06
"19424","V0956","R041",2.38
"19425","V0956","R049",2.41
"19426","V0956","R025",1.86
"19427","V0956","R039",1.98
"19428","V0957","R030",2.13
"19429","V0957","R016",2.13
"19430","V0957","R048",3.36
"19431","V0957","R044",4.25
"19432","V0957","R026",2.72
"19433","V0957","R007",4.09
"19434","V0957","R038",4.29
"19435","V0957","R012",4.66
"19436","V0957","R049",1.76
"19437","V0957","R034",2.68
"19438","V0957","R004",3.39
"19439","V0957","R028",2.21
"19440","V0957","R011",3.54
"19441","V0957","R015",2.58
"19442","V0957","R020",4.64
"19443","V0957","R029",3.71
"19444","V0957","R010",1.26
"19445","V0957","R014",3.16
"19446","V0958","R049",5.05
"19447","V0958","R004",5.54
"19448","V0958","R024",3.72
"19449","V0958","R050",4.76
"19450","V0958","R039",2.3
"19451","V0958","R030",2.74
"19452","V0958","R025",5.72
"19453","V0958","R022",3.18
"19454","V0958","R035",5.08
"19455","V0958","R036",5.7
"19456","V0958","R015",4.06
"19457","V0958","R012",4
"19458","V0958","R045",3.04
"19459","V0958","R007",5.27
"19460","V0958","R047",4.3
"19461","V0958","R041",5.16
"19462","V0958","R013",5.11
"19463","V0958","R016",4.12
"19464","V0958","R040",3.93
"19465","V0958","R008",4.52
"19466","V0958","R027",3.77
"19467","V0958","R031",4.88
"19468","V0958","R023",6.02
"19469","V0958","R046",3.08
"19470","V0958","R005",2.72
"19471","V0958","R037",2.4
"19472","V0958","R038",3.75
"19473","V0959","R024",4.33
"19474","V0959","R030",3.33
"19475","V0959","R046",4.49
"19476","V0959","R034",5.86
"19477","V0959","R040",3.46
"19478","V0959","R010",2.89
"19479","V0959","R041",3.75
"19480","V0959","R035",3.88
"19481","V0959","R009",2.78
"19482","V0959","R023",4.5
"19483","V0959","R047",3
"19484","V0959","R038",3.36
"19485","V0959","R016",4.7
"19486","V0959","R001",4.45
"19487","V0959","R017",4.81
"19488","V0960","R014",0
"19489","V0960","R004",3.88
"19490","V0960","R049",1.94
"19491","V0960","R003",4.05
"19492","V0960","R036",0.55
"19493","V0960","R026",2.33
"19494","V0960","R037",1.46
"19495","V0960","R017",2.67
"19496","V0960","R005",2.54
"19497","V0960","R010",2.74
"19498","V0960","R015",0.43
"19499","V0960","R023",0
"19500","V0960","R041",2.81
"19501","V0960","R031",2.25
"19502","V0960","R007",2.59
"19503","V0961","R037",2.83
"19504","V0961","R020",3.46
"19505","V0961","R007",4.04
"19506","V0961","R028",2.24
"19507","V0961","R016",5.1
"19508","V0961","R036",1.87
"19509","V0961","R003",1.35
"19510","V0961","R019",2.06
"19511","V0961","R002",2.13
"19512","V0961","R031",3
"19513","V0961","R041",4.04
"19514","V0961","R029",2.38
"19515","V0961","R042",3.45
"19516","V0961","R033",3.57
"19517","V0961","R046",4.96
"19518","V0961","R045",2.85
"19519","V0961","R006",2.77
"19520","V0961","R021",3.41
"19521","V0961","R025",3.28
"19522","V0961","R014",2.35
"19523","V0962","R010",2.56
"19524","V0962","R024",5.41
"19525","V0962","R037",4.07
"19526","V0962","R039",1.87
"19527","V0962","R016",5.6
"19528","V0962","R007",4.7
"19529","V0962","R045",4.27
"19530","V0962","R042",4.18
"19531","V0962","R041",4.23
"19532","V0962","R031",5.12
"19533","V0962","R021",5.48
"19534","V0962","R033",3.77
"19535","V0963","R026",4.54
"19536","V0963","R003",4.72
"19537","V0963","R027",3.53
"19538","V0963","R014",4.94
"19539","V0963","R009",4.45
"19540","V0963","R029",3.31
"19541","V0963","R018",1.71
"19542","V0963","R042",4.5
"19543","V0963","R039",3.57
"19544","V0963","R037",4.45
"19545","V0963","R030",1.73
"19546","V0963","R010",3.62
"19547","V0963","R024",3.67
"19548","V0963","R038",3.12
"19549","V0963","R004",4.75
"19550","V0963","R050",6.08
"19551","V0963","R044",3.42
"19552","V0964","R026",3.96
"19553","V0964","R032",2.19
"19554","V0964","R029",1.9
"19555","V0964","R016",3.29
"19556","V0964","R034",4.13
"19557","V0964","R021",4.61
"19558","V0964","R005",4.61
"19559","V0964","R030",3.24
"19560","V0964","R048",4.61
"19561","V0964","R014",3.44
"19562","V0964","R002",4.79
"19563","V0964","R008",3.62
"19564","V0964","R043",4.16
"19565","V0964","R037",3.27
"19566","V0964","R025",4.8
"19567","V0964","R004",4.87
"19568","V0964","R022",3.07
"19569","V0964","R049",2.27
"19570","V0964","R042",3.32
"19571","V0964","R009",4.08
"19572","V0965","R004",2.81
"19573","V0965","R045",2.41
"19574","V0965","R040",4.1
"19575","V0965","R003",3.05
"19576","V0965","R039",2.34
"19577","V0965","R038",0.55
"19578","V0965","R028",3.05
"19579","V0965","R012",1.52
"19580","V0965","R033",1.99
"19581","V0965","R009",2.1
"19582","V0965","R048",3.25
"19583","V0965","R007",1.98
"19584","V0965","R034",2.86
"19585","V0965","R043",2.26
"19586","V0965","R026",2.77
"19587","V0965","R047",3.23
"19588","V0965","R013",2.12
"19589","V0965","R025",2.75
"19590","V0965","R010",2.36
"19591","V0965","R036",4.37
"19592","V0965","R017",2.82
"19593","V0965","R049",3.92
"19594","V0965","R021",0.8
"19595","V0965","R050",3.19
"19596","V0965","R037",1.03
"19597","V0965","R035",1.85
"19598","V0965","R024",2.27
"19599","V0965","R041",2.45
"19600","V0966","R036",2.45
"19601","V0966","R011",5.09
"19602","V0966","R035",4.59
"19603","V0966","R026",4.3
"19604","V0966","R007",3.61
"19605","V0966","R018",4.5
"19606","V0966","R032",2.09
"19607","V0966","R034",2.34
"19608","V0966","R003",3.38
"19609","V0966","R047",1.88
"19610","V0966","R038",3.18
"19611","V0966","R029",2.24
"19612","V0966","R009",2.75
"19613","V0966","R021",2.49
"19614","V0966","R037",2.53
"19615","V0966","R046",3.61
"19616","V0966","R020",3.27
"19617","V0966","R048",4.23
"19618","V0966","R004",4.29
"19619","V0966","R042",3.96
"19620","V0966","R049",3.53
"19621","V0966","R028",1.65
"19622","V0966","R040",2.38
"19623","V0966","R023",3.52
"19624","V0966","R045",3.18
"19625","V0966","R014",4.85
"19626","V0966","R017",4.74
"19627","V0966","R030",3.08
"19628","V0966","R006",4.32
"19629","V0967","R030",3.5
"19630","V0967","R019",2.83
"19631","V0967","R023",2.5
"19632","V0967","R045",2.54
"19633","V0967","R048",2.53
"19634","V0967","R032",2.7
"19635","V0967","R006",2.95
"19636","V0967","R001",3.62
"19637","V0967","R039",1.19
"19638","V0967","R049",0.97
"19639","V0967","R047",3.96
"19640","V0967","R021",1.42
"19641","V0967","R038",4.14
"19642","V0967","R026",3.14
"19643","V0967","R035",1.87
"19644","V0967","R046",1.83
"19645","V0967","R013",2.61
"19646","V0967","R024",4.62
"19647","V0967","R044",3.09
"19648","V0967","R022",1.84
"19649","V0967","R015",3.21
"19650","V0967","R028",1.94
"19651","V0967","R017",2.31
"19652","V0967","R040",1.89
"19653","V0967","R031",2.62
"19654","V0968","R005",3.56
"19655","V0968","R024",3.72
"19656","V0968","R006",3.76
"19657","V0968","R031",6.99
"19658","V0968","R035",5.25
"19659","V0968","R013",4.03
"19660","V0968","R040",3.79
"19661","V0968","R017",2.58
"19662","V0968","R041",5.05
"19663","V0968","R046",3.64
"19664","V0968","R003",1.78
"19665","V0968","R043",2.66
"19666","V0968","R034",2.8
"19667","V0968","R027",4.55
"19668","V0968","R029",3.1
"19669","V0968","R019",3.72
"19670","V0968","R042",0.66
"19671","V0968","R033",2.88
"19672","V0968","R004",4.62
"19673","V0968","R010",3.05
"19674","V0968","R007",3.26
"19675","V0968","R039",2.2
"19676","V0968","R028",2.63
"19677","V0968","R021",2.94
"19678","V0968","R001",0.63
"19679","V0968","R015",3.41
"19680","V0968","R032",3.93
"19681","V0968","R012",5.83
"19682","V0968","R002",2.71
"19683","V0969","R005",2.92
"19684","V0969","R016",2.93
"19685","V0969","R017",3.96
"19686","V0969","R045",1.01
"19687","V0969","R032",4.39
"19688","V0969","R018",2.69
"19689","V0969","R014",4.53
"19690","V0969","R038",3.44
"19691","V0969","R039",3.78
"19692","V0969","R001",2.04
"19693","V0969","R041",4.05
"19694","V0969","R027",3.08
"19695","V0969","R019",4.01
"19696","V0969","R012",2.86
"19697","V0969","R040",2.81
"19698","V0969","R004",2.02
"19699","V0969","R003",2.41
"19700","V0970","R007",3.16
"19701","V0970","R019",1.75
"19702","V0970","R003",3.1
"19703","V0970","R039",1.73
"19704","V0970","R046",3.49
"19705","V0970","R049",2.04
"19706","V0970","R025",3.36
"19707","V0970","R048",3.32
"19708","V0970","R050",2.02
"19709","V0970","R004",2.54
"19710","V0970","R022",1.69
"19711","V0970","R002",0.7
"19712","V0970","R036",2.61
"19713","V0970","R008",2.46
"19714","V0970","R024",4.06
"19715","V0970","R016",2.76
"19716","V0970","R028",2.39
"19717","V0970","R033",2.78
"19718","V0970","R001",3.22
"19719","V0970","R012",2.86
"19720","V0970","R010",0.82
"19721","V0970","R030",2.89
"19722","V0970","R041",2.34
"19723","V0970","R020",1.91
"19724","V0970","R026",1.66
"19725","V0970","R040",1.91
"19726","V0970","R044",1.86
"19727","V0971","R027",4.47
"19728","V0971","R029",3.88
"19729","V0971","R037",3.83
"19730","V0971","R002",1.66
"19731","V0971","R018",3.11
"19732","V0971","R033",4.99
"19733","V0971","R009",2.72
"19734","V0971","R008",3.95
"19735","V0971","R034",3.87
"19736","V0971","R015",1.99
"19737","V0971","R023",5.47
"19738","V0971","R006",4.42
"19739","V0971","R030",2.65
"19740","V0971","R007",4.4
"19741","V0971","R028",3.52
"19742","V0971","R050",2.83
"19743","V0971","R020",3.82
"19744","V0971","R001",5.27
"19745","V0972","R012",7.45
"19746","V0972","R002",5.04
"19747","V0972","R042",3.14
"19748","V0972","R006",4.83
"19749","V0972","R009",6.86
"19750","V0972","R003",5.06
"19751","V0972","R025",8.14
"19752","V0972","R005",5.84
"19753","V0972","R014",6.09
"19754","V0972","R008",3.38
"19755","V0972","R032",6.28
"19756","V0972","R011",4.73
"19757","V0972","R034",5.77
"19758","V0972","R036",2.07
"19759","V0972","R004",5.01
"19760","V0972","R024",6.87
"19761","V0972","R027",5.89
"19762","V0972","R020",6.3
"19763","V0972","R013",2.56
"19764","V0973","R031",3.69
"19765","V0973","R003",2.55
"19766","V0973","R029",2.71
"19767","V0973","R008",2.26
"19768","V0973","R004",3.33
"19769","V0973","R040",3.74
"19770","V0973","R050",1.67
"19771","V0973","R046",2.45
"19772","V0973","R007",4.01
"19773","V0973","R014",2.74
"19774","V0973","R019",3.24
"19775","V0973","R048",2.83
"19776","V0973","R016",2.74
"19777","V0973","R045",2.89
"19778","V0973","R044",3.29
"19779","V0973","R036",4.4
"19780","V0973","R013",1.77
"19781","V0973","R041",3.09
"19782","V0973","R010",1.66
"19783","V0973","R005",2.75
"19784","V0973","R047",2.58
"19785","V0973","R032",1.46
"19786","V0973","R035",2.48
"19787","V0974","R037",1.63
"19788","V0974","R009",3.51
"19789","V0974","R036",1.29
"19790","V0974","R032",4.38
"19791","V0974","R011",2.49
"19792","V0974","R038",5.72
"19793","V0974","R044",2.57
"19794","V0974","R049",3.84
"19795","V0974","R025",2.5
"19796","V0974","R028",2.75
"19797","V0974","R003",2.19
"19798","V0974","R050",2.63
"19799","V0974","R039",4.12
"19800","V0974","R018",4.21
"19801","V0974","R005",1.97
"19802","V0974","R026",3.5
"19803","V0974","R043",2.68
"19804","V0975","R029",1.36
"19805","V0975","R034",3.92
"19806","V0975","R040",3.22
"19807","V0975","R035",3.65
"19808","V0975","R007",2.7
"19809","V0975","R047",2.93
"19810","V0975","R027",3.1
"19811","V0975","R032",4.53
"19812","V0975","R023",3.46
"19813","V0975","R016",4.47
"19814","V0975","R026",5.92
"19815","V0975","R037",4.38
"19816","V0975","R030",3.11
"19817","V0975","R012",3.83
"19818","V0975","R014",4.67
"19819","V0975","R042",1.98
"19820","V0975","R003",1.01
"19821","V0975","R039",2.8
"19822","V0975","R010",3.55
"19823","V0975","R048",3.97
"19824","V0975","R043",2.95
"19825","V0975","R018",5.36
"19826","V0975","R028",2.6
"19827","V0975","R041",2.97
"19828","V0975","R025",2.3
"19829","V0975","R024",1.25
"19830","V0976","R031",4.69
"19831","V0976","R022",2.07
"19832","V0976","R042",0.18
"19833","V0976","R004",5.13
"19834","V0976","R001",1.56
"19835","V0976","R039",3.57
"19836","V0976","R036",3.63
"19837","V0976","R048",4.8
"19838","V0976","R015",3.52
"19839","V0976","R008",2.35
"19840","V0976","R043",3.44
"19841","V0976","R047",4.4
"19842","V0977","R049",1.78
"19843","V0977","R041",2.53
"19844","V0977","R033",4.37
"19845","V0977","R010",3.56
"19846","V0977","R006",2.37
"19847","V0977","R044",3.57
"19848","V0977","R007",4.1
"19849","V0977","R018",2.15
"19850","V0977","R020",3.18
"19851","V0977","R045",1.57
"19852","V0977","R034",2.9
"19853","V0977","R031",4.78
"19854","V0977","R022",0.95
"19855","V0978","R013",5.06
"19856","V0978","R042",4.8
"19857","V0978","R024",2.49
"19858","V0978","R043",5.86
"19859","V0978","R017",3.35
"19860","V0978","R009",4.72
"19861","V0978","R044",2.54
"19862","V0978","R021",1.89
"19863","V0978","R003",4.75
"19864","V0978","R038",4.63
"19865","V0978","R015",4.33
"19866","V0978","R046",4.71
"19867","V0978","R016",3.34
"19868","V0978","R040",5.03
"19869","V0978","R037",4.78
"19870","V0978","R006",4.62
"19871","V0978","R004",4.02
"19872","V0978","R022",4.23
"19873","V0978","R023",5.65
"19874","V0978","R011",5.58
"19875","V0978","R008",4.5
"19876","V0978","R001",4.71
"19877","V0978","R005",6.7
"19878","V0978","R034",4.52
"19879","V0978","R029",3.82
"19880","V0979","R029",2.37
"19881","V0979","R041",4.72
"19882","V0979","R003",4.03
"19883","V0979","R032",2.46
"19884","V0979","R025",3.02
"19885","V0979","R047",4.09
"19886","V0979","R028",3.04
"19887","V0979","R012",1.98
"19888","V0979","R011",2.86
"19889","V0979","R044",3.51
"19890","V0979","R023",4.88
"19891","V0979","R040",3.09
"19892","V0979","R005",2.49
"19893","V0979","R049",3.32
"19894","V0979","R034",3.86
"19895","V0979","R042",2.6
"19896","V0979","R016",2.44
"19897","V0979","R030",1.95
"19898","V0979","R048",2.25
"19899","V0979","R014",3.6
"19900","V0979","R020",4.29
"19901","V0979","R006",2.53
"19902","V0979","R015",3.42
"19903","V0979","R045",2.48
"19904","V0980","R035",3.81
"19905","V0980","R017",1.81
"19906","V0980","R023",5.21
"19907","V0980","R019",1.94
"19908","V0980","R030",4.25
"19909","V0980","R050",4.2
"19910","V0980","R025",2.94
"19911","V0980","R022",4.66
"19912","V0980","R026",3.87
"19913","V0980","R012",5.36
"19914","V0980","R047",2.57
"19915","V0980","R045",4.48
"19916","V0980","R014",2.74
"19917","V0980","R002",4.98
"19918","V0980","R020",4.2
"19919","V0980","R032",3.11
"19920","V0980","R018",2.84
"19921","V0980","R007",4.28
"19922","V0980","R016",3.57
"19923","V0980","R048",3.89
"19924","V0980","R011",4.16
"19925","V0980","R028",3.18
"19926","V0980","R037",2.86
"19927","V0980","R005",4.35
"19928","V0980","R029",3.52
"19929","V0980","R024",4.43
"19930","V0980","R034",1.63
"19931","V0980","R040",4.83
"19932","V0980","R049",1.75
"19933","V0981","R042",3.78
"19934","V0981","R050",3.89
"19935","V0981","R037",3.55
"19936","V0981","R029",5.88
"19937","V0981","R015",5.06
"19938","V0981","R026",3.24
"19939","V0981","R024",4.34
"19940","V0981","R006",5.19
"19941","V0981","R008",4.38
"19942","V0981","R025",4.05
"19943","V0981","R048",5.9
"19944","V0981","R009",4.96
"19945","V0981","R013",2.68
"19946","V0981","R028",0.97
"19947","V0982","R024",3.16
"19948","V0982","R023",1.94
"19949","V0982","R048",2.37
"19950","V0982","R010",3.86
"19951","V0982","R025",3.09
"19952","V0982","R016",5.13
"19953","V0982","R006",2.9
"19954","V0982","R013",3.56
"19955","V0982","R022",4.89
"19956","V0982","R041",4.98
"19957","V0982","R034",3.87
"19958","V0982","R003",3.22
"19959","V0982","R014",3.72
"19960","V0982","R002",3.07
"19961","V0982","R033",4.62
"19962","V0982","R027",4.84
"19963","V0983","R050",1.48
"19964","V0983","R022",2.57
"19965","V0983","R001",3.28
"19966","V0983","R018",2.43
"19967","V0983","R009",3.63
"19968","V0983","R003",2.31
"19969","V0983","R012",1.63
"19970","V0983","R033",3.14
"19971","V0983","R004",2.16
"19972","V0983","R023",4.13
"19973","V0983","R010",4.58
"19974","V0983","R024",2.56
"19975","V0983","R025",3.56
"19976","V0983","R020",4
"19977","V0983","R005",3.79
"19978","V0983","R032",0
"19979","V0983","R037",2.66
"19980","V0983","R034",2.83
"19981","V0983","R013",3.12
"19982","V0983","R035",2.17
"19983","V0983","R008",3.05
"19984","V0984","R024",5.29
"19985","V0984","R021",4.46
"19986","V0984","R048",3.88
"19987","V0984","R039",5.68
"19988","V0984","R011",5.39
"19989","V0984","R022",2.99
"19990","V0984","R019",1.98
"19991","V0984","R013",3.73
"19992","V0984","R032",4.26
"19993","V0984","R007",5.21
"19994","V0984","R034",4.21
"19995","V0984","R020",5.91
"19996","V0984","R031",5.27
"19997","V0984","R029",6.11
"19998","V0984","R047",4.46
"19999","V0984","R044",5.03
"20000","V0984","R012",7.32
"20001","V0985","R022",3.19
"20002","V0985","R017",2.88
"20003","V0985","R023",5
"20004","V0985","R021",2.24
"20005","V0985","R011",6.16
"20006","V0985","R044",4.26
"20007","V0985","R046",2.65
"20008","V0985","R016",3.67
"20009","V0985","R010",3.14
"20010","V0985","R020",4.78
"20011","V0985","R041",4.03
"20012","V0985","R012",5.41
"20013","V0985","R033",4.23
"20014","V0985","R034",5.14
"20015","V0985","R005",4.35
"20016","V0985","R001",5.68
"20017","V0985","R009",4.1
"20018","V0985","R028",2.09
"20019","V0985","R031",3.95
"20020","V0985","R002",3.78
"20021","V0985","R032",4.32
"20022","V0985","R027",3.38
"20023","V0985","R048",4.19
"20024","V0985","R019",2.9
"20025","V0985","R039",0.99
"20026","V0985","R025",5.22
"20027","V0985","R043",2.94
"20028","V0985","R035",3.64
"20029","V0985","R038",3.56
"20030","V0986","R039",2.59
"20031","V0986","R018",3.14
"20032","V0986","R030",1.91
"20033","V0986","R029",2.13
"20034","V0986","R026",2.77
"20035","V0986","R001",5.01
"20036","V0986","R002",3.01
"20037","V0986","R006",3.82
"20038","V0986","R017",2.92
"20039","V0986","R043",1.67
"20040","V0986","R020",5.4
"20041","V0986","R004",5.33
"20042","V0987","R036",1.64
"20043","V0987","R016",4.77
"20044","V0987","R015",2.95
"20045","V0987","R039",1.4
"20046","V0987","R024",3.6
"20047","V0987","R012",3.71
"20048","V0987","R028",2.78
"20049","V0987","R050",4.61
"20050","V0987","R006",3.09
"20051","V0987","R019",1.84
"20052","V0987","R020",2.93
"20053","V0987","R049",4.8
"20054","V0987","R044",3.67
"20055","V0988","R030",4.47
"20056","V0988","R045",3.34
"20057","V0988","R023",1.59
"20058","V0988","R026",1.74
"20059","V0988","R035",2.92
"20060","V0988","R017",3.26
"20061","V0988","R029",2.28
"20062","V0988","R049",2.57
"20063","V0988","R021",3.3
"20064","V0988","R019",2.87
"20065","V0988","R014",2.43
"20066","V0988","R032",3.89
"20067","V0988","R001",1.62
"20068","V0988","R008",2.48
"20069","V0988","R004",3.34
"20070","V0988","R044",4.12
"20071","V0988","R037",1.94
"20072","V0988","R018",4.08
"20073","V0988","R040",2.98
"20074","V0989","R022",0.64
"20075","V0989","R028",1.51
"20076","V0989","R001",3.61
"20077","V0989","R037",3.22
"20078","V0989","R031",3.53
"20079","V0989","R029",1.99
"20080","V0989","R048",2.55
"20081","V0989","R027",2
"20082","V0989","R025",2.86
"20083","V0989","R012",3.58
"20084","V0989","R009",3.3
"20085","V0989","R049",2.7
"20086","V0989","R050",2.22
"20087","V0989","R036",1.79
"20088","V0989","R005",3.82
"20089","V0989","R019",2.48
"20090","V0989","R026",2.32
"20091","V0989","R018",4.43
"20092","V0989","R015",2
"20093","V0989","R016",2.26
"20094","V0989","R030",2.08
"20095","V0990","R025",2.28
"20096","V0990","R016",2.35
"20097","V0990","R050",1.29
"20098","V0990","R037",2.79
"20099","V0990","R014",3.36
"20100","V0990","R036",2.49
"20101","V0990","R018",3.38
"20102","V0990","R048",1.39
"20103","V0990","R024",4.16
"20104","V0990","R022",2.46
"20105","V0990","R015",2.55
"20106","V0990","R012",2.61
"20107","V0990","R013",3.24
"20108","V0990","R030",5.16
"20109","V0990","R031",2.69
"20110","V0990","R034",1.79
"20111","V0990","R005",3
"20112","V0990","R038",3.13
"20113","V0990","R010",3.03
"20114","V0991","R021",2.07
"20115","V0991","R004",3.51
"20116","V0991","R020",1.79
"20117","V0991","R014",2.2
"20118","V0991","R025",2.07
"20119","V0991","R007",2.4
"20120","V0991","R029",3.3
"20121","V0991","R008",3.37
"20122","V0991","R012",3.44
"20123","V0991","R011",3.06
"20124","V0991","R039",1.56
"20125","V0991","R037",1.34
"20126","V0991","R027",2.43
"20127","V0991","R043",2.81
"20128","V0991","R002",3.68
"20129","V0991","R022",4.15
"20130","V0991","R049",3.05
"20131","V0991","R035",4.04
"20132","V0991","R013",2.72
"20133","V0991","R041",4.19
"20134","V0991","R026",1.54
"20135","V0991","R009",2.65
"20136","V0992","R045",3.6
"20137","V0992","R021",4.03
"20138","V0992","R014",4.37
"20139","V0992","R006",4.87
"20140","V0992","R001",5.56
"20141","V0992","R020",5.49
"20142","V0992","R049",4.17
"20143","V0992","R007",4.92
"20144","V0992","R033",4.47
"20145","V0992","R042",3.13
"20146","V0992","R024",3.96
"20147","V0992","R027",4.2
"20148","V0992","R043",3.45
"20149","V0992","R018",3.27
"20150","V0992","R048",4.29
"20151","V0992","R013",3.58
"20152","V0992","R010",4.72
"20153","V0992","R011",5.31
"20154","V0992","R005",4.55
"20155","V0992","R025",5.39
"20156","V0992","R036",1.51
"20157","V0993","R030",2.57
"20158","V0993","R020",3.32
"20159","V0993","R040",3.15
"20160","V0993","R046",2.35
"20161","V0993","R022",0.56
"20162","V0993","R011",3.07
"20163","V0993","R025",2.84
"20164","V0993","R035",3.61
"20165","V0993","R003",5.55
"20166","V0993","R015",1.86
"20167","V0993","R013",2.32
"20168","V0993","R024",3.55
"20169","V0993","R049",1.87
"20170","V0993","R006",2.99
"20171","V0993","R044",3.31
"20172","V0993","R039",2.16
"20173","V0993","R005",2.23
"20174","V0993","R017",1.69
"20175","V0993","R031",1.24
"20176","V0993","R019",0
"20177","V0993","R047",2.49
"20178","V0993","R045",2.55
"20179","V0994","R005",3.9
"20180","V0994","R045",4.01
"20181","V0994","R023",4.29
"20182","V0994","R022",2.29
"20183","V0994","R010",3.75
"20184","V0994","R033",4.63
"20185","V0994","R030",3.38
"20186","V0994","R049",3.77
"20187","V0994","R024",1.52
"20188","V0994","R038",3.13
"20189","V0994","R025",4.28
"20190","V0994","R011",3.7
"20191","V0994","R016",5.62
"20192","V0994","R027",3.7
"20193","V0995","R002",3.73
"20194","V0995","R017",3.94
"20195","V0995","R026",2.93
"20196","V0995","R009",3.03
"20197","V0995","R030",4.18
"20198","V0995","R015",1.9
"20199","V0995","R042",1.84
"20200","V0995","R050",1.9
"20201","V0995","R006",2.82
"20202","V0995","R018",1.24
"20203","V0995","R008",2.97
"20204","V0995","R007",1.85
"20205","V0995","R041",3.28
"20206","V0995","R004",4.53
"20207","V0995","R014",3.45
"20208","V0995","R024",3.1
"20209","V0995","R032",4.8
"20210","V0995","R034",3.38
"20211","V0995","R027",3.68
"20212","V0995","R011",0.86
"20213","V0995","R037",2.63
"20214","V0995","R001",3.15
"20215","V0995","R035",3.98
"20216","V0995","R031",3.93
"20217","V0995","R043",2.85
"20218","V0996","R023",4.43
"20219","V0996","R012",4.51
"20220","V0996","R022",4.38
"20221","V0996","R007",5.66
"20222","V0996","R016",4.14
"20223","V0996","R047",2.74
"20224","V0996","R034",3.57
"20225","V0996","R009",3.67
"20226","V0996","R035",4.12
"20227","V0996","R036",2.07
"20228","V0996","R020",3.36
"20229","V0996","R008",4.78
"20230","V0996","R010",5.15
"20231","V0996","R017",4.67
"20232","V0996","R013",4.05
"20233","V0997","R048",4.38
"20234","V0997","R012",4.54
"20235","V0997","R030",4.03
"20236","V0997","R001",4.38
"20237","V0997","R033",3.16
"20238","V0997","R046",4.62
"20239","V0997","R017",3.51
"20240","V0997","R045",1.77
"20241","V0997","R014",4.51
"20242","V0997","R047",4.94
"20243","V0997","R027",5.09
"20244","V0997","R041",4.92
"20245","V0997","R031",5.98
"20246","V0997","R008",4.15
"20247","V0997","R013",3.66
"20248","V0997","R039",2.96
"20249","V0997","R035",4.7
"20250","V0997","R043",4.29
"20251","V0997","R019",4.82
"20252","V0997","R028",4.57
"20253","V0997","R050",4.28
"20254","V0997","R004",5.2
"20255","V0997","R044",5.56
"20256","V0997","R016",4.36
"20257","V0997","R026",3.38
"20258","V0997","R022",3.44
"20259","V0998","R008",1.57
"20260","V0998","R050",2.3
"20261","V0998","R016",2.82
"20262","V0998","R049",3.48
"20263","V0998","R043",4.89
"20264","V0998","R033",4.75
"20265","V0998","R034",2.59
"20266","V0998","R027",4.28
"20267","V0998","R023",4.39
"20268","V0998","R046",2.5
"20269","V0998","R001",4.69
"20270","V0998","R026",4.61
"20271","V0998","R006",3.88
"20272","V0998","R013",4.37
"20273","V0998","R011",2.58
"20274","V0998","R025",2.1
"20275","V0998","R002",4.53
"20276","V0998","R028",2.55
"20277","V0998","R044",2.43
"20278","V0999","R005",3
"20279","V0999","R050",2.44
"20280","V0999","R023",4.8
"20281","V0999","R003",5.04
"20282","V0999","R007",5.2
"20283","V0999","R026",4.11
"20284","V0999","R043",5.81
"20285","V0999","R017",4.36
"20286","V0999","R037",2.99
"20287","V0999","R019",2.17
"20288","V0999","R045",2.82
"20289","V1000","R027",5.5
"20290","V1000","R049",3.73
"20291","V1000","R007",4.01
"20292","V1000","R035",2.95
"20293","V1000","R024",3.84
"20294","V1000","R046",2.98
"20295","V1000","R008",2.88
"20296","V1000","R012",4.14
"20297","V1000","R038",3.48
"20298","V1000","R048",3.74
"20299","V1000","R041",5.92
"20300","V1000","R002",2.67
"20301","V1000","R044",4.12
"20302","V1000","R014",2.83
"20303","V1000","R031",3.06
"20304","V1000","R011",4.29
"20305","V1000","R042",5.26
"20306","V1000","R029",2.4
"20307","V1000","R021",1.96
"20308","V1000","R016",3.61
"20309","V1000","R036",3.93
"20310","V1000","R033",2.48
"20311","V1000","R010",2.6
"20312","V1000","R017",4.43
"20313","V1000","R039",4.33
"20314","V1000","R015",2.92
